patient_id,week_number,week_date,age,primary_condition,discharge_risk_pct,weight_change_kg,adherence_pct,refill_status,followup_status,sbp,heart_rate,spo2,readmitted_30d,readmit_visit_flag
P100000,1,2025-08-12,38,Diabetes,13.0,0.8,75,missed,attended,126,86,96,0,N
P100000,2,2025-08-19,38,Diabetes,13.0,2.3,73,collected,attended,135,79,98,0,N
P100000,3,2025-08-26,38,Diabetes,13.0,2.2,93,collected,attended,143,86,93,0,N
P100000,4,2025-09-02,38,Diabetes,13.0,1.1,90,collected,attended,94,75,92,0,N
P100001,1,2025-04-13,70,Other,16.8,-0.7,100,collected,scheduled,138,72,97,0,N
P100001,2,2025-04-20,70,Other,16.8,-0.9,86,collected,scheduled,142,87,92,0,N
P100001,3,2025-04-27,70,Other,16.8,-1.2,79,collected,attended,150,58,93,0,N
P100001,4,2025-05-04,70,Other,16.8,-1.5,87,missed,scheduled,124,77,96,0,N
P100002,1,2024-06-10,45,Other,25.0,0.8,87,collected,attended,130,63,95,1,N
P100002,2,2024-06-17,45,Other,25.0,0.9,96,missed,attended,90,81,94,1,N
P100002,3,2024-06-24,45,Other,25.0,1.0,84,collected,scheduled,124,70,94,1,Y
P100002,4,2024-07-01,45,Other,25.0,0.1,73,collected,attended,122,75,94,1,Y
P100003,1,2024-05-16,62,Kidney disease,23.1,-1.1,95,collected,scheduled,148,91,94,0,N
P100003,2,2024-05-23,62,Kidney disease,23.1,-1.1,94,collected,attended,119,82,100,0,N
P100003,3,2024-05-30,62,Kidney disease,23.1,-0.8,73,collected,attended,123,115,95,0,N
P100003,4,2024-06-06,62,Kidney disease,23.1,-0.6,75,collected,attended,135,89,96,0,N
P100004,1,2024-03-23,55,COPD,18.2,0.1,89,collected,attended,129,59,96,0,N
P100004,2,2024-03-30,55,COPD,18.2,-0.9,98,collected,scheduled,158,91,99,0,N
P100004,3,2024-04-06,55,COPD,18.2,-0.9,90,collected,attended,101,78,93,0,N
P100004,4,2024-04-13,55,COPD,18.2,-0.6,82,collected,attended,114,99,95,0,N
P100005,1,2025-07-16,57,Diabetes,23.1,0.4,78,collected,missed,142,81,95,0,N
P100005,2,2025-07-23,57,Diabetes,23.1,0.7,74,missed,attended,147,91,96,0,N
P100005,3,2025-07-30,57,Diabetes,23.1,1.7,69,late,attended,144,93,93,0,N
P100005,4,2025-08-06,57,Diabetes,23.1,1.7,71,collected,scheduled,146,95,93,0,N
P100006,1,2024-09-08,68,Hip fracture,16.8,0.3,100,collected,attended,161,72,99,0,N
P100006,2,2024-09-15,68,Hip fracture,16.8,-0.3,77,late,scheduled,156,84,97,0,N
P100006,3,2024-09-22,68,Hip fracture,16.8,0.1,89,missed,attended,131,85,92,0,N
P100006,4,2024-09-29,68,Hip fracture,16.8,0.1,80,collected,scheduled,125,81,94,0,N
P100007,1,2025-06-07,53,Other,26.9,-0.9,78,collected,scheduled,107,86,96,0,N
P100007,2,2025-06-14,53,Other,26.9,0.3,91,collected,attended,129,81,96,0,N
P100007,3,2025-06-21,53,Other,26.9,1.1,93,collected,attended,140,100,99,0,N
P100007,4,2025-06-28,53,Other,26.9,0.7,96,collected,attended,124,76,99,0,N
P100008,1,2024-08-01,74,Other,25.0,-0.2,83,collected,attended,147,79,96,0,N
P100008,2,2024-08-08,74,Other,25.0,-0.7,100,collected,attended,141,53,98,0,N
P100008,3,2024-08-15,74,Other,25.0,-0.7,68,collected,attended,135,95,94,0,N
P100008,4,2024-08-22,74,Other,25.0,0.1,74,collected,attended,159,81,95,0,N
P100009,1,2024-08-16,43,Other,19.8,-0.3,88,collected,missed,140,90,94,1,N
P100009,2,2024-08-23,43,Other,19.8,0.4,86,collected,attended,147,87,95,1,N
P100009,3,2024-08-30,43,Other,19.8,1.3,89,collected,missed,154,63,99,1,Y
P100009,4,2024-09-06,43,Other,19.8,1.3,96,missed,attended,126,74,97,1,Y
P100010,1,2024-04-11,69,Kidney disease,18.2,-0.2,91,collected,attended,138,87,97,1,N
P100010,2,2024-04-18,69,Kidney disease,18.2,0.4,80,collected,scheduled,156,65,100,1,N
P100010,3,2024-04-25,69,Kidney disease,18.2,0.6,100,missed,scheduled,142,77,95,1,Y
P100010,4,2024-05-02,69,Kidney disease,18.2,2.3,100,collected,attended,126,70,95,1,Y
P100011,1,2025-05-07,61,Pneumonia,18.2,0.5,100,collected,attended,139,66,96,0,N
P100011,2,2025-05-14,61,Pneumonia,18.2,0.5,85,collected,missed,133,84,96,0,N
P100011,3,2025-05-21,61,Pneumonia,18.2,0.4,89,collected,attended,131,77,96,0,N
P100011,4,2025-05-28,61,Pneumonia,18.2,0.6,94,collected,scheduled,146,82,95,0,N
P100012,1,2025-07-05,86,Other,28.9,0.1,80,collected,attended,140,68,94,0,N
P100012,2,2025-07-12,86,Other,28.9,-0.9,84,collected,attended,118,88,98,0,N
P100012,3,2025-07-19,86,Other,28.9,-0.2,91,late,attended,121,69,96,0,N
P100012,4,2025-07-26,86,Other,28.9,-0.2,90,missed,scheduled,135,77,94,0,N
P100013,1,2025-04-18,70,Kidney disease,13.0,0.8,100,late,attended,131,58,96,0,N
P100013,2,2025-04-25,70,Kidney disease,13.0,0.5,70,collected,attended,139,103,99,0,N
P100013,3,2025-05-02,70,Kidney disease,13.0,0.2,84,collected,scheduled,154,81,97,0,N
P100013,4,2025-05-09,70,Kidney disease,13.0,-0.3,100,collected,scheduled,114,69,96,0,N
P100014,1,2025-07-13,74,Hip fracture,14.2,0.2,100,collected,attended,135,62,94,0,N
P100014,2,2025-07-20,74,Hip fracture,14.2,0.1,80,missed,scheduled,150,78,98,0,N
P100014,3,2025-07-27,74,Hip fracture,14.2,0.3,77,collected,attended,138,81,96,0,N
P100014,4,2025-08-03,74,Hip fracture,14.2,0.5,83,collected,scheduled,120,58,98,0,N
P100015,1,2024-05-24,83,Hip fracture,18.2,0.3,95,collected,attended,119,78,98,0,N
P100015,2,2024-05-31,83,Hip fracture,18.2,0.8,86,late,missed,145,97,95,0,N
P100015,3,2024-06-07,83,Hip fracture,18.2,1.3,95,collected,attended,131,80,96,0,N
P100015,4,2024-06-14,83,Hip fracture,18.2,1.4,89,collected,scheduled,132,90,97,0,N
P100016,1,2024-11-07,82,Hip fracture,16.8,0.5,76,collected,scheduled,112,80,95,0,N
P100016,2,2024-11-14,82,Hip fracture,16.8,1.7,85,collected,attended,144,90,95,0,N
P100016,3,2024-11-21,82,Hip fracture,16.8,1.6,96,collected,scheduled,131,73,95,0,N
P100016,4,2024-11-28,82,Hip fracture,16.8,1.3,91,collected,attended,136,85,98,0,N
P100017,1,2025-06-10,59,Pneumonia,14.2,0.2,87,collected,attended,157,85,96,0,N
P100017,2,2025-06-17,59,Pneumonia,14.2,0.8,97,late,attended,132,70,97,0,N
P100017,3,2025-06-24,59,Pneumonia,14.2,0.9,90,collected,attended,146,91,97,0,N
P100017,4,2025-07-01,59,Pneumonia,14.2,0.4,98,collected,scheduled,151,86,94,0,N
P100018,1,2024-03-05,78,Heart failure,19.8,-0.4,100,collected,scheduled,108,72,98,0,N
P100018,2,2024-03-12,78,Heart failure,19.8,-1.8,80,collected,missed,134,63,98,0,N
P100018,3,2024-03-19,78,Heart failure,19.8,-2.1,85,late,scheduled,140,67,93,0,N
P100018,4,2024-03-26,78,Heart failure,19.8,-2.2,85,collected,scheduled,135,81,100,0,N
P100019,1,2025-04-12,38,Kidney disease,11.9,0.1,89,late,scheduled,135,91,95,0,N
P100019,2,2025-04-19,38,Kidney disease,11.9,-0.3,69,collected,attended,142,94,95,0,N
P100019,3,2025-04-26,38,Kidney disease,11.9,-0.2,100,collected,attended,112,83,97,0,N
P100019,4,2025-05-03,38,Kidney disease,11.9,-0.1,97,missed,attended,136,87,97,0,N
P100020,1,2025-04-25,85,Heart failure,13.0,0.9,99,missed,attended,110,76,96,0,N
P100020,2,2025-05-02,85,Heart failure,13.0,0.1,88,collected,attended,147,74,93,0,N
P100020,3,2025-05-09,85,Heart failure,13.0,0.0,94,collected,missed,113,93,97,0,N
P100020,4,2025-05-16,85,Heart failure,13.0,0.4,94,collected,attended,130,76,95,0,N
P100021,1,2024-02-23,68,Heart failure,15.4,0.2,94,collected,scheduled,117,60,97,0,N
P100021,2,2024-03-01,68,Heart failure,15.4,-0.4,84,collected,attended,140,88,95,0,N
P100021,3,2024-03-08,68,Heart failure,15.4,-1.2,100,collected,scheduled,126,69,94,0,N
P100021,4,2024-03-15,68,Heart failure,15.4,-1.7,74,collected,attended,154,106,97,0,N
P100022,1,2024-10-23,65,Pneumonia,18.2,-0.6,94,collected,attended,120,63,95,0,N
P100022,2,2024-10-30,65,Pneumonia,18.2,-1.1,86,collected,scheduled,143,64,97,0,N
P100022,3,2024-11-06,65,Pneumonia,18.2,-1.6,87,collected,attended,139,72,97,0,N
P100022,4,2024-11-13,65,Pneumonia,18.2,-1.5,80,collected,scheduled,123,73,96,0,N
P100023,1,2024-05-27,87,COPD,33.2,-0.2,62,collected,scheduled,155,92,94,0,N
P100023,2,2024-06-03,87,COPD,33.2,0.0,64,missed,missed,156,79,96,0,N
P100023,3,2024-06-10,87,COPD,33.2,0.2,65,collected,attended,153,85,94,0,N
P100023,4,2024-06-17,87,COPD,33.2,-1.4,75,missed,attended,167,84,92,0,N
P100024,1,2025-01-25,87,Hip fracture,25.0,-0.5,88,collected,scheduled,139,84,96,0,N
P100024,2,2025-02-01,87,Hip fracture,25.0,-0.2,87,late,scheduled,140,83,96,0,N
P100024,3,2025-02-08,87,Hip fracture,25.0,0.1,77,collected,scheduled,151,76,95,0,N
P100024,4,2025-02-15,87,Hip fracture,25.0,0.4,100,collected,attended,158,72,98,0,N
P100025,1,2025-03-31,66,Sepsis,13.0,0.4,77,missed,attended,164,89,95,0,N
P100025,2,2025-04-07,66,Sepsis,13.0,0.6,91,collected,scheduled,123,88,95,0,N
P100025,3,2025-04-14,66,Sepsis,13.0,0.5,77,collected,scheduled,142,97,94,0,N
P100025,4,2025-04-21,66,Sepsis,13.0,-0.0,88,collected,attended,125,89,96,0,N
P100026,1,2024-08-01,70,Pneumonia,18.2,0.1,83,collected,attended,130,85,93,1,N
P100026,2,2024-08-08,70,Pneumonia,18.2,0.2,89,late,attended,127,83,94,1,N
P100026,3,2024-08-15,70,Pneumonia,18.2,1.0,94,collected,attended,152,75,96,1,Y
P100026,4,2024-08-22,70,Pneumonia,18.2,0.5,100,collected,scheduled,134,86,98,1,Y
P100027,1,2024-02-04,80,Kidney disease,15.4,0.7,82,collected,attended,164,62,93,0,N
P100027,2,2024-02-11,80,Kidney disease,15.4,0.9,100,collected,attended,108,79,96,0,N
P100027,3,2024-02-18,80,Kidney disease,15.4,0.1,97,missed,attended,115,84,96,0,N
P100027,4,2024-02-25,80,Kidney disease,15.4,0.1,87,collected,attended,134,75,93,0,N
P100028,1,2024-03-09,77,Kidney disease,23.1,-1.0,84,collected,attended,141,78,95,1,N
P100028,2,2024-03-16,77,Kidney disease,23.1,-0.9,76,collected,attended,116,78,95,1,N
P100028,3,2024-03-23,77,Kidney disease,23.1,-0.2,97,collected,scheduled,129,64,98,1,Y
P100028,4,2024-03-30,77,Kidney disease,23.1,0.1,91,collected,missed,116,74,93,1,Y
P100029,1,2024-07-07,59,Diabetes,13.0,0.3,98,collected,scheduled,131,97,97,0,N
P100029,2,2024-07-14,59,Diabetes,13.0,-0.5,63,collected,attended,144,60,97,0,N
P100029,3,2024-07-21,59,Diabetes,13.0,-0.3,92,collected,attended,139,71,95,0,N
P100029,4,2024-07-28,59,Diabetes,13.0,-0.1,74,missed,attended,108,77,96,0,N
P100030,1,2024-04-29,80,Kidney disease,25.0,0.1,65,collected,attended,122,77,97,0,N
P100030,2,2024-05-06,80,Kidney disease,25.0,-0.2,68,missed,scheduled,176,75,96,0,N
P100030,3,2024-05-13,80,Kidney disease,25.0,-0.3,75,collected,attended,138,107,93,0,N
P100030,4,2024-05-20,80,Kidney disease,25.0,0.8,66,collected,attended,168,96,91,0,N
P100031,1,2025-08-27,61,Diabetes,13.0,1.4,88,collected,scheduled,124,104,99,0,N
P100031,2,2025-09-03,61,Diabetes,13.0,3.1,70,collected,attended,123,79,96,0,N
P100031,3,2025-09-10,61,Diabetes,13.0,3.7,89,collected,attended,112,76,97,0,N
P100031,4,2025-09-17,61,Diabetes,13.0,2.4,83,missed,attended,119,75,97,0,N
P100032,1,2024-12-26,52,Diabetes,15.4,1.1,89,collected,attended,140,74,94,0,N
P100032,2,2025-01-02,52,Diabetes,15.4,2.0,81,missed,attended,113,88,95,0,N
P100032,3,2025-01-09,52,Diabetes,15.4,1.4,92,late,attended,122,65,97,0,N
P100032,4,2025-01-16,52,Diabetes,15.4,1.9,91,collected,attended,142,92,95,0,N
P100033,1,2025-02-17,80,COPD,31.0,-0.5,100,collected,attended,128,62,97,0,N
P100033,2,2025-02-24,80,COPD,31.0,-0.1,89,collected,attended,116,82,95,0,N
P100033,3,2025-03-03,80,COPD,31.0,-0.8,99,collected,scheduled,121,79,98,0,N
P100033,4,2025-03-10,80,COPD,31.0,-1.0,89,collected,attended,130,76,95,0,N
P100034,1,2025-07-28,70,Other,18.2,0.3,99,collected,scheduled,117,92,98,0,N
P100034,2,2025-08-04,70,Other,18.2,0.4,84,collected,attended,114,86,95,0,N
P100034,3,2025-08-11,70,Other,18.2,-0.2,95,collected,attended,124,80,98,0,N
P100034,4,2025-08-18,70,Other,18.2,0.0,95,collected,attended,104,88,97,0,N
P100035,1,2024-10-12,60,Pneumonia,14.2,-0.4,84,collected,missed,138,68,97,0,N
P100035,2,2024-10-19,60,Pneumonia,14.2,-0.1,87,missed,attended,133,92,96,0,N
P100035,3,2024-10-26,60,Pneumonia,14.2,-0.4,85,late,scheduled,139,74,98,0,N
P100035,4,2024-11-02,60,Pneumonia,14.2,0.2,73,collected,attended,147,102,96,0,N
P100036,1,2024-05-21,74,Diabetes,13.0,0.5,83,collected,attended,115,81,97,0,N
P100036,2,2024-05-28,74,Diabetes,13.0,0.8,95,collected,scheduled,111,58,99,0,N
P100036,3,2024-06-04,74,Diabetes,13.0,0.3,90,collected,scheduled,142,96,97,0,N
P100036,4,2024-06-11,74,Diabetes,13.0,-0.2,95,collected,scheduled,146,79,95,0,N
P100037,1,2024-06-24,63,Kidney disease,25.0,-0.3,70,collected,missed,141,88,94,1,N
P100037,2,2024-07-01,63,Kidney disease,25.0,-0.8,77,collected,missed,140,96,99,1,N
P100037,3,2024-07-08,63,Kidney disease,25.0,0.6,86,late,scheduled,132,83,94,1,Y
P100037,4,2024-07-15,63,Kidney disease,25.0,1.1,71,collected,missed,148,72,94,1,Y
P100038,1,2025-07-12,74,Hip fracture,26.9,1.0,90,missed,attended,134,74,97,0,N
P100038,2,2025-07-19,74,Hip fracture,26.9,0.4,71,missed,scheduled,124,88,95,0,N
P100038,3,2025-07-26,74,Hip fracture,26.9,0.5,82,collected,scheduled,154,102,97,0,N
P100038,4,2025-08-02,74,Hip fracture,26.9,0.6,79,collected,attended,141,101,99,0,N
P100039,1,2024-01-30,62,Heart failure,15.4,-0.0,82,collected,missed,132,92,96,0,N
P100039,2,2024-02-06,62,Heart failure,15.4,0.6,71,collected,attended,129,93,96,0,N
P100039,3,2024-02-13,62,Heart failure,15.4,0.4,84,collected,attended,122,95,91,0,N
P100039,4,2024-02-20,62,Heart failure,15.4,1.8,70,late,scheduled,131,77,93,0,N
P100040,1,2024-04-11,62,Other,11.9,0.5,75,collected,missed,110,90,96,0,N
P100040,2,2024-04-18,62,Other,11.9,1.1,89,collected,attended,125,81,94,0,N
P100040,3,2024-04-25,62,Other,11.9,1.9,78,collected,scheduled,137,93,94,0,N
P100040,4,2024-05-02,62,Other,11.9,2.5,93,collected,missed,126,81,93,0,N
P100041,1,2025-06-01,69,Heart failure,19.8,-0.7,77,late,scheduled,138,73,96,0,N
P100041,2,2025-06-08,69,Heart failure,19.8,-0.4,78,collected,attended,144,69,97,0,N
P100041,3,2025-06-15,69,Heart failure,19.8,-0.3,79,late,attended,161,103,96,0,N
P100041,4,2025-06-22,69,Heart failure,19.8,0.1,76,missed,scheduled,151,93,96,0,N
P100042,1,2024-04-29,46,Pneumonia,11.9,-0.6,100,collected,attended,151,76,98,0,N
P100042,2,2024-05-06,46,Pneumonia,11.9,-0.4,81,late,attended,144,89,94,0,N
P100042,3,2024-05-13,46,Pneumonia,11.9,0.3,94,collected,attended,150,72,99,0,N
P100042,4,2024-05-20,46,Pneumonia,11.9,0.4,100,late,attended,135,76,98,0,N
P100043,1,2024-04-19,58,Kidney disease,16.8,-0.6,88,collected,scheduled,155,94,98,0,N
P100043,2,2024-04-26,58,Kidney disease,16.8,0.3,98,collected,attended,161,73,95,0,N
P100043,3,2024-05-03,58,Kidney disease,16.8,0.2,86,late,scheduled,121,48,97,0,N
P100043,4,2024-05-10,58,Kidney disease,16.8,-0.0,79,collected,attended,129,67,94,0,N
P100044,1,2024-08-19,67,Pneumonia,11.9,-0.5,84,collected,missed,94,71,100,0,N
P100044,2,2024-08-26,67,Pneumonia,11.9,0.0,92,late,scheduled,122,96,94,0,N
P100044,3,2024-09-02,67,Pneumonia,11.9,0.2,93,collected,attended,135,78,95,0,N
P100044,4,2024-09-09,67,Pneumonia,11.9,-0.2,100,late,attended,130,64,96,0,N
P100045,1,2024-06-24,64,Sepsis,14.2,0.1,86,collected,scheduled,127,98,93,0,N
P100045,2,2024-07-01,64,Sepsis,14.2,-0.3,100,collected,attended,114,66,94,0,N
P100045,3,2024-07-08,64,Sepsis,14.2,-0.8,87,collected,scheduled,145,93,95,0,N
P100045,4,2024-07-15,64,Sepsis,14.2,-1.0,83,missed,attended,149,59,94,0,N
P100046,1,2025-05-23,51,Other,23.1,0.1,86,collected,attended,136,73,96,0,N
P100046,2,2025-05-30,51,Other,23.1,0.0,95,late,missed,136,93,97,0,N
P100046,3,2025-06-06,51,Other,23.1,-0.2,79,collected,scheduled,152,76,96,0,N
P100046,4,2025-06-13,51,Other,23.1,-0.2,67,collected,scheduled,119,52,94,0,N
P100047,1,2024-06-04,58,COPD,13.0,0.8,98,collected,attended,123,76,99,0,N
P100047,2,2024-06-11,58,COPD,13.0,0.5,86,collected,scheduled,134,88,98,0,N
P100047,3,2024-06-18,58,COPD,13.0,0.1,95,collected,attended,133,82,97,0,N
P100047,4,2024-06-25,58,COPD,13.0,0.5,84,late,attended,122,80,95,0,N
P100048,1,2025-03-08,78,Heart failure,25.0,-0.6,89,collected,missed,131,69,94,0,N
P100048,2,2025-03-15,78,Heart failure,25.0,0.4,75,collected,scheduled,136,77,94,0,N
P100048,3,2025-03-22,78,Heart failure,25.0,0.6,73,collected,missed,131,62,97,0,N
P100048,4,2025-03-29,78,Heart failure,25.0,0.7,88,collected,scheduled,132,86,98,0,N
P100049,1,2025-01-19,72,Other,13.0,-0.7,83,collected,attended,125,87,96,0,N
P100049,2,2025-01-26,72,Other,13.0,-0.2,79,collected,scheduled,150,66,98,0,N
P100049,3,2025-02-02,72,Other,13.0,-0.7,100,collected,missed,153,73,94,0,N
P100049,4,2025-02-09,72,Other,13.0,-0.2,100,missed,attended,104,84,96,0,N
P100050,1,2024-09-10,84,Other,23.1,-0.1,79,missed,attended,119,80,94,1,N
P100050,2,2024-09-17,84,Other,23.1,-0.6,88,late,attended,107,80,92,1,N
P100050,3,2024-09-24,84,Other,23.1,0.0,100,collected,attended,118,84,94,1,Y
P100050,4,2024-10-01,84,Other,23.1,-0.1,83,collected,scheduled,129,67,96,1,Y
P100051,1,2024-01-15,52,Sepsis,11.9,0.7,79,collected,attended,116,66,93,1,N
P100051,2,2024-01-22,52,Sepsis,11.9,1.7,80,collected,scheduled,148,71,99,1,N
P100051,3,2024-01-29,52,Sepsis,11.9,0.9,100,collected,missed,149,83,93,1,Y
P100051,4,2024-02-05,52,Sepsis,11.9,1.8,79,collected,scheduled,118,84,98,1,Y
P100052,1,2024-04-23,91,COPD,19.8,-0.7,100,collected,attended,134,75,95,0,N
P100052,2,2024-04-30,91,COPD,19.8,-0.5,87,collected,attended,120,84,98,0,N
P100052,3,2024-05-07,91,COPD,19.8,-0.7,91,collected,attended,136,99,98,0,N
P100052,4,2024-05-14,91,COPD,19.8,-0.8,93,collected,scheduled,126,85,95,0,N
P100053,1,2024-11-07,42,COPD,25.0,0.3,77,collected,attended,115,82,96,0,N
P100053,2,2024-11-14,42,COPD,25.0,-0.6,82,collected,scheduled,130,91,99,0,N
P100053,3,2024-11-21,42,COPD,25.0,-0.7,83,collected,attended,139,73,97,0,N
P100053,4,2024-11-28,42,COPD,25.0,-0.4,97,collected,scheduled,136,72,96,0,N
P100054,1,2024-07-08,59,Other,13.0,0.3,75,collected,attended,153,87,95,0,N
P100054,2,2024-07-15,59,Other,13.0,0.2,64,late,attended,155,100,95,0,N
P100054,3,2024-07-22,59,Other,13.0,0.0,100,collected,attended,130,98,98,0,N
P100054,4,2024-07-29,59,Other,13.0,-0.3,80,collected,attended,110,71,96,0,N
P100055,1,2025-02-18,71,COPD,18.2,-0.1,68,late,scheduled,150,78,95,0,N
P100055,2,2025-02-25,71,COPD,18.2,-0.2,63,missed,attended,151,102,91,0,N
P100055,3,2025-03-04,71,COPD,18.2,-0.4,71,collected,scheduled,164,101,97,0,N
P100055,4,2025-03-11,71,COPD,18.2,0.7,79,collected,missed,122,87,99,0,N
P100056,1,2024-02-04,68,Kidney disease,15.4,0.2,83,collected,scheduled,139,94,95,0,N
P100056,2,2024-02-11,68,Kidney disease,15.4,0.7,86,collected,scheduled,155,83,93,0,N
P100056,3,2024-02-18,68,Kidney disease,15.4,1.2,89,late,scheduled,135,65,95,0,N
P100056,4,2024-02-25,68,Kidney disease,15.4,-0.1,88,collected,attended,94,76,97,0,N
P100057,1,2025-06-27,69,COPD,14.2,0.3,75,collected,scheduled,99,91,96,0,N
P100057,2,2025-07-04,69,COPD,14.2,0.3,77,missed,missed,154,69,95,0,N
P100057,3,2025-07-11,69,COPD,14.2,-0.2,100,collected,scheduled,149,82,100,0,N
P100057,4,2025-07-18,69,COPD,14.2,0.3,92,collected,attended,122,71,98,0,N
P100058,1,2025-04-24,69,Kidney disease,28.9,0.0,80,collected,missed,129,71,92,0,N
P100058,2,2025-05-01,69,Kidney disease,28.9,1.0,94,collected,scheduled,149,111,96,0,N
P100058,3,2025-05-08,69,Kidney disease,28.9,0.6,74,collected,scheduled,123,69,96,0,N
P100058,4,2025-05-15,69,Kidney disease,28.9,0.2,83,late,missed,138,65,94,0,N
P100059,1,2024-10-12,45,COPD,19.8,-0.9,91,collected,attended,122,85,97,0,N
P100059,2,2024-10-19,45,COPD,19.8,-0.7,88,late,scheduled,151,63,96,0,N
P100059,3,2024-10-26,45,COPD,19.8,-0.5,96,late,attended,141,82,95,0,N
P100059,4,2024-11-02,45,COPD,19.8,-1.1,72,late,attended,126,93,94,0,N
P100060,1,2025-05-23,55,Heart failure,14.2,-0.1,87,collected,scheduled,143,82,96,0,N
P100060,2,2025-05-30,55,Heart failure,14.2,-0.3,81,late,attended,140,84,97,0,N
P100060,3,2025-06-06,55,Heart failure,14.2,-0.5,90,late,scheduled,117,71,96,0,N
P100060,4,2025-06-13,55,Heart failure,14.2,-0.8,96,collected,attended,121,82,96,0,N
P100061,1,2024-01-11,59,COPD,16.8,-0.3,64,collected,scheduled,121,85,96,1,N
P100061,2,2024-01-18,59,COPD,16.8,0.2,60,late,attended,161,91,94,1,N
P100061,3,2024-01-25,59,COPD,16.8,0.2,77,late,missed,144,90,97,1,Y
P100061,4,2024-02-01,59,COPD,16.8,-0.4,84,late,missed,104,84,97,1,Y
P100062,1,2024-09-02,63,Heart failure,14.2,1.0,89,late,attended,147,74,95,0,N
P100062,2,2024-09-09,63,Heart failure,14.2,1.9,83,collected,attended,122,84,97,0,N
P100062,3,2024-09-16,63,Heart failure,14.2,1.0,94,collected,scheduled,130,84,95,0,N
P100062,4,2024-09-23,63,Heart failure,14.2,0.8,73,collected,attended,136,74,96,0,N
P100063,1,2025-06-08,63,Heart failure,13.0,0.5,100,collected,scheduled,152,78,95,1,N
P100063,2,2025-06-15,63,Heart failure,13.0,0.6,100,collected,attended,108,89,96,1,N
P100063,3,2025-06-22,63,Heart failure,13.0,-0.2,74,collected,attended,160,79,93,1,Y
P100063,4,2025-06-29,63,Heart failure,13.0,0.1,90,collected,attended,132,84,95,1,Y
P100064,1,2024-01-20,54,Diabetes,15.4,-0.4,72,collected,attended,135,88,93,0,N
P100064,2,2024-01-27,54,Diabetes,15.4,-0.6,81,late,attended,134,80,97,0,N
P100064,3,2024-02-03,54,Diabetes,15.4,-0.9,85,collected,missed,139,83,97,0,N
P100064,4,2024-02-10,54,Diabetes,15.4,-2.0,89,missed,missed,136,86,96,0,N
P100065,1,2025-01-08,76,Sepsis,19.8,0.2,74,missed,scheduled,152,75,96,0,N
P100065,2,2025-01-15,76,Sepsis,19.8,0.0,89,missed,attended,129,78,91,0,N
P100065,3,2025-01-22,76,Sepsis,19.8,-0.4,62,missed,scheduled,146,103,94,0,N
P100065,4,2025-01-29,76,Sepsis,19.8,-1.6,66,late,attended,158,98,94,0,N
P100066,1,2025-05-25,78,Diabetes,19.8,0.4,78,collected,attended,126,90,97,0,N
P100066,2,2025-06-01,78,Diabetes,19.8,0.7,86,collected,attended,102,73,94,0,N
P100066,3,2025-06-08,78,Diabetes,19.8,0.6,95,collected,attended,146,83,96,0,N
P100066,4,2025-06-15,78,Diabetes,19.8,1.1,90,late,scheduled,114,75,94,0,N
P100067,1,2024-03-07,89,Stroke,14.2,1.2,76,collected,missed,147,68,92,0,N
P100067,2,2024-03-14,89,Stroke,14.2,1.6,77,collected,attended,125,53,97,0,N
P100067,3,2024-03-21,89,Stroke,14.2,1.7,78,collected,attended,124,97,96,0,N
P100067,4,2024-03-28,89,Stroke,14.2,1.7,89,collected,scheduled,133,80,95,0,N
P100068,1,2024-11-21,71,Other,18.2,-0.1,88,collected,missed,133,66,95,0,N
P100068,2,2024-11-28,71,Other,18.2,-0.2,82,missed,attended,141,93,95,0,N
P100068,3,2024-12-05,71,Other,18.2,-0.4,84,collected,missed,114,72,92,0,N
P100068,4,2024-12-12,71,Other,18.2,-0.5,86,collected,scheduled,130,62,97,0,N
P100069,1,2024-06-09,55,Pneumonia,31.0,-0.1,73,late,missed,132,85,96,0,N
P100069,2,2024-06-16,55,Pneumonia,31.0,-1.1,48,missed,missed,163,105,94,0,N
P100069,3,2024-06-23,55,Pneumonia,31.0,-1.6,73,collected,missed,139,83,95,0,N
P100069,4,2024-06-30,55,Pneumonia,31.0,-0.7,93,collected,scheduled,173,73,95,0,N
P100070,1,2025-07-20,73,Heart failure,16.8,0.2,81,collected,attended,125,73,95,0,N
P100070,2,2025-07-27,73,Heart failure,16.8,-1.0,64,collected,attended,116,70,96,0,N
P100070,3,2025-08-03,73,Heart failure,16.8,-0.9,93,collected,attended,144,70,97,0,N
P100070,4,2025-08-10,73,Heart failure,16.8,-1.4,82,late,scheduled,150,87,95,0,N
P100071,1,2024-03-03,52,Hip fracture,21.4,-0.2,100,missed,attended,150,83,100,0,N
P100071,2,2024-03-10,52,Hip fracture,21.4,-1.2,92,missed,attended,135,77,95,0,N
P100071,3,2024-03-17,52,Hip fracture,21.4,-1.5,96,collected,scheduled,127,70,94,0,N
P100071,4,2024-03-24,52,Hip fracture,21.4,-1.8,100,collected,scheduled,105,64,97,0,N
P100072,1,2024-09-02,66,COPD,11.9,-0.6,70,missed,attended,156,77,100,0,N
P100072,2,2024-09-09,66,COPD,11.9,-0.6,88,late,scheduled,166,69,95,0,N
P100072,3,2024-09-16,66,COPD,11.9,0.5,77,late,attended,139,93,95,0,N
P100072,4,2024-09-23,66,COPD,11.9,0.6,59,missed,attended,119,98,97,0,N
P100073,1,2025-03-03,57,Pneumonia,11.9,0.6,96,collected,attended,124,75,99,0,N
P100073,2,2025-03-10,57,Pneumonia,11.9,-0.1,96,collected,attended,107,69,95,0,N
P100073,3,2025-03-17,57,Pneumonia,11.9,0.3,83,collected,attended,139,76,98,0,N
P100073,4,2025-03-24,57,Pneumonia,11.9,-0.1,93,collected,attended,141,73,100,0,N
P100074,1,2024-08-20,63,Kidney disease,16.8,-2.5,100,missed,scheduled,108,85,93,0,N
P100074,2,2024-08-27,63,Kidney disease,16.8,-2.4,74,collected,attended,123,82,98,0,N
P100074,3,2024-09-03,63,Kidney disease,16.8,-2.6,90,collected,attended,142,82,96,0,N
P100074,4,2024-09-10,63,Kidney disease,16.8,-2.0,83,collected,attended,123,82,95,0,N
P100075,1,2024-07-09,63,Sepsis,15.4,-0.4,68,collected,attended,145,84,95,0,N
P100075,2,2024-07-16,63,Sepsis,15.4,-1.0,61,collected,attended,143,79,93,0,N
P100075,3,2024-07-23,63,Sepsis,15.4,-2.0,68,late,missed,137,85,96,0,N
P100075,4,2024-07-30,63,Sepsis,15.4,-1.4,83,late,attended,154,87,95,0,N
P100076,1,2025-06-12,60,Pneumonia,13.0,0.7,97,collected,scheduled,134,92,95,0,N
P100076,2,2025-06-19,60,Pneumonia,13.0,1.0,88,collected,attended,134,78,95,0,N
P100076,3,2025-06-26,60,Pneumonia,13.0,0.6,76,collected,attended,132,79,100,0,N
P100076,4,2025-07-03,60,Pneumonia,13.0,0.9,100,missed,scheduled,135,77,94,0,N
P100077,1,2024-11-28,59,Diabetes,13.0,-0.4,100,collected,scheduled,131,69,96,0,N
P100077,2,2024-12-05,59,Diabetes,13.0,-0.1,93,collected,attended,114,74,97,0,N
P100077,3,2024-12-12,59,Diabetes,13.0,-0.3,95,collected,attended,122,75,95,0,N
P100077,4,2024-12-19,59,Diabetes,13.0,-0.6,85,collected,attended,161,66,92,0,N
P100078,1,2025-06-18,76,Hip fracture,21.4,-0.4,96,collected,missed,129,64,97,0,N
P100078,2,2025-06-25,76,Hip fracture,21.4,-0.4,88,missed,attended,127,69,94,0,N
P100078,3,2025-07-02,76,Hip fracture,21.4,-0.3,87,collected,attended,129,76,96,0,N
P100078,4,2025-07-09,76,Hip fracture,21.4,-0.6,88,collected,scheduled,156,80,97,0,N
P100079,1,2024-03-02,66,Kidney disease,16.8,0.1,86,missed,attended,126,84,96,0,N
P100079,2,2024-03-09,66,Kidney disease,16.8,-0.2,94,collected,attended,126,75,93,0,N
P100079,3,2024-03-16,66,Kidney disease,16.8,-0.5,85,collected,attended,127,93,93,0,N
P100079,4,2024-03-23,66,Kidney disease,16.8,-0.2,100,collected,missed,147,89,92,0,N
P100080,1,2025-03-21,74,Other,15.4,1.4,82,collected,missed,142,92,96,1,N
P100080,2,2025-03-28,74,Other,15.4,2.6,100,collected,missed,144,84,95,1,N
P100080,3,2025-04-04,74,Other,15.4,2.7,96,collected,missed,140,68,98,1,Y
P100080,4,2025-04-11,74,Other,15.4,2.3,98,collected,attended,148,66,97,1,Y
P100081,1,2024-04-04,52,Hip fracture,15.4,-0.8,85,late,attended,138,85,96,0,N
P100081,2,2024-04-11,52,Hip fracture,15.4,-0.6,96,late,missed,126,80,99,0,N
P100081,3,2024-04-18,52,Hip fracture,15.4,-0.4,100,collected,attended,125,78,97,0,N
P100081,4,2024-04-25,52,Hip fracture,15.4,-0.1,92,late,missed,110,65,95,0,N
P100082,1,2024-03-14,82,Heart failure,31.0,1.1,73,collected,attended,139,102,94,0,N
P100082,2,2024-03-21,82,Heart failure,31.0,0.5,82,collected,attended,107,64,99,0,N
P100082,3,2024-03-28,82,Heart failure,31.0,0.4,83,collected,attended,148,59,98,0,N
P100082,4,2024-04-04,82,Heart failure,31.0,0.5,84,collected,attended,131,72,97,0,N
P100083,1,2024-05-25,81,Kidney disease,19.8,-0.5,72,collected,missed,128,72,97,1,N
P100083,2,2024-06-01,81,Kidney disease,19.8,-0.8,73,missed,scheduled,139,84,95,1,N
P100083,3,2024-06-08,81,Kidney disease,19.8,-0.0,82,late,scheduled,137,85,95,1,Y
P100083,4,2024-06-15,81,Kidney disease,19.8,1.9,76,late,attended,143,89,91,1,Y
P100084,1,2024-08-04,45,Heart failure,14.2,-0.5,85,collected,attended,136,88,95,0,N
P100084,2,2024-08-11,45,Heart failure,14.2,0.3,82,collected,attended,126,75,96,0,N
P100084,3,2024-08-18,45,Heart failure,14.2,-0.4,97,collected,attended,154,50,95,0,N
P100084,4,2024-08-25,45,Heart failure,14.2,0.5,81,collected,attended,132,65,96,0,N
P100085,1,2025-03-08,67,Sepsis,13.0,-0.2,92,collected,attended,147,101,99,0,N
P100085,2,2025-03-15,67,Sepsis,13.0,-0.3,100,collected,scheduled,144,95,97,0,N
P100085,3,2025-03-22,67,Sepsis,13.0,-0.9,93,collected,attended,141,73,100,0,N
P100085,4,2025-03-29,67,Sepsis,13.0,-0.4,95,missed,attended,142,82,96,0,N
P100086,1,2024-12-19,62,Kidney disease,13.0,1.4,78,collected,attended,136,78,97,1,N
P100086,2,2024-12-26,62,Kidney disease,13.0,1.5,92,collected,attended,120,81,96,1,N
P100086,3,2025-01-02,62,Kidney disease,13.0,1.2,96,collected,attended,119,79,98,1,Y
P100086,4,2025-01-09,62,Kidney disease,13.0,0.8,100,late,attended,117,88,95,1,Y
P100087,1,2025-07-23,64,Heart failure,28.9,0.4,68,missed,attended,137,82,96,0,N
P100087,2,2025-07-30,64,Heart failure,28.9,0.8,82,collected,missed,145,79,93,0,N
P100087,3,2025-08-06,64,Heart failure,28.9,1.2,74,late,scheduled,159,84,96,0,N
P100087,4,2025-08-13,64,Heart failure,28.9,1.7,69,collected,missed,102,66,96,0,N
P100088,1,2024-02-16,87,COPD,16.8,0.1,85,collected,missed,155,90,96,1,N
P100088,2,2024-02-23,87,COPD,16.8,-0.2,84,collected,scheduled,121,85,97,1,N
P100088,3,2024-03-01,87,COPD,16.8,0.5,89,collected,missed,127,78,94,1,Y
P100088,4,2024-03-08,87,COPD,16.8,0.1,98,collected,scheduled,122,82,100,1,Y
P100089,1,2024-05-10,71,Sepsis,15.4,-0.3,75,collected,attended,139,72,94,0,N
P100089,2,2024-05-17,71,Sepsis,15.4,-0.8,77,collected,attended,122,63,97,0,N
P100089,3,2024-05-24,71,Sepsis,15.4,-0.1,89,late,scheduled,126,81,93,0,N
P100089,4,2024-05-31,71,Sepsis,15.4,-0.1,88,late,scheduled,127,100,95,0,N
P100090,1,2025-02-15,66,Kidney disease,13.0,-0.4,89,collected,attended,136,68,100,0,N
P100090,2,2025-02-22,66,Kidney disease,13.0,-1.0,86,collected,scheduled,139,86,98,0,N
P100090,3,2025-03-01,66,Kidney disease,13.0,-1.5,100,collected,scheduled,140,75,96,0,N
P100090,4,2025-03-08,66,Kidney disease,13.0,-0.8,100,collected,attended,127,69,96,0,N
P100091,1,2024-09-28,58,Other,28.9,0.9,83,late,scheduled,134,58,97,0,N
P100091,2,2024-10-05,58,Other,28.9,0.3,95,collected,attended,145,79,96,0,N
P100091,3,2024-10-12,58,Other,28.9,-0.1,98,late,scheduled,112,74,97,0,N
P100091,4,2024-10-19,58,Other,28.9,0.4,76,collected,scheduled,157,95,95,0,N
P100092,1,2025-08-06,47,Stroke,14.2,-0.6,86,collected,missed,180,73,96,0,N
P100092,2,2025-08-13,47,Stroke,14.2,-0.9,100,missed,attended,130,82,93,0,N
P100092,3,2025-08-20,47,Stroke,14.2,-0.5,100,collected,attended,147,86,97,0,N
P100092,4,2025-08-27,47,Stroke,14.2,-0.6,84,late,attended,139,77,95,0,N
P100093,1,2025-04-15,54,Pneumonia,21.4,-0.1,62,collected,attended,126,86,96,0,N
P100093,2,2025-04-22,54,Pneumonia,21.4,-0.7,85,collected,scheduled,152,80,95,0,N
P100093,3,2025-04-29,54,Pneumonia,21.4,-1.3,78,collected,attended,152,88,94,0,N
P100093,4,2025-05-06,54,Pneumonia,21.4,-1.7,73,collected,attended,153,88,93,0,N
P100094,1,2024-01-17,74,Other,23.1,0.6,100,collected,attended,127,77,96,0,N
P100094,2,2024-01-24,74,Other,23.1,0.1,84,collected,attended,134,77,97,0,N
P100094,3,2024-01-31,74,Other,23.1,-0.3,79,collected,attended,127,63,96,0,N
P100094,4,2024-02-07,74,Other,23.1,0.8,71,collected,scheduled,142,66,96,0,N
P100095,1,2025-07-23,68,Heart failure,16.8,0.1,67,collected,scheduled,143,84,96,0,N
P100095,2,2025-07-30,68,Heart failure,16.8,1.1,71,collected,attended,115,85,96,0,N
P100095,3,2025-08-06,68,Heart failure,16.8,2.0,75,late,scheduled,142,90,96,0,N
P100095,4,2025-08-13,68,Heart failure,16.8,1.7,72,collected,attended,154,70,93,0,N
P100096,1,2024-08-04,78,Other,19.8,-0.6,79,missed,attended,129,79,93,0,N
P100096,2,2024-08-11,78,Other,19.8,-1.3,86,collected,attended,133,92,97,0,N
P100096,3,2024-08-18,78,Other,19.8,-2.0,85,collected,scheduled,138,86,97,0,N
P100096,4,2024-08-25,78,Other,19.8,-1.0,70,collected,attended,137,86,97,0,N
P100097,1,2025-05-12,71,Kidney disease,18.2,0.4,85,collected,attended,145,85,97,0,N
P100097,2,2025-05-19,71,Kidney disease,18.2,0.4,90,missed,attended,119,65,96,0,N
P100097,3,2025-05-26,71,Kidney disease,18.2,0.1,96,collected,scheduled,125,85,96,0,N
P100097,4,2025-06-02,71,Kidney disease,18.2,0.7,87,collected,attended,125,78,98,0,N
P100098,1,2024-01-20,70,Kidney disease,15.4,0.4,76,collected,missed,129,99,95,0,N
P100098,2,2024-01-27,70,Kidney disease,15.4,0.7,78,collected,missed,135,66,95,0,N
P100098,3,2024-02-03,70,Kidney disease,15.4,0.1,93,collected,scheduled,142,74,95,0,N
P100098,4,2024-02-10,70,Kidney disease,15.4,-1.4,84,missed,scheduled,129,85,93,0,N
P100099,1,2025-02-11,89,Other,33.2,-0.5,79,collected,attended,124,79,95,0,N
P100099,2,2025-02-18,89,Other,33.2,-0.1,84,collected,scheduled,134,91,96,0,N
P100099,3,2025-02-25,89,Other,33.2,0.8,88,collected,attended,133,72,98,0,N
P100099,4,2025-03-04,89,Other,33.2,1.1,100,collected,attended,117,70,97,0,N
P100100,1,2024-06-01,58,Other,16.8,1.4,91,collected,scheduled,129,74,96,0,N
P100100,2,2024-06-08,58,Other,16.8,2.0,81,collected,attended,125,68,98,0,N
P100100,3,2024-06-15,58,Other,16.8,1.9,82,collected,attended,114,98,92,0,N
P100100,4,2024-06-22,58,Other,16.8,1.5,88,collected,missed,113,84,93,0,N
P100101,1,2025-05-10,88,Heart failure,45.0,-0.6,87,collected,attended,120,61,95,0,N
P100101,2,2025-05-17,88,Heart failure,45.0,-0.9,96,collected,scheduled,128,63,95,0,N
P100101,3,2025-05-24,88,Heart failure,45.0,-2.0,70,collected,scheduled,141,73,96,0,N
P100101,4,2025-05-31,88,Heart failure,45.0,-2.0,99,collected,attended,134,91,93,0,N
P100102,1,2024-04-02,56,Heart failure,11.9,0.6,80,late,attended,163,72,95,0,N
P100102,2,2024-04-09,56,Heart failure,11.9,1.3,76,collected,attended,132,56,97,0,N
P100102,3,2024-04-16,56,Heart failure,11.9,0.8,100,collected,scheduled,150,97,96,0,N
P100102,4,2024-04-23,56,Heart failure,11.9,1.0,84,collected,scheduled,138,86,94,0,N
P100103,1,2024-12-16,56,Other,11.9,-0.8,82,collected,attended,129,75,97,0,N
P100103,2,2024-12-23,56,Other,11.9,-0.3,85,collected,attended,136,78,95,0,N
P100103,3,2024-12-30,56,Other,11.9,0.6,93,late,attended,135,69,94,0,N
P100103,4,2025-01-06,56,Other,11.9,1.5,95,missed,attended,120,77,96,0,N
P100104,1,2024-05-19,60,Other,13.0,0.3,80,late,attended,146,74,96,1,N
P100104,2,2024-05-26,60,Other,13.0,0.8,87,collected,scheduled,122,59,94,1,N
P100104,3,2024-06-02,60,Other,13.0,0.4,87,collected,scheduled,116,70,94,1,Y
P100104,4,2024-06-09,60,Other,13.0,-0.1,93,late,attended,135,85,96,1,Y
P100105,1,2025-07-01,66,Heart failure,23.1,-0.0,80,collected,scheduled,101,99,97,0,N
P100105,2,2025-07-08,66,Heart failure,23.1,-0.4,78,collected,attended,164,90,96,0,N
P100105,3,2025-07-15,66,Heart failure,23.1,-1.1,91,collected,attended,122,77,98,0,N
P100105,4,2025-07-22,66,Heart failure,23.1,-1.6,88,collected,attended,134,78,97,0,N
P100106,1,2024-04-17,71,Kidney disease,13.0,0.3,76,collected,scheduled,126,78,93,0,N
P100106,2,2024-04-24,71,Kidney disease,13.0,-0.9,80,collected,attended,156,87,94,0,N
P100106,3,2024-05-01,71,Kidney disease,13.0,-2.0,97,late,missed,125,97,97,0,N
P100106,4,2024-05-08,71,Kidney disease,13.0,-1.6,92,missed,missed,157,104,95,0,N
P100107,1,2024-05-31,69,Other,11.9,-0.5,72,collected,missed,119,93,94,0,N
P100107,2,2024-06-07,69,Other,11.9,-0.1,61,collected,attended,110,78,93,0,N
P100107,3,2024-06-14,69,Other,11.9,-0.4,65,collected,missed,127,80,93,0,N
P100107,4,2024-06-21,69,Other,11.9,-0.1,81,late,scheduled,167,97,96,0,N
P100108,1,2024-09-22,91,Kidney disease,28.9,-0.2,93,collected,attended,117,77,99,0,N
P100108,2,2024-09-29,91,Kidney disease,28.9,-0.2,71,collected,attended,138,77,96,0,N
P100108,3,2024-10-06,91,Kidney disease,28.9,-0.4,96,missed,attended,129,97,99,0,N
P100108,4,2024-10-13,91,Kidney disease,28.9,-1.2,100,collected,scheduled,142,75,99,0,N
P100109,1,2024-11-18,48,Hip fracture,13.0,0.6,72,missed,attended,114,87,95,1,N
P100109,2,2024-11-25,48,Hip fracture,13.0,0.2,100,collected,missed,122,92,98,1,N
P100109,3,2024-12-02,48,Hip fracture,13.0,-0.8,81,collected,attended,140,80,98,1,Y
P100109,4,2024-12-09,48,Hip fracture,13.0,-1.5,76,collected,attended,119,91,96,1,Y
P100110,1,2024-01-16,87,Diabetes,13.0,-0.6,87,collected,scheduled,129,70,97,0,N
P100110,2,2024-01-23,87,Diabetes,13.0,-0.3,100,collected,attended,132,73,95,0,N
P100110,3,2024-01-30,87,Diabetes,13.0,-0.1,67,collected,scheduled,115,74,92,0,N
P100110,4,2024-02-06,87,Diabetes,13.0,0.7,91,collected,attended,137,53,97,0,N
P100111,1,2024-08-02,70,Hip fracture,15.4,0.1,94,collected,attended,148,76,94,0,N
P100111,2,2024-08-09,70,Hip fracture,15.4,0.3,100,collected,scheduled,137,74,95,0,N
P100111,3,2024-08-16,70,Hip fracture,15.4,-0.4,86,missed,attended,138,70,97,0,N
P100111,4,2024-08-23,70,Hip fracture,15.4,0.3,83,late,attended,153,92,95,0,N
P100112,1,2024-07-14,61,COPD,14.2,-0.5,70,collected,attended,156,84,98,0,N
P100112,2,2024-07-21,61,COPD,14.2,-1.8,73,collected,attended,136,91,95,0,N
P100112,3,2024-07-28,61,COPD,14.2,-1.4,78,collected,attended,129,72,94,0,N
P100112,4,2024-08-04,61,COPD,14.2,-1.7,78,collected,missed,137,78,97,0,N
P100113,1,2025-07-26,79,Heart failure,18.2,0.6,87,collected,attended,128,75,96,0,N
P100113,2,2025-08-02,79,Heart failure,18.2,1.5,78,collected,missed,127,81,95,0,N
P100113,3,2025-08-09,79,Heart failure,18.2,1.8,83,collected,attended,104,85,96,0,N
P100113,4,2025-08-16,79,Heart failure,18.2,1.3,72,collected,scheduled,132,77,95,0,N
P100114,1,2024-05-09,58,Diabetes,19.8,0.4,91,collected,scheduled,125,105,95,0,N
P100114,2,2024-05-16,58,Diabetes,19.8,0.1,100,collected,attended,141,98,98,0,N
P100114,3,2024-05-23,58,Diabetes,19.8,-0.1,91,late,attended,136,82,97,0,N
P100114,4,2024-05-30,58,Diabetes,19.8,-0.2,93,late,attended,151,76,95,0,N
P100115,1,2024-04-13,64,Other,15.4,0.6,78,collected,scheduled,131,61,97,0,N
P100115,2,2024-04-20,64,Other,15.4,0.3,89,collected,scheduled,148,65,98,0,N
P100115,3,2024-04-27,64,Other,15.4,0.5,100,collected,attended,159,72,97,0,N
P100115,4,2024-05-04,64,Other,15.4,0.7,93,collected,scheduled,118,77,92,0,N
P100116,1,2024-02-18,67,Stroke,19.8,-0.2,88,collected,attended,165,93,98,1,N
P100116,2,2024-02-25,67,Stroke,19.8,0.9,83,collected,missed,113,84,94,1,N
P100116,3,2024-03-03,67,Stroke,19.8,0.8,96,collected,scheduled,132,79,96,1,Y
P100116,4,2024-03-10,67,Stroke,19.8,1.6,92,collected,attended,148,72,94,1,Y
P100117,1,2024-02-17,68,Pneumonia,13.0,0.4,56,collected,attended,140,84,93,0,N
P100117,2,2024-02-24,68,Pneumonia,13.0,-0.5,86,missed,attended,120,89,93,0,N
P100117,3,2024-03-02,68,Pneumonia,13.0,0.1,71,late,missed,145,93,95,0,N
P100117,4,2024-03-09,68,Pneumonia,13.0,0.8,86,collected,missed,134,78,91,0,N
P100118,1,2025-06-18,76,Stroke,37.8,-0.4,80,collected,scheduled,143,93,95,0,N
P100118,2,2025-06-25,76,Stroke,37.8,0.1,62,collected,scheduled,145,79,99,0,N
P100118,3,2025-07-02,76,Stroke,37.8,-0.3,72,collected,scheduled,140,78,97,0,N
P100118,4,2025-07-09,76,Stroke,37.8,-0.4,71,collected,attended,136,83,94,0,N
P100119,1,2025-03-19,69,Other,19.8,0.5,86,collected,attended,142,75,96,1,N
P100119,2,2025-03-26,69,Other,19.8,0.4,90,missed,missed,124,73,96,1,N
P100119,3,2025-04-02,69,Other,19.8,1.7,86,late,scheduled,105,76,94,1,Y
P100119,4,2025-04-09,69,Other,19.8,1.2,81,collected,attended,113,84,99,1,Y
P100120,1,2024-03-06,52,Heart failure,25.0,0.7,56,late,missed,152,82,95,1,N
P100120,2,2024-03-13,52,Heart failure,25.0,2.8,63,collected,scheduled,155,90,96,1,N
P100120,3,2024-03-20,52,Heart failure,25.0,3.2,82,collected,scheduled,160,72,96,1,Y
P100120,4,2024-03-27,52,Heart failure,25.0,4.0,89,missed,scheduled,134,87,94,1,Y
P100121,1,2024-03-05,56,Other,15.4,-0.2,85,collected,scheduled,141,69,94,1,N
P100121,2,2024-03-12,56,Other,15.4,0.2,88,collected,scheduled,119,79,98,1,N
P100121,3,2024-03-19,56,Other,15.4,1.5,85,collected,scheduled,120,91,96,1,Y
P100121,4,2024-03-26,56,Other,15.4,1.7,78,collected,attended,155,96,96,1,Y
P100122,1,2025-08-10,72,Hip fracture,13.0,-0.4,72,collected,scheduled,132,88,92,0,N
P100122,2,2025-08-17,72,Hip fracture,13.0,-1.2,84,collected,attended,156,68,96,0,N
P100122,3,2025-08-24,72,Hip fracture,13.0,-1.7,59,collected,scheduled,137,70,94,0,N
P100122,4,2025-08-31,72,Hip fracture,13.0,-0.8,85,collected,scheduled,118,88,96,0,N
P100123,1,2024-03-05,56,Pneumonia,11.9,1.2,65,missed,scheduled,134,64,96,0,N
P100123,2,2024-03-12,56,Pneumonia,11.9,1.1,81,collected,scheduled,143,78,94,0,N
P100123,3,2024-03-19,56,Pneumonia,11.9,0.8,100,missed,missed,172,85,94,0,N
P100123,4,2024-03-26,56,Pneumonia,11.9,0.1,80,collected,missed,142,77,95,0,N
P100124,1,2024-09-13,70,Heart failure,19.8,-0.2,64,missed,attended,153,78,95,0,N
P100124,2,2024-09-20,70,Heart failure,19.8,-0.4,78,collected,scheduled,152,74,94,0,N
P100124,3,2024-09-27,70,Heart failure,19.8,-0.6,89,collected,attended,122,81,95,0,N
P100124,4,2024-10-04,70,Heart failure,19.8,-1.1,68,collected,attended,163,82,95,0,N
P100125,1,2024-07-19,59,Other,28.9,1.0,100,collected,attended,132,67,95,1,N
P100125,2,2024-07-26,59,Other,28.9,1.7,93,collected,attended,127,83,96,1,N
P100125,3,2024-08-02,59,Other,28.9,1.6,82,collected,attended,126,91,97,1,Y
P100125,4,2024-08-09,59,Other,28.9,1.7,84,collected,attended,138,69,97,1,Y
P100126,1,2024-01-10,65,Pneumonia,13.0,-1.7,80,collected,attended,139,75,93,0,N
P100126,2,2024-01-17,65,Pneumonia,13.0,-1.0,82,collected,attended,138,75,98,0,N
P100126,3,2024-01-24,65,Pneumonia,13.0,-1.2,71,collected,attended,120,68,97,0,N
P100126,4,2024-01-31,65,Pneumonia,13.0,-1.4,93,collected,attended,123,85,95,0,N
P100127,1,2025-07-06,61,Other,13.0,-0.8,89,collected,attended,127,60,97,0,N
P100127,2,2025-07-13,61,Other,13.0,-1.1,80,collected,attended,124,100,95,0,N
P100127,3,2025-07-20,61,Other,13.0,-1.8,100,collected,attended,126,85,94,0,N
P100127,4,2025-07-27,61,Other,13.0,-1.7,93,collected,scheduled,135,79,97,0,N
P100128,1,2024-07-16,72,Hip fracture,15.4,-1.3,88,collected,missed,132,61,97,0,N
P100128,2,2024-07-23,72,Hip fracture,15.4,-1.8,87,collected,scheduled,133,85,97,0,N
P100128,3,2024-07-30,72,Hip fracture,15.4,-1.9,100,collected,attended,130,103,96,0,N
P100128,4,2024-08-06,72,Hip fracture,15.4,-1.0,100,collected,scheduled,142,71,99,0,N
P100129,1,2024-12-22,70,Kidney disease,25.0,0.4,69,collected,missed,115,92,95,1,N
P100129,2,2024-12-29,70,Kidney disease,25.0,-0.0,76,missed,attended,145,78,95,1,N
P100129,3,2025-01-05,70,Kidney disease,25.0,-0.6,85,collected,attended,126,82,95,1,Y
P100129,4,2025-01-12,70,Kidney disease,25.0,-1.2,75,collected,missed,139,84,91,1,Y
P100130,1,2025-04-04,79,Heart failure,18.2,0.1,82,collected,scheduled,125,64,96,0,N
P100130,2,2025-04-11,79,Heart failure,18.2,0.1,77,collected,attended,127,112,95,0,N
P100130,3,2025-04-18,79,Heart failure,18.2,-0.7,76,collected,attended,141,81,98,0,N
P100130,4,2025-04-25,79,Heart failure,18.2,0.3,87,collected,scheduled,121,72,95,0,N
P100131,1,2025-05-15,50,Other,11.9,1.0,75,collected,scheduled,147,71,96,0,N
P100131,2,2025-05-22,50,Other,11.9,1.6,93,collected,attended,126,78,95,0,N
P100131,3,2025-05-29,50,Other,11.9,1.2,86,collected,scheduled,133,69,96,0,N
P100131,4,2025-06-05,50,Other,11.9,0.1,92,collected,attended,121,93,94,0,N
P100132,1,2025-05-07,79,Kidney disease,33.2,-0.4,96,collected,missed,134,79,94,0,N
P100132,2,2025-05-14,79,Kidney disease,33.2,-0.7,83,collected,scheduled,149,55,97,0,N
P100132,3,2025-05-21,79,Kidney disease,33.2,-0.7,90,collected,attended,123,61,96,0,N
P100132,4,2025-05-28,79,Kidney disease,33.2,0.1,87,collected,attended,128,67,95,0,N
P100133,1,2024-10-13,82,Stroke,45.0,-0.3,93,collected,scheduled,121,80,96,0,N
P100133,2,2024-10-20,82,Stroke,45.0,-0.2,91,late,scheduled,132,87,99,0,N
P100133,3,2024-10-27,82,Stroke,45.0,0.1,94,collected,scheduled,129,83,95,0,N
P100133,4,2024-11-03,82,Stroke,45.0,-0.7,85,collected,attended,141,77,97,0,N
P100134,1,2025-06-25,72,Diabetes,21.4,0.3,81,collected,attended,121,78,100,0,N
P100134,2,2025-07-02,72,Diabetes,21.4,0.4,99,missed,attended,133,83,98,0,N
P100134,3,2025-07-09,72,Diabetes,21.4,-0.2,80,late,missed,127,61,98,0,N
P100134,4,2025-07-16,72,Diabetes,21.4,-1.4,84,collected,missed,152,88,95,0,N
P100135,1,2024-12-31,67,Stroke,15.4,-1.2,89,late,attended,143,83,97,0,N
P100135,2,2025-01-07,67,Stroke,15.4,-1.2,95,collected,attended,125,84,98,0,N
P100135,3,2025-01-14,67,Stroke,15.4,-1.1,91,collected,attended,151,77,95,0,N
P100135,4,2025-01-21,67,Stroke,15.4,-1.3,92,collected,attended,129,95,99,0,N
P100136,1,2024-12-19,59,COPD,21.4,-0.1,91,collected,scheduled,96,71,95,0,N
P100136,2,2024-12-26,59,COPD,21.4,-1.0,88,collected,attended,122,51,96,0,N
P100136,3,2025-01-02,59,COPD,21.4,-2.0,86,collected,attended,128,77,96,0,N
P100136,4,2025-01-09,59,COPD,21.4,-2.5,96,collected,attended,111,83,95,0,N
P100137,1,2024-10-23,78,COPD,40.1,0.4,100,missed,scheduled,127,84,95,0,N
P100137,2,2024-10-30,78,COPD,40.1,-0.3,91,late,attended,121,76,95,0,N
P100137,3,2024-11-06,78,COPD,40.1,1.0,100,collected,attended,106,70,95,0,N
P100137,4,2024-11-13,78,COPD,40.1,1.7,83,collected,scheduled,142,58,96,0,N
P100138,1,2024-05-22,64,Sepsis,13.0,0.4,72,missed,missed,142,84,93,1,N
P100138,2,2024-05-29,64,Sepsis,13.0,0.7,85,late,attended,130,85,97,1,N
P100138,3,2024-06-05,64,Sepsis,13.0,0.1,69,late,attended,122,99,91,1,Y
P100138,4,2024-06-12,64,Sepsis,13.0,-0.3,69,collected,missed,123,81,94,1,Y
P100139,1,2025-04-26,66,Diabetes,18.2,-0.3,86,collected,attended,126,81,97,1,N
P100139,2,2025-05-03,66,Diabetes,18.2,-0.4,93,collected,scheduled,166,84,100,1,N
P100139,3,2025-05-10,66,Diabetes,18.2,-0.9,100,collected,scheduled,104,64,93,1,Y
P100139,4,2025-05-17,66,Diabetes,18.2,-1.8,73,collected,attended,121,82,96,1,Y
P100140,1,2025-01-31,60,Stroke,19.8,-0.1,69,collected,scheduled,141,66,98,0,N
P100140,2,2025-02-07,60,Stroke,19.8,-0.7,74,late,attended,147,87,95,0,N
P100140,3,2025-02-14,60,Stroke,19.8,-0.4,89,collected,scheduled,102,74,98,0,N
P100140,4,2025-02-21,60,Stroke,19.8,0.4,93,collected,scheduled,129,73,98,0,N
P100141,1,2024-02-16,80,Pneumonia,42.6,1.3,67,collected,scheduled,140,89,97,0,N
P100141,2,2024-02-23,80,Pneumonia,42.6,1.2,96,collected,attended,133,78,94,0,N
P100141,3,2024-03-01,80,Pneumonia,42.6,0.6,77,collected,scheduled,127,81,93,0,N
P100141,4,2024-03-08,80,Pneumonia,42.6,1.2,84,collected,attended,142,92,96,0,N
P100142,1,2024-09-07,57,Pneumonia,15.4,0.5,83,collected,scheduled,122,74,97,0,N
P100142,2,2024-09-14,57,Pneumonia,15.4,0.9,97,collected,scheduled,156,54,96,0,N
P100142,3,2024-09-21,57,Pneumonia,15.4,0.7,95,collected,attended,127,64,97,0,N
P100142,4,2024-09-28,57,Pneumonia,15.4,1.6,93,collected,scheduled,137,75,97,0,N
P100143,1,2025-05-21,39,Kidney disease,11.9,0.8,90,collected,scheduled,121,77,94,0,N
P100143,2,2025-05-28,39,Kidney disease,11.9,1.4,84,collected,scheduled,115,69,96,0,N
P100143,3,2025-06-04,39,Kidney disease,11.9,0.8,79,collected,attended,115,65,94,0,N
P100143,4,2025-06-11,39,Kidney disease,11.9,1.1,94,collected,attended,113,54,97,0,N
P100144,1,2024-08-16,54,Heart failure,13.0,-0.7,76,collected,attended,140,92,98,0,N
P100144,2,2024-08-23,54,Heart failure,13.0,0.1,91,collected,attended,123,85,91,0,N
P100144,3,2024-08-30,54,Heart failure,13.0,0.3,94,late,attended,155,83,96,0,N
P100144,4,2024-09-06,54,Heart failure,13.0,0.7,91,collected,scheduled,133,60,97,0,N
P100145,1,2025-08-22,47,Kidney disease,16.8,-0.0,91,missed,missed,135,84,92,0,N
P100145,2,2025-08-29,47,Kidney disease,16.8,0.0,100,late,attended,142,69,96,0,N
P100145,3,2025-09-05,47,Kidney disease,16.8,0.1,98,collected,attended,115,90,99,0,N
P100145,4,2025-09-12,47,Kidney disease,16.8,-0.8,93,collected,attended,142,89,100,0,N
P100146,1,2025-02-07,57,Heart failure,37.8,0.5,73,late,attended,157,85,96,1,N
P100146,2,2025-02-14,57,Heart failure,37.8,1.1,82,late,attended,133,102,98,1,N
P100146,3,2025-02-21,57,Heart failure,37.8,1.9,87,collected,scheduled,144,71,97,1,Y
P100146,4,2025-02-28,57,Heart failure,37.8,2.5,63,collected,missed,139,92,95,1,Y
P100147,1,2025-05-25,97,Sepsis,33.2,-0.1,89,collected,scheduled,116,74,98,0,N
P100147,2,2025-06-01,97,Sepsis,33.2,-0.1,93,collected,attended,113,82,99,0,N
P100147,3,2025-06-08,97,Sepsis,33.2,-0.0,100,collected,scheduled,96,76,97,0,N
P100147,4,2025-06-15,97,Sepsis,33.2,-0.3,100,collected,attended,141,79,95,0,N
P100148,1,2024-07-24,85,Kidney disease,16.8,-0.3,82,missed,scheduled,148,77,96,0,N
P100148,2,2024-07-31,85,Kidney disease,16.8,-0.4,77,collected,attended,118,74,100,0,N
P100148,3,2024-08-07,85,Kidney disease,16.8,-0.9,89,collected,scheduled,130,81,96,0,N
P100148,4,2024-08-14,85,Kidney disease,16.8,-1.2,100,missed,missed,98,63,95,0,N
P100149,1,2024-01-19,56,Heart failure,15.4,-0.0,96,collected,attended,110,57,96,0,N
P100149,2,2024-01-26,56,Heart failure,15.4,-0.7,99,collected,scheduled,136,86,97,0,N
P100149,3,2024-02-02,56,Heart failure,15.4,-1.9,100,collected,attended,135,77,93,0,N
P100149,4,2024-02-09,56,Heart failure,15.4,-2.3,92,collected,scheduled,139,68,99,0,N
P100150,1,2025-04-08,58,Hip fracture,15.4,-0.2,88,collected,attended,130,68,97,0,N
P100150,2,2025-04-15,58,Hip fracture,15.4,-0.2,79,collected,scheduled,158,85,96,0,N
P100150,3,2025-04-22,58,Hip fracture,15.4,-0.5,85,collected,attended,144,64,97,0,N
P100150,4,2025-04-29,58,Hip fracture,15.4,-0.8,80,late,scheduled,130,80,96,0,N
P100151,1,2024-03-27,60,Pneumonia,23.1,-0.0,83,collected,attended,106,84,95,0,N
P100151,2,2024-04-03,60,Pneumonia,23.1,0.2,84,missed,scheduled,129,98,98,0,N
P100151,3,2024-04-10,60,Pneumonia,23.1,0.0,87,collected,attended,142,69,95,0,N
P100151,4,2024-04-17,60,Pneumonia,23.1,-0.5,86,collected,attended,127,79,97,0,N
P100152,1,2024-10-15,66,Sepsis,15.4,-0.6,77,collected,missed,154,81,94,0,N
P100152,2,2024-10-22,66,Sepsis,15.4,-0.9,64,collected,missed,114,85,94,0,N
P100152,3,2024-10-29,66,Sepsis,15.4,0.1,60,missed,scheduled,167,79,96,0,N
P100152,4,2024-11-05,66,Sepsis,15.4,-0.0,89,collected,scheduled,136,82,96,0,N
P100153,1,2024-07-21,28,Kidney disease,11.9,0.1,100,collected,scheduled,112,80,92,1,N
P100153,2,2024-07-28,28,Kidney disease,11.9,0.3,100,collected,attended,150,69,93,1,N
P100153,3,2024-08-04,28,Kidney disease,11.9,-0.6,81,collected,scheduled,153,82,96,1,Y
P100153,4,2024-08-11,28,Kidney disease,11.9,-0.2,90,collected,attended,132,67,98,1,Y
P100154,1,2024-05-28,52,Heart failure,23.1,0.3,78,collected,scheduled,157,74,97,0,N
P100154,2,2024-06-04,52,Heart failure,23.1,0.7,89,collected,missed,131,74,96,0,N
P100154,3,2024-06-11,52,Heart failure,23.1,0.0,89,collected,attended,122,89,98,0,N
P100154,4,2024-06-18,52,Heart failure,23.1,0.1,100,late,attended,114,76,96,0,N
P100155,1,2025-06-02,38,Hip fracture,11.9,-0.5,92,collected,attended,129,76,97,0,N
P100155,2,2025-06-09,38,Hip fracture,11.9,-0.9,76,collected,scheduled,126,70,99,0,N
P100155,3,2025-06-16,38,Hip fracture,11.9,-1.2,100,collected,scheduled,105,94,98,0,N
P100155,4,2025-06-23,38,Hip fracture,11.9,-1.9,100,collected,scheduled,118,82,95,0,N
P100156,1,2025-07-19,61,Pneumonia,14.2,0.4,74,collected,scheduled,148,92,98,0,N
P100156,2,2025-07-26,61,Pneumonia,14.2,0.1,89,collected,scheduled,123,70,97,0,N
P100156,3,2025-08-02,61,Pneumonia,14.2,0.2,94,collected,scheduled,119,78,97,0,N
P100156,4,2025-08-09,61,Pneumonia,14.2,0.3,91,collected,attended,115,63,94,0,N
P100157,1,2024-10-17,56,COPD,18.2,-0.2,84,collected,missed,112,64,96,0,N
P100157,2,2024-10-24,56,COPD,18.2,-0.3,70,collected,scheduled,110,95,96,0,N
P100157,3,2024-10-31,56,COPD,18.2,-0.0,78,collected,scheduled,147,74,97,0,N
P100157,4,2024-11-07,56,COPD,18.2,-0.5,87,collected,attended,113,97,96,0,N
P100158,1,2024-10-28,66,COPD,21.4,-1.0,89,missed,scheduled,133,79,93,0,N
P100158,2,2024-11-04,66,COPD,21.4,-0.8,75,collected,scheduled,137,78,99,0,N
P100158,3,2024-11-11,66,COPD,21.4,-0.8,64,late,attended,127,82,95,0,N
P100158,4,2024-11-18,66,COPD,21.4,-0.7,64,missed,missed,134,76,97,0,N
P100159,1,2025-05-05,87,COPD,23.1,-1.1,88,collected,attended,137,66,96,0,N
P100159,2,2025-05-12,87,COPD,23.1,-1.7,90,collected,scheduled,144,82,96,0,N
P100159,3,2025-05-19,87,COPD,23.1,-2.3,78,collected,attended,119,69,93,0,N
P100159,4,2025-05-26,87,COPD,23.1,-2.3,90,collected,scheduled,125,86,100,0,N
P100160,1,2024-03-04,63,Kidney disease,11.9,-0.3,100,collected,attended,115,77,95,0,N
P100160,2,2024-03-11,63,Kidney disease,11.9,0.4,94,collected,attended,145,82,94,0,N
P100160,3,2024-03-18,63,Kidney disease,11.9,0.2,100,collected,scheduled,156,71,97,0,N
P100160,4,2024-03-25,63,Kidney disease,11.9,0.3,88,collected,attended,130,64,96,0,N
P100161,1,2024-09-04,53,Heart failure,14.2,-1.1,69,late,missed,142,72,95,0,N
P100161,2,2024-09-11,53,Heart failure,14.2,-0.5,87,collected,attended,148,61,95,0,N
P100161,3,2024-09-18,53,Heart failure,14.2,-1.8,86,missed,attended,126,98,98,0,N
P100161,4,2024-09-25,53,Heart failure,14.2,-2.0,91,collected,scheduled,136,87,94,0,N
P100162,1,2025-07-01,62,COPD,19.8,-0.4,90,late,scheduled,118,80,97,0,N
P100162,2,2025-07-08,62,COPD,19.8,-0.5,99,collected,attended,158,68,97,0,N
P100162,3,2025-07-15,62,COPD,19.8,-0.4,91,late,attended,131,74,94,0,N
P100162,4,2025-07-22,62,COPD,19.8,-1.2,86,collected,attended,137,87,97,0,N
P100163,1,2025-08-15,74,Diabetes,28.9,0.4,91,late,attended,144,82,97,0,N
P100163,2,2025-08-22,74,Diabetes,28.9,0.1,98,collected,missed,145,75,100,0,N
P100163,3,2025-08-29,74,Diabetes,28.9,-0.5,87,collected,attended,136,94,93,0,N
P100163,4,2025-09-05,74,Diabetes,28.9,-0.6,100,collected,scheduled,106,93,98,0,N
P100164,1,2024-03-23,77,Pneumonia,13.0,0.1,68,collected,scheduled,138,62,97,1,N
P100164,2,2024-03-30,77,Pneumonia,13.0,0.7,87,collected,attended,122,83,97,1,N
P100164,3,2024-04-06,77,Pneumonia,13.0,-0.0,91,collected,attended,113,66,95,1,Y
P100164,4,2024-04-13,77,Pneumonia,13.0,1.1,89,collected,attended,145,81,94,1,Y
P100165,1,2024-12-15,53,Kidney disease,13.0,-0.3,100,late,attended,137,70,95,1,N
P100165,2,2024-12-22,53,Kidney disease,13.0,0.0,87,collected,scheduled,115,58,96,1,N
P100165,3,2024-12-29,53,Kidney disease,13.0,0.1,82,collected,attended,137,93,98,1,Y
P100165,4,2025-01-05,53,Kidney disease,13.0,-0.2,96,collected,missed,131,83,95,1,Y
P100166,1,2025-04-28,75,Pneumonia,11.9,-0.2,100,collected,scheduled,150,73,96,0,N
P100166,2,2025-05-05,75,Pneumonia,11.9,-0.6,82,late,scheduled,144,80,95,0,N
P100166,3,2025-05-12,75,Pneumonia,11.9,-0.2,100,collected,attended,108,83,96,0,N
P100166,4,2025-05-19,75,Pneumonia,11.9,-0.2,69,collected,attended,133,64,96,0,N
P100167,1,2024-07-05,69,Heart failure,15.4,0.5,71,collected,scheduled,133,93,95,1,N
P100167,2,2024-07-12,69,Heart failure,15.4,1.2,80,missed,scheduled,122,71,95,1,N
P100167,3,2024-07-19,69,Heart failure,15.4,0.8,93,collected,scheduled,136,84,97,1,Y
P100167,4,2024-07-26,69,Heart failure,15.4,0.6,80,collected,missed,139,69,95,1,Y
P100168,1,2024-09-15,67,Heart failure,21.4,0.4,82,collected,attended,116,85,97,0,N
P100168,2,2024-09-22,67,Heart failure,21.4,0.7,81,collected,scheduled,133,66,100,0,N
P100168,3,2024-09-29,67,Heart failure,21.4,1.0,85,collected,attended,144,80,96,0,N
P100168,4,2024-10-06,67,Heart failure,21.4,1.0,64,late,attended,125,86,94,0,N
P100169,1,2024-03-06,86,Stroke,19.8,1.0,88,missed,attended,146,69,97,1,N
P100169,2,2024-03-13,86,Stroke,19.8,1.0,77,late,missed,151,85,96,1,N
P100169,3,2024-03-20,86,Stroke,19.8,1.1,72,collected,attended,133,87,98,1,Y
P100169,4,2024-03-27,86,Stroke,19.8,1.4,83,collected,attended,124,73,93,1,Y
P100170,1,2025-07-01,71,Other,23.1,0.0,81,late,attended,136,73,100,0,N
P100170,2,2025-07-08,71,Other,23.1,1.1,93,collected,attended,154,79,96,0,N
P100170,3,2025-07-15,71,Other,23.1,1.8,75,collected,attended,122,86,95,0,N
P100170,4,2025-07-22,71,Other,23.1,1.9,91,collected,attended,129,55,96,0,N
P100171,1,2024-07-28,85,Heart failure,42.6,0.4,77,collected,attended,151,84,99,0,N
P100171,2,2024-08-04,85,Heart failure,42.6,0.4,92,collected,scheduled,131,73,100,0,N
P100171,3,2024-08-11,85,Heart failure,42.6,0.6,100,collected,attended,141,91,96,0,N
P100171,4,2024-08-18,85,Heart failure,42.6,0.4,65,collected,scheduled,152,72,95,0,N
P100172,1,2024-02-09,77,Kidney disease,33.2,0.3,68,collected,missed,124,101,97,0,N
P100172,2,2024-02-16,77,Kidney disease,33.2,0.3,89,collected,attended,144,87,95,0,N
P100172,3,2024-02-23,77,Kidney disease,33.2,-0.9,74,late,attended,149,84,96,0,N
P100172,4,2024-03-01,77,Kidney disease,33.2,-0.9,47,collected,missed,168,87,93,0,N
P100173,1,2025-04-19,48,Hip fracture,19.8,0.2,93,collected,scheduled,117,65,96,0,N
P100173,2,2025-04-26,48,Hip fracture,19.8,0.6,79,collected,scheduled,126,75,97,0,N
P100173,3,2025-05-03,48,Hip fracture,19.8,0.3,88,collected,attended,144,70,96,0,N
P100173,4,2025-05-10,48,Hip fracture,19.8,-0.4,89,late,attended,142,80,95,0,N
P100174,1,2025-02-01,64,Pneumonia,21.4,0.2,93,late,attended,134,71,98,0,N
P100174,2,2025-02-08,64,Pneumonia,21.4,0.5,79,collected,attended,112,66,96,0,N
P100174,3,2025-02-15,64,Pneumonia,21.4,1.1,79,collected,scheduled,132,90,96,0,N
P100174,4,2025-02-22,64,Pneumonia,21.4,1.7,89,collected,attended,135,88,95,0,N
P100175,1,2024-09-13,72,Pneumonia,13.0,-0.5,96,collected,attended,134,83,95,1,N
P100175,2,2024-09-20,72,Pneumonia,13.0,-0.7,100,collected,attended,151,72,95,1,N
P100175,3,2024-09-27,72,Pneumonia,13.0,-0.6,88,collected,attended,100,69,92,1,Y
P100175,4,2024-10-04,72,Pneumonia,13.0,1.0,83,collected,missed,130,67,96,1,Y
P100176,1,2025-03-15,59,Diabetes,18.2,-0.6,80,collected,missed,110,72,96,0,N
P100176,2,2025-03-22,59,Diabetes,18.2,-0.4,85,collected,scheduled,126,105,99,0,N
P100176,3,2025-03-29,59,Diabetes,18.2,-1.1,78,collected,attended,138,95,96,0,N
P100176,4,2025-04-05,59,Diabetes,18.2,-0.5,80,collected,missed,117,70,98,0,N
P100177,1,2024-06-28,67,Other,13.0,0.4,100,collected,attended,128,62,94,0,N
P100177,2,2024-07-05,67,Other,13.0,-0.6,78,late,scheduled,126,72,94,0,N
P100177,3,2024-07-12,67,Other,13.0,-1.3,89,collected,attended,146,86,97,0,N
P100177,4,2024-07-19,67,Other,13.0,-1.2,94,missed,scheduled,149,82,94,0,N
P100178,1,2024-06-19,48,Heart failure,15.4,-0.6,98,collected,attended,132,79,95,0,N
P100178,2,2024-06-26,48,Heart failure,15.4,-0.5,82,collected,missed,139,78,100,0,N
P100178,3,2024-07-03,48,Heart failure,15.4,-0.7,82,collected,attended,120,81,96,0,N
P100178,4,2024-07-10,48,Heart failure,15.4,0.1,90,late,missed,141,75,100,0,N
P100179,1,2025-08-16,39,Sepsis,11.9,-0.2,66,collected,scheduled,152,71,96,1,N
P100179,2,2025-08-23,39,Sepsis,11.9,-0.9,60,collected,scheduled,146,81,95,1,N
P100179,3,2025-08-30,39,Sepsis,11.9,-1.4,61,late,attended,115,74,91,1,Y
P100179,4,2025-09-06,39,Sepsis,11.9,-0.9,75,collected,scheduled,144,66,93,1,Y
P100180,1,2024-11-08,80,Heart failure,23.1,-0.1,84,collected,missed,167,82,96,0,N
P100180,2,2024-11-15,80,Heart failure,23.1,-0.1,63,missed,attended,138,70,96,0,N
P100180,3,2024-11-22,80,Heart failure,23.1,0.8,79,collected,missed,138,92,98,0,N
P100180,4,2024-11-29,80,Heart failure,23.1,1.5,90,collected,attended,141,94,95,0,N
P100181,1,2024-01-22,89,Kidney disease,14.2,0.5,85,collected,scheduled,122,85,94,0,N
P100181,2,2024-01-29,89,Kidney disease,14.2,0.1,88,missed,scheduled,117,60,99,0,N
P100181,3,2024-02-05,89,Kidney disease,14.2,-0.4,96,collected,scheduled,134,82,95,0,N
P100181,4,2024-02-12,89,Kidney disease,14.2,-0.9,89,collected,attended,146,97,95,0,N
P100182,1,2024-05-25,59,Kidney disease,14.2,0.4,72,late,missed,136,80,97,1,N
P100182,2,2024-06-01,59,Kidney disease,14.2,0.8,75,collected,attended,162,106,97,1,N
P100182,3,2024-06-08,59,Kidney disease,14.2,0.6,82,collected,attended,141,78,98,1,Y
P100182,4,2024-06-15,59,Kidney disease,14.2,1.4,82,late,missed,113,79,98,1,Y
P100183,1,2025-01-24,90,Hip fracture,21.4,-0.4,74,collected,missed,137,74,95,0,N
P100183,2,2025-01-31,90,Hip fracture,21.4,-0.9,75,late,attended,140,67,97,0,N
P100183,3,2025-02-07,90,Hip fracture,21.4,-1.0,95,collected,scheduled,135,86,96,0,N
P100183,4,2025-02-14,90,Hip fracture,21.4,-0.8,73,collected,attended,145,74,94,0,N
P100184,1,2025-02-22,67,Other,28.9,0.9,81,collected,attended,117,80,96,0,N
P100184,2,2025-03-01,67,Other,28.9,0.8,77,collected,scheduled,164,69,95,0,N
P100184,3,2025-03-08,67,Other,28.9,1.0,96,late,attended,138,84,99,0,N
P100184,4,2025-03-15,67,Other,28.9,2.6,95,collected,missed,160,86,98,0,N
P100185,1,2025-06-28,64,Stroke,14.2,0.9,100,collected,missed,133,101,97,0,N
P100185,2,2025-07-05,64,Stroke,14.2,0.5,95,collected,attended,104,68,94,0,N
P100185,3,2025-07-12,64,Stroke,14.2,0.9,60,collected,attended,134,88,95,0,N
P100185,4,2025-07-19,64,Stroke,14.2,0.1,100,late,attended,153,61,98,0,N
P100186,1,2025-08-21,41,Pneumonia,16.8,0.3,93,collected,attended,120,72,97,0,N
P100186,2,2025-08-28,41,Pneumonia,16.8,-0.2,88,collected,attended,152,93,97,0,N
P100186,3,2025-09-04,41,Pneumonia,16.8,0.2,93,collected,attended,139,88,99,0,N
P100186,4,2025-09-11,41,Pneumonia,16.8,1.2,85,collected,attended,153,74,97,0,N
P100187,1,2024-12-04,99,Stroke,25.0,0.1,87,late,attended,131,82,93,0,N
P100187,2,2024-12-11,99,Stroke,25.0,-0.3,62,collected,missed,130,74,97,0,N
P100187,3,2024-12-18,99,Stroke,25.0,-0.9,74,missed,scheduled,132,71,97,0,N
P100187,4,2024-12-25,99,Stroke,25.0,-0.6,79,missed,scheduled,148,71,95,0,N
P100188,1,2025-03-25,61,COPD,21.4,0.6,86,collected,attended,123,73,93,0,N
P100188,2,2025-04-01,61,COPD,21.4,0.9,92,collected,attended,128,54,95,0,N
P100188,3,2025-04-08,61,COPD,21.4,-0.9,73,collected,missed,162,81,94,0,N
P100188,4,2025-04-15,61,COPD,21.4,-2.4,100,missed,attended,130,80,97,0,N
P100189,1,2024-12-07,66,Pneumonia,15.4,0.1,100,collected,attended,143,53,95,1,N
P100189,2,2024-12-14,66,Pneumonia,15.4,-0.1,93,collected,missed,142,66,97,1,N
P100189,3,2024-12-21,66,Pneumonia,15.4,1.1,86,collected,attended,163,73,97,1,Y
P100189,4,2024-12-28,66,Pneumonia,15.4,1.2,74,collected,attended,133,70,95,1,Y
P100190,1,2024-10-08,68,Pneumonia,23.1,0.3,100,collected,attended,108,94,100,0,N
P100190,2,2024-10-15,68,Pneumonia,23.1,0.3,81,late,attended,110,78,98,0,N
P100190,3,2024-10-22,68,Pneumonia,23.1,-0.5,80,collected,attended,122,82,98,0,N
P100190,4,2024-10-29,68,Pneumonia,23.1,-0.5,92,collected,attended,153,93,96,0,N
P100191,1,2025-06-16,48,Pneumonia,19.8,0.2,79,collected,missed,136,76,94,0,N
P100191,2,2025-06-23,48,Pneumonia,19.8,-0.2,91,missed,scheduled,151,100,96,0,N
P100191,3,2025-06-30,48,Pneumonia,19.8,-0.3,74,collected,attended,142,92,96,0,N
P100191,4,2025-07-07,48,Pneumonia,19.8,0.0,68,missed,attended,132,74,94,0,N
P100192,1,2024-07-19,45,Diabetes,11.9,0.8,100,collected,attended,131,80,97,0,N
P100192,2,2024-07-26,45,Diabetes,11.9,-0.3,88,collected,attended,144,68,95,0,N
P100192,3,2024-08-02,45,Diabetes,11.9,-0.9,83,collected,scheduled,127,93,94,0,N
P100192,4,2024-08-09,45,Diabetes,11.9,-0.7,94,collected,attended,129,82,94,0,N
P100193,1,2024-07-26,69,COPD,23.1,-0.1,58,collected,scheduled,149,71,95,0,N
P100193,2,2024-08-02,69,COPD,23.1,-0.1,77,late,attended,144,71,93,0,N
P100193,3,2024-08-09,69,COPD,23.1,-0.4,83,missed,missed,112,86,94,0,N
P100193,4,2024-08-16,69,COPD,23.1,-0.0,77,late,attended,161,87,94,0,N
P100194,1,2024-03-04,58,Heart failure,21.4,0.4,100,missed,missed,154,58,95,0,N
P100194,2,2024-03-11,58,Heart failure,21.4,-0.7,83,collected,attended,150,66,97,0,N
P100194,3,2024-03-18,58,Heart failure,21.4,-1.2,63,collected,scheduled,136,83,96,0,N
P100194,4,2024-03-25,58,Heart failure,21.4,-0.8,100,collected,scheduled,108,89,99,0,N
P100195,1,2024-04-06,63,Heart failure,18.2,-0.8,99,collected,scheduled,146,76,96,0,N
P100195,2,2024-04-13,63,Heart failure,18.2,-0.9,77,collected,attended,156,76,94,0,N
P100195,3,2024-04-20,63,Heart failure,18.2,0.0,100,late,attended,119,72,96,0,N
P100195,4,2024-04-27,63,Heart failure,18.2,0.4,94,collected,attended,114,91,97,0,N
P100196,1,2024-06-06,76,Heart failure,21.4,0.4,98,missed,attended,139,99,97,0,N
P100196,2,2024-06-13,76,Heart failure,21.4,-0.1,97,collected,attended,132,75,97,0,N
P100196,3,2024-06-20,76,Heart failure,21.4,0.2,83,collected,attended,146,104,98,0,N
P100196,4,2024-06-27,76,Heart failure,21.4,0.1,93,collected,attended,124,70,94,0,N
P100197,1,2024-01-11,54,Sepsis,13.0,-0.1,82,collected,scheduled,115,64,95,0,N
P100197,2,2024-01-18,54,Sepsis,13.0,0.9,87,collected,attended,132,73,98,0,N
P100197,3,2024-01-25,54,Sepsis,13.0,0.0,84,collected,attended,118,94,95,0,N
P100197,4,2024-02-01,54,Sepsis,13.0,-0.0,92,collected,attended,143,79,96,0,N
P100198,1,2024-12-05,66,Pneumonia,11.9,1.0,79,late,attended,147,84,97,0,N
P100198,2,2024-12-12,66,Pneumonia,11.9,2.0,96,collected,attended,147,87,99,0,N
P100198,3,2024-12-19,66,Pneumonia,11.9,2.2,93,collected,scheduled,152,80,95,0,N
P100198,4,2024-12-26,66,Pneumonia,11.9,2.6,84,missed,scheduled,148,98,94,0,N
P100199,1,2024-10-01,61,Diabetes,25.0,0.9,90,collected,scheduled,115,62,95,0,N
P100199,2,2024-10-08,61,Diabetes,25.0,1.1,86,missed,attended,141,63,97,0,N
P100199,3,2024-10-15,61,Diabetes,25.0,1.0,68,collected,scheduled,143,74,100,0,N
P100199,4,2024-10-22,61,Diabetes,25.0,1.2,85,missed,attended,165,77,99,0,N
P100200,1,2024-09-08,41,Kidney disease,15.4,0.1,80,collected,attended,122,79,95,0,N
P100200,2,2024-09-15,41,Kidney disease,15.4,0.1,79,collected,scheduled,108,68,95,0,N
P100200,3,2024-09-22,41,Kidney disease,15.4,1.1,76,collected,attended,138,79,97,0,N
P100200,4,2024-09-29,41,Kidney disease,15.4,1.1,94,collected,attended,131,93,95,0,N
P100201,1,2024-11-16,60,Heart failure,16.8,0.2,82,collected,missed,145,93,94,0,N
P100201,2,2024-11-23,60,Heart failure,16.8,0.4,89,late,scheduled,155,95,95,0,N
P100201,3,2024-11-30,60,Heart failure,16.8,1.5,90,missed,scheduled,147,77,93,0,N
P100201,4,2024-12-07,60,Heart failure,16.8,2.4,76,collected,missed,125,66,98,0,N
P100202,1,2024-12-01,80,Kidney disease,16.8,-0.7,80,collected,scheduled,138,97,94,0,N
P100202,2,2024-12-08,80,Kidney disease,16.8,-0.7,82,late,attended,107,94,97,0,N
P100202,3,2024-12-15,80,Kidney disease,16.8,0.6,86,collected,scheduled,160,84,92,0,N
P100202,4,2024-12-22,80,Kidney disease,16.8,0.2,75,missed,attended,140,99,96,0,N
P100203,1,2025-06-01,75,Kidney disease,18.2,0.0,68,collected,attended,149,82,95,1,N
P100203,2,2025-06-08,75,Kidney disease,18.2,-0.1,52,late,attended,128,83,95,1,N
P100203,3,2025-06-15,75,Kidney disease,18.2,-0.5,57,collected,attended,151,90,95,1,Y
P100203,4,2025-06-22,75,Kidney disease,18.2,-0.2,63,collected,missed,152,75,99,1,Y
P100204,1,2025-05-16,67,Kidney disease,23.1,0.1,86,collected,scheduled,142,76,100,0,N
P100204,2,2025-05-23,67,Kidney disease,23.1,0.3,72,late,attended,106,82,96,0,N
P100204,3,2025-05-30,67,Kidney disease,23.1,0.1,100,collected,attended,122,78,97,0,N
P100204,4,2025-06-06,67,Kidney disease,23.1,0.4,83,collected,attended,143,106,97,0,N
P100205,1,2024-06-24,45,Heart failure,11.9,0.1,79,collected,scheduled,154,74,97,1,N
P100205,2,2024-07-01,45,Heart failure,11.9,1.4,76,collected,scheduled,137,85,95,1,N
P100205,3,2024-07-08,45,Heart failure,11.9,0.7,85,collected,attended,129,79,96,1,Y
P100205,4,2024-07-15,45,Heart failure,11.9,0.2,93,missed,scheduled,140,84,96,1,Y
P100206,1,2024-06-11,75,Hip fracture,19.8,0.1,88,collected,missed,148,91,93,1,N
P100206,2,2024-06-18,75,Hip fracture,19.8,-0.2,65,collected,attended,139,101,90,1,N
P100206,3,2024-06-25,75,Hip fracture,19.8,0.0,78,collected,missed,126,86,97,1,Y
P100206,4,2024-07-02,75,Hip fracture,19.8,-0.4,72,missed,scheduled,156,82,96,1,Y
P100207,1,2024-02-20,62,Other,15.4,-0.3,91,late,attended,154,97,93,1,N
P100207,2,2024-02-27,62,Other,15.4,-0.6,86,late,missed,139,74,97,1,N
P100207,3,2024-03-05,62,Other,15.4,0.1,62,late,missed,157,64,95,1,Y
P100207,4,2024-03-12,62,Other,15.4,0.8,73,collected,scheduled,136,74,98,1,Y
P100208,1,2025-06-25,78,Pneumonia,16.8,0.5,96,collected,attended,111,56,96,0,N
P100208,2,2025-07-02,78,Pneumonia,16.8,0.4,96,collected,scheduled,129,88,100,0,N
P100208,3,2025-07-09,78,Pneumonia,16.8,-0.5,83,collected,attended,146,86,96,0,N
P100208,4,2025-07-16,78,Pneumonia,16.8,-0.5,80,collected,scheduled,122,85,95,0,N
P100209,1,2025-04-03,96,Other,28.9,0.3,92,collected,scheduled,122,74,96,0,N
P100209,2,2025-04-10,96,Other,28.9,0.9,92,collected,attended,145,81,98,0,N
P100209,3,2025-04-17,96,Other,28.9,0.8,84,collected,scheduled,113,67,98,0,N
P100209,4,2025-04-24,96,Other,28.9,0.1,78,collected,attended,118,70,95,0,N
P100210,1,2024-11-08,52,COPD,14.2,-0.5,85,collected,scheduled,108,88,92,0,N
P100210,2,2024-11-15,52,COPD,14.2,0.0,78,collected,attended,132,95,95,0,N
P100210,3,2024-11-22,52,COPD,14.2,-0.4,99,collected,attended,146,73,95,0,N
P100210,4,2024-11-29,52,COPD,14.2,-0.3,100,collected,attended,123,77,92,0,N
P100211,1,2024-08-10,72,Heart failure,15.4,0.6,79,collected,scheduled,119,73,95,1,N
P100211,2,2024-08-17,72,Heart failure,15.4,1.2,100,collected,attended,137,102,96,1,N
P100211,3,2024-08-24,72,Heart failure,15.4,0.7,87,collected,attended,136,93,100,1,Y
P100211,4,2024-08-31,72,Heart failure,15.4,0.1,95,collected,attended,132,73,96,1,Y
P100212,1,2025-08-05,93,Sepsis,15.4,0.6,91,missed,scheduled,124,90,91,0,N
P100212,2,2025-08-12,93,Sepsis,15.4,1.0,88,collected,scheduled,155,55,93,0,N
P100212,3,2025-08-19,93,Sepsis,15.4,0.5,92,collected,attended,123,57,99,0,N
P100212,4,2025-08-26,93,Sepsis,15.4,0.8,95,collected,attended,116,78,98,0,N
P100213,1,2024-02-10,69,Other,31.0,-0.7,76,collected,missed,142,106,96,0,N
P100213,2,2024-02-17,69,Other,31.0,-0.1,67,collected,attended,106,66,97,0,N
P100213,3,2024-02-24,69,Other,31.0,-0.7,95,collected,attended,135,90,94,0,N
P100213,4,2024-03-02,69,Other,31.0,-0.8,69,collected,missed,133,80,95,0,N
P100214,1,2025-03-24,57,Heart failure,18.2,1.0,95,collected,attended,152,81,96,0,N
P100214,2,2025-03-31,57,Heart failure,18.2,0.5,99,late,scheduled,147,83,94,0,N
P100214,3,2025-04-07,57,Heart failure,18.2,0.6,98,late,scheduled,159,81,96,0,N
P100214,4,2025-04-14,57,Heart failure,18.2,-0.2,100,collected,attended,116,72,94,0,N
P100215,1,2024-05-13,82,Stroke,25.0,0.5,100,missed,attended,135,84,95,0,N
P100215,2,2024-05-20,82,Stroke,25.0,-0.1,77,late,attended,111,85,97,0,N
P100215,3,2024-05-27,82,Stroke,25.0,-1.8,67,collected,missed,94,73,99,0,N
P100215,4,2024-06-03,82,Stroke,25.0,-1.6,81,collected,scheduled,148,67,95,0,N
P100216,1,2024-01-25,70,Heart failure,14.2,1.1,87,collected,scheduled,117,86,93,1,N
P100216,2,2024-02-01,70,Heart failure,14.2,1.7,93,collected,attended,128,74,98,1,N
P100216,3,2024-02-08,70,Heart failure,14.2,1.0,100,collected,attended,130,95,97,1,Y
P100216,4,2024-02-15,70,Heart failure,14.2,1.5,94,collected,attended,113,80,98,1,Y
P100217,1,2024-09-26,53,Heart failure,19.8,1.6,91,missed,attended,138,92,92,0,N
P100217,2,2024-10-03,53,Heart failure,19.8,1.9,70,late,attended,147,84,99,0,N
P100217,3,2024-10-10,53,Heart failure,19.8,2.3,85,collected,missed,140,72,95,0,N
P100217,4,2024-10-17,53,Heart failure,19.8,3.3,82,missed,scheduled,151,83,96,0,N
P100218,1,2024-11-07,63,Other,13.0,-1.5,77,collected,attended,149,74,99,0,N
P100218,2,2024-11-14,63,Other,13.0,-2.5,65,missed,attended,111,81,94,0,N
P100218,3,2024-11-21,63,Other,13.0,-2.4,74,collected,attended,131,72,97,0,N
P100218,4,2024-11-28,63,Other,13.0,-2.4,72,missed,missed,173,59,95,0,N
P100219,1,2024-07-10,56,Heart failure,23.1,1.2,91,collected,attended,101,72,98,0,N
P100219,2,2024-07-17,56,Heart failure,23.1,0.9,81,late,scheduled,133,82,95,0,N
P100219,3,2024-07-24,56,Heart failure,23.1,0.9,99,collected,scheduled,139,69,95,0,N
P100219,4,2024-07-31,56,Heart failure,23.1,1.1,91,missed,scheduled,149,88,97,0,N
P100220,1,2024-10-18,58,Kidney disease,18.2,-0.2,98,missed,attended,134,78,93,0,N
P100220,2,2024-10-25,58,Kidney disease,18.2,-0.4,74,collected,missed,146,87,98,0,N
P100220,3,2024-11-01,58,Kidney disease,18.2,-0.2,64,collected,attended,138,53,94,0,N
P100220,4,2024-11-08,58,Kidney disease,18.2,-0.5,86,collected,attended,106,86,95,0,N
P100221,1,2024-02-27,66,Other,15.4,-0.3,87,collected,attended,137,78,98,0,N
P100221,2,2024-03-05,66,Other,15.4,0.0,91,late,attended,114,79,96,0,N
P100221,3,2024-03-12,66,Other,15.4,-0.8,82,collected,attended,120,95,95,0,N
P100221,4,2024-03-19,66,Other,15.4,-1.2,91,collected,attended,161,73,94,0,N
P100222,1,2025-07-19,56,Stroke,14.2,0.0,81,collected,scheduled,134,80,96,0,N
P100222,2,2025-07-26,56,Stroke,14.2,0.6,93,collected,attended,126,91,97,0,N
P100222,3,2025-08-02,56,Stroke,14.2,-0.1,96,collected,scheduled,141,84,96,0,N
P100222,4,2025-08-09,56,Stroke,14.2,-0.6,91,missed,scheduled,130,87,93,0,N
P100223,1,2025-04-11,90,COPD,23.1,1.0,82,collected,attended,138,79,96,0,N
P100223,2,2025-04-18,90,COPD,23.1,1.2,100,missed,attended,133,79,98,0,N
P100223,3,2025-04-25,90,COPD,23.1,-0.7,92,collected,scheduled,146,76,98,0,N
P100223,4,2025-05-02,90,COPD,23.1,-0.0,86,collected,attended,136,79,95,0,N
P100224,1,2024-12-28,70,Sepsis,37.8,-0.4,99,collected,attended,129,58,97,0,N
P100224,2,2025-01-04,70,Sepsis,37.8,-0.8,82,collected,attended,108,64,98,0,N
P100224,3,2025-01-11,70,Sepsis,37.8,-0.7,100,collected,scheduled,135,69,96,0,N
P100224,4,2025-01-18,70,Sepsis,37.8,-0.5,86,collected,attended,131,84,94,0,N
P100225,1,2024-11-20,58,Kidney disease,23.1,-0.8,83,collected,attended,146,74,97,0,N
P100225,2,2024-11-27,58,Kidney disease,23.1,-0.6,94,late,scheduled,123,75,99,0,N
P100225,3,2024-12-04,58,Kidney disease,23.1,0.0,70,collected,scheduled,135,94,96,0,N
P100225,4,2024-12-11,58,Kidney disease,23.1,0.7,96,late,missed,151,91,96,0,N
P100226,1,2024-07-19,75,Stroke,15.4,-1.0,99,late,attended,145,91,96,0,N
P100226,2,2024-07-26,75,Stroke,15.4,-0.9,78,collected,attended,129,77,93,0,N
P100226,3,2024-08-02,75,Stroke,15.4,-1.4,80,collected,attended,128,62,98,0,N
P100226,4,2024-08-09,75,Stroke,15.4,-1.0,100,collected,scheduled,125,83,99,0,N
P100227,1,2025-02-03,39,Other,11.9,0.5,77,collected,scheduled,116,112,95,0,N
P100227,2,2025-02-10,39,Other,11.9,0.4,89,late,attended,141,92,95,0,N
P100227,3,2025-02-17,39,Other,11.9,-1.1,84,missed,attended,130,111,94,0,N
P100227,4,2025-02-24,39,Other,11.9,-0.6,85,collected,attended,121,94,95,0,N
P100228,1,2024-07-01,70,COPD,31.0,-0.9,83,collected,missed,137,59,97,0,N
P100228,2,2024-07-08,70,COPD,31.0,-2.0,73,late,attended,130,78,96,0,N
P100228,3,2024-07-15,70,COPD,31.0,-1.7,88,collected,attended,112,88,92,0,N
P100228,4,2024-07-22,70,COPD,31.0,-2.4,79,late,attended,139,91,98,0,N
P100229,1,2025-02-10,49,Other,14.2,0.3,100,collected,missed,134,71,94,0,N
P100229,2,2025-02-17,49,Other,14.2,-0.2,53,collected,missed,134,88,95,0,N
P100229,3,2025-02-24,49,Other,14.2,-0.1,77,collected,attended,157,72,96,0,N
P100229,4,2025-03-03,49,Other,14.2,-0.7,62,missed,attended,157,94,92,0,N
P100230,1,2024-06-19,61,Other,19.8,0.9,97,collected,scheduled,137,81,96,0,N
P100230,2,2024-06-26,61,Other,19.8,0.5,96,collected,attended,132,61,97,0,N
P100230,3,2024-07-03,61,Other,19.8,1.2,97,collected,scheduled,125,90,94,0,N
P100230,4,2024-07-10,61,Other,19.8,1.6,86,late,attended,121,71,97,0,N
P100231,1,2025-04-13,61,Other,19.8,0.9,100,collected,attended,135,77,96,0,N
P100231,2,2025-04-20,61,Other,19.8,1.6,93,collected,scheduled,138,63,99,0,N
P100231,3,2025-04-27,61,Other,19.8,1.8,88,collected,scheduled,135,92,96,0,N
P100231,4,2025-05-04,61,Other,19.8,1.6,94,collected,attended,168,59,95,0,N
P100232,1,2024-12-07,70,Pneumonia,23.1,-0.5,81,collected,attended,137,86,94,0,N
P100232,2,2024-12-14,70,Pneumonia,23.1,-0.8,82,collected,attended,145,97,93,0,N
P100232,3,2024-12-21,70,Pneumonia,23.1,-1.1,78,collected,missed,149,89,97,0,N
P100232,4,2024-12-28,70,Pneumonia,23.1,-0.8,97,collected,attended,133,67,93,0,N
P100233,1,2024-09-05,95,Other,25.0,0.9,92,late,attended,130,85,95,0,N
P100233,2,2024-09-12,95,Other,25.0,0.7,98,collected,attended,141,84,95,0,N
P100233,3,2024-09-19,95,Other,25.0,1.1,81,collected,scheduled,156,80,98,0,N
P100233,4,2024-09-26,95,Other,25.0,1.3,85,late,attended,140,79,95,0,N
P100234,1,2024-05-16,72,Diabetes,11.9,1.2,93,collected,attended,122,57,96,0,N
P100234,2,2024-05-23,72,Diabetes,11.9,1.0,85,collected,attended,154,78,95,0,N
P100234,3,2024-05-30,72,Diabetes,11.9,1.2,98,collected,attended,132,74,93,0,N
P100234,4,2024-06-06,72,Diabetes,11.9,0.3,83,collected,attended,153,86,96,0,N
P100235,1,2025-02-18,82,Hip fracture,37.8,-1.4,70,late,attended,163,72,100,0,N
P100235,2,2025-02-25,82,Hip fracture,37.8,-1.5,82,late,scheduled,146,69,97,0,N
P100235,3,2025-03-04,82,Hip fracture,37.8,-2.4,74,late,attended,158,75,97,0,N
P100235,4,2025-03-11,82,Hip fracture,37.8,-1.8,86,late,attended,133,74,96,0,N
P100236,1,2025-01-10,85,Diabetes,37.8,0.2,86,missed,scheduled,109,78,96,0,N
P100236,2,2025-01-17,85,Diabetes,37.8,0.6,93,collected,scheduled,125,86,96,0,N
P100236,3,2025-01-24,85,Diabetes,37.8,-0.1,91,collected,attended,128,77,97,0,N
P100236,4,2025-01-31,85,Diabetes,37.8,0.6,73,collected,attended,120,103,95,0,N
P100237,1,2024-11-07,46,Other,15.4,0.4,93,collected,attended,159,90,94,0,N
P100237,2,2024-11-14,46,Other,15.4,0.4,100,collected,scheduled,136,78,95,0,N
P100237,3,2024-11-21,46,Other,15.4,-0.3,86,missed,attended,112,74,99,0,N
P100237,4,2024-11-28,46,Other,15.4,-0.1,89,collected,scheduled,132,81,94,0,N
P100238,1,2024-04-14,49,COPD,16.8,0.1,80,late,attended,149,73,99,0,N
P100238,2,2024-04-21,49,COPD,16.8,-0.1,95,late,attended,116,83,96,0,N
P100238,3,2024-04-28,49,COPD,16.8,0.3,83,collected,attended,109,60,97,0,N
P100238,4,2024-05-05,49,COPD,16.8,-0.2,96,collected,attended,121,87,96,0,N
P100239,1,2024-10-23,74,COPD,14.2,-1.0,76,late,attended,129,72,96,0,N
P100239,2,2024-10-30,74,COPD,14.2,-1.0,100,collected,scheduled,137,69,94,0,N
P100239,3,2024-11-06,74,COPD,14.2,-0.9,86,collected,scheduled,107,84,98,0,N
P100239,4,2024-11-13,74,COPD,14.2,-1.5,87,collected,attended,133,87,98,0,N
P100240,1,2024-11-25,62,Other,18.2,0.3,87,collected,attended,121,68,96,0,N
P100240,2,2024-12-02,62,Other,18.2,0.4,86,collected,attended,130,90,95,0,N
P100240,3,2024-12-09,62,Other,18.2,0.2,87,collected,attended,122,79,96,0,N
P100240,4,2024-12-16,62,Other,18.2,-0.1,71,collected,missed,117,94,97,0,N
P100241,1,2024-09-10,72,Other,15.4,-0.2,94,collected,missed,111,75,93,0,N
P100241,2,2024-09-17,72,Other,15.4,-1.0,94,collected,attended,131,80,95,0,N
P100241,3,2024-09-24,72,Other,15.4,-2.4,66,collected,attended,153,95,98,0,N
P100241,4,2024-10-01,72,Other,15.4,-2.4,90,collected,missed,141,88,95,0,N
P100242,1,2024-10-07,79,Hip fracture,16.8,-1.2,86,late,attended,128,85,97,0,N
P100242,2,2024-10-14,79,Hip fracture,16.8,-1.6,97,collected,attended,143,77,98,0,N
P100242,3,2024-10-21,79,Hip fracture,16.8,-2.0,96,collected,attended,142,69,98,0,N
P100242,4,2024-10-28,79,Hip fracture,16.8,-2.2,98,collected,attended,129,82,97,0,N
P100243,1,2024-02-01,64,Heart failure,16.8,-0.5,86,late,missed,142,96,98,0,N
P100243,2,2024-02-08,64,Heart failure,16.8,-0.7,82,missed,attended,124,61,96,0,N
P100243,3,2024-02-15,64,Heart failure,16.8,-0.9,87,collected,missed,136,88,98,0,N
P100243,4,2024-02-22,64,Heart failure,16.8,-0.3,78,collected,scheduled,147,86,95,0,N
P100244,1,2024-12-21,62,Sepsis,14.2,-0.0,81,collected,scheduled,138,73,92,0,N
P100244,2,2024-12-28,62,Sepsis,14.2,0.2,84,collected,attended,138,79,100,0,N
P100244,3,2025-01-04,62,Sepsis,14.2,0.4,92,collected,attended,128,84,97,0,N
P100244,4,2025-01-11,62,Sepsis,14.2,0.2,86,missed,attended,128,81,97,0,N
P100245,1,2025-05-09,77,Diabetes,23.1,-1.0,86,collected,scheduled,107,70,95,0,N
P100245,2,2025-05-16,77,Diabetes,23.1,-1.3,98,collected,attended,151,72,98,0,N
P100245,3,2025-05-23,77,Diabetes,23.1,-1.0,86,collected,attended,110,63,97,0,N
P100245,4,2025-05-30,77,Diabetes,23.1,-0.5,100,collected,missed,147,73,95,0,N
P100246,1,2025-06-13,63,Other,18.2,1.6,81,collected,missed,118,79,94,1,N
P100246,2,2025-06-20,63,Other,18.2,2.4,78,collected,attended,140,84,97,1,N
P100246,3,2025-06-27,63,Other,18.2,3.3,86,collected,attended,140,76,93,1,Y
P100246,4,2025-07-04,63,Other,18.2,2.9,77,collected,attended,133,79,98,1,Y
P100247,1,2025-05-15,82,Other,16.8,0.5,79,collected,attended,128,68,94,0,N
P100247,2,2025-05-22,82,Other,16.8,1.3,76,late,attended,134,102,98,0,N
P100247,3,2025-05-29,82,Other,16.8,1.5,97,collected,scheduled,145,89,96,0,N
P100247,4,2025-06-05,82,Other,16.8,1.9,83,collected,scheduled,154,86,97,0,N
P100248,1,2024-09-04,74,Other,21.4,-0.4,58,collected,scheduled,136,102,95,0,N
P100248,2,2024-09-11,74,Other,21.4,-0.4,100,collected,attended,115,85,97,0,N
P100248,3,2024-09-18,74,Other,21.4,-1.2,100,collected,missed,134,61,96,0,N
P100248,4,2024-09-25,74,Other,21.4,-1.1,90,collected,scheduled,137,75,95,0,N
P100249,1,2024-08-27,76,Sepsis,25.0,1.0,100,late,attended,116,80,98,0,N
P100249,2,2024-09-03,76,Sepsis,25.0,1.0,100,collected,missed,136,70,97,0,N
P100249,3,2024-09-10,76,Sepsis,25.0,1.3,74,collected,attended,134,77,97,0,N
P100249,4,2024-09-17,76,Sepsis,25.0,1.9,94,collected,missed,153,56,98,0,N
P100250,1,2024-05-04,72,Diabetes,16.8,0.1,85,collected,attended,149,66,99,0,N
P100250,2,2024-05-11,72,Diabetes,16.8,-0.9,79,missed,scheduled,131,85,95,0,N
P100250,3,2024-05-18,72,Diabetes,16.8,0.0,68,missed,scheduled,162,59,98,0,N
P100250,4,2024-05-25,72,Diabetes,16.8,0.1,81,collected,attended,129,73,94,0,N
P100251,1,2025-05-11,56,Diabetes,11.9,0.7,98,collected,attended,129,77,97,0,N
P100251,2,2025-05-18,56,Diabetes,11.9,0.0,89,collected,scheduled,132,81,96,0,N
P100251,3,2025-05-25,56,Diabetes,11.9,-0.8,84,missed,scheduled,136,76,98,0,N
P100251,4,2025-06-01,56,Diabetes,11.9,-0.4,93,collected,attended,137,74,93,0,N
P100252,1,2024-07-15,75,Other,15.4,-0.9,95,collected,scheduled,123,63,94,0,N
P100252,2,2024-07-22,75,Other,15.4,-0.4,89,collected,scheduled,121,84,100,0,N
P100252,3,2024-07-29,75,Other,15.4,-1.3,95,collected,attended,135,82,96,0,N
P100252,4,2024-08-05,75,Other,15.4,-1.2,76,collected,attended,134,92,93,0,N
P100253,1,2024-10-26,80,Diabetes,26.9,0.1,90,collected,missed,152,62,95,0,N
P100253,2,2024-11-02,80,Diabetes,26.9,0.6,97,collected,scheduled,121,81,95,0,N
P100253,3,2024-11-09,80,Diabetes,26.9,-0.0,83,collected,attended,109,103,97,0,N
P100253,4,2024-11-16,80,Diabetes,26.9,-0.1,97,collected,missed,139,77,99,0,N
P100254,1,2024-11-06,53,Other,14.2,-0.2,79,collected,scheduled,107,75,97,0,N
P100254,2,2024-11-13,53,Other,14.2,0.7,74,collected,attended,141,75,100,0,N
P100254,3,2024-11-20,53,Other,14.2,1.0,84,collected,scheduled,153,89,96,0,N
P100254,4,2024-11-27,53,Other,14.2,0.3,74,missed,attended,138,75,98,0,N
P100255,1,2024-10-04,38,Heart failure,15.4,-1.3,83,collected,attended,133,96,100,0,N
P100255,2,2024-10-11,38,Heart failure,15.4,-1.3,100,collected,scheduled,138,83,95,0,N
P100255,3,2024-10-18,38,Heart failure,15.4,-1.4,83,collected,attended,156,86,95,0,N
P100255,4,2024-10-25,38,Heart failure,15.4,-1.2,84,collected,attended,136,62,94,0,N
P100256,1,2025-06-10,85,Other,37.8,0.4,98,collected,attended,123,72,98,1,N
P100256,2,2025-06-17,85,Other,37.8,0.6,100,collected,scheduled,136,74,95,1,N
P100256,3,2025-06-24,85,Other,37.8,1.1,81,collected,scheduled,142,80,95,1,Y
P100256,4,2025-07-01,85,Other,37.8,1.0,94,collected,attended,131,67,95,1,Y
P100257,1,2024-01-19,65,Sepsis,16.8,-0.5,79,missed,scheduled,131,72,95,0,N
P100257,2,2024-01-26,65,Sepsis,16.8,0.0,74,collected,attended,147,71,96,0,N
P100257,3,2024-02-02,65,Sepsis,16.8,-0.6,94,collected,scheduled,144,68,96,0,N
P100257,4,2024-02-09,65,Sepsis,16.8,-0.6,87,collected,attended,112,86,97,0,N
P100258,1,2025-03-30,40,Kidney disease,13.0,0.5,88,collected,attended,154,89,98,0,N
P100258,2,2025-04-06,40,Kidney disease,13.0,0.9,86,missed,attended,103,97,95,0,N
P100258,3,2025-04-13,40,Kidney disease,13.0,-0.0,97,collected,scheduled,133,86,99,0,N
P100258,4,2025-04-20,40,Kidney disease,13.0,-0.1,74,collected,attended,136,66,94,0,N
P100259,1,2025-01-15,63,Heart failure,18.2,-0.0,91,collected,scheduled,142,79,93,0,N
P100259,2,2025-01-22,63,Heart failure,18.2,-0.4,83,collected,attended,123,77,97,0,N
P100259,3,2025-01-29,63,Heart failure,18.2,-1.5,98,collected,attended,120,73,96,0,N
P100259,4,2025-02-05,63,Heart failure,18.2,-0.9,80,collected,attended,115,78,99,0,N
P100260,1,2024-04-17,73,Stroke,15.4,-0.5,95,collected,missed,133,72,96,0,N
P100260,2,2024-04-24,73,Stroke,15.4,-1.4,90,late,attended,129,85,95,0,N
P100260,3,2024-05-01,73,Stroke,15.4,-1.0,83,collected,scheduled,140,95,100,0,N
P100260,4,2024-05-08,73,Stroke,15.4,-0.4,95,collected,attended,120,74,94,0,N
P100261,1,2024-05-02,52,Diabetes,15.4,1.0,89,collected,attended,144,81,92,0,N
P100261,2,2024-05-09,52,Diabetes,15.4,1.2,75,missed,scheduled,145,85,94,0,N
P100261,3,2024-05-16,52,Diabetes,15.4,1.3,77,missed,attended,110,79,95,0,N
P100261,4,2024-05-23,52,Diabetes,15.4,1.1,61,missed,missed,126,75,96,0,N
P100262,1,2025-02-08,44,Pneumonia,16.8,-0.5,94,collected,attended,112,62,94,0,N
P100262,2,2025-02-15,44,Pneumonia,16.8,-1.3,87,collected,attended,140,84,96,0,N
P100262,3,2025-02-22,44,Pneumonia,16.8,-1.7,71,collected,attended,109,75,95,0,N
P100262,4,2025-03-01,44,Pneumonia,16.8,-1.6,100,collected,attended,153,81,97,0,N
P100263,1,2024-07-13,84,Heart failure,15.4,0.7,74,collected,attended,134,93,92,0,N
P100263,2,2024-07-20,84,Heart failure,15.4,0.1,65,collected,scheduled,138,99,94,0,N
P100263,3,2024-07-27,84,Heart failure,15.4,2.1,66,collected,scheduled,133,76,96,0,N
P100263,4,2024-08-03,84,Heart failure,15.4,2.9,74,missed,missed,137,81,96,0,N
P100264,1,2025-07-26,53,COPD,15.4,-0.6,93,collected,scheduled,124,53,96,0,N
P100264,2,2025-08-02,53,COPD,15.4,0.3,77,collected,attended,141,60,97,0,N
P100264,3,2025-08-09,53,COPD,15.4,0.1,100,collected,attended,127,79,95,0,N
P100264,4,2025-08-16,53,COPD,15.4,-0.2,94,collected,missed,135,82,99,0,N
P100265,1,2024-03-30,55,COPD,16.8,1.0,100,collected,attended,136,59,96,0,N
P100265,2,2024-04-06,55,COPD,16.8,1.3,90,late,attended,153,81,95,0,N
P100265,3,2024-04-13,55,COPD,16.8,1.7,87,collected,scheduled,125,69,96,0,N
P100265,4,2024-04-20,55,COPD,16.8,1.6,79,collected,attended,159,78,99,0,N
P100266,1,2024-05-06,69,Stroke,14.2,1.3,84,collected,scheduled,116,77,95,1,N
P100266,2,2024-05-13,69,Stroke,14.2,1.6,88,collected,attended,109,52,95,1,N
P100266,3,2024-05-20,69,Stroke,14.2,1.8,85,collected,scheduled,148,70,97,1,Y
P100266,4,2024-05-27,69,Stroke,14.2,2.0,60,collected,missed,156,79,95,1,Y
P100267,1,2025-03-24,76,Hip fracture,19.8,0.3,77,collected,missed,150,69,96,0,N
P100267,2,2025-03-31,76,Hip fracture,19.8,-0.6,78,collected,attended,122,95,100,0,N
P100267,3,2025-04-07,76,Hip fracture,19.8,-0.2,51,late,missed,157,84,98,0,N
P100267,4,2025-04-14,76,Hip fracture,19.8,0.8,88,late,missed,143,77,95,0,N
P100268,1,2025-01-26,67,COPD,16.8,-1.1,97,collected,attended,128,77,93,0,N
P100268,2,2025-02-02,67,COPD,16.8,-0.3,86,collected,attended,125,115,95,0,N
P100268,3,2025-02-09,67,COPD,16.8,0.1,79,late,attended,115,74,95,0,N
P100268,4,2025-02-16,67,COPD,16.8,1.1,72,collected,attended,117,81,98,0,N
P100269,1,2024-07-21,59,Hip fracture,15.4,0.5,73,collected,attended,146,82,94,0,N
P100269,2,2024-07-28,59,Hip fracture,15.4,0.8,98,collected,scheduled,163,71,97,0,N
P100269,3,2024-08-04,59,Hip fracture,15.4,1.1,86,collected,attended,155,80,93,0,N
P100269,4,2024-08-11,59,Hip fracture,15.4,0.9,100,collected,attended,139,83,96,0,N
P100270,1,2025-07-01,43,Heart failure,13.0,-0.8,72,collected,attended,133,75,96,0,N
P100270,2,2025-07-08,43,Heart failure,13.0,-1.5,78,late,scheduled,147,85,100,0,N
P100270,3,2025-07-15,43,Heart failure,13.0,-1.6,81,collected,attended,107,85,96,0,N
P100270,4,2025-07-22,43,Heart failure,13.0,-2.2,82,collected,attended,106,99,99,0,N
P100271,1,2025-01-25,74,Heart failure,15.4,0.8,76,late,missed,158,96,97,1,N
P100271,2,2025-02-01,74,Heart failure,15.4,1.8,73,missed,missed,149,94,96,1,N
P100271,3,2025-02-08,74,Heart failure,15.4,2.8,75,collected,attended,132,106,97,1,Y
P100271,4,2025-02-15,74,Heart failure,15.4,3.3,84,late,attended,149,77,98,1,Y
P100272,1,2024-09-03,62,Diabetes,31.0,0.2,96,collected,attended,112,91,94,0,N
P100272,2,2024-09-10,62,Diabetes,31.0,-0.1,78,late,attended,116,84,97,0,N
P100272,3,2024-09-17,62,Diabetes,31.0,0.0,100,collected,scheduled,123,80,96,0,N
P100272,4,2024-09-24,62,Diabetes,31.0,0.3,100,collected,attended,75,76,96,0,N
P100273,1,2025-04-04,68,Diabetes,16.8,0.0,73,missed,attended,143,72,97,0,N
P100273,2,2025-04-11,68,Diabetes,16.8,-0.0,66,collected,attended,146,64,97,0,N
P100273,3,2025-04-18,68,Diabetes,16.8,-0.5,68,collected,missed,135,68,98,0,N
P100273,4,2025-04-25,68,Diabetes,16.8,0.1,75,collected,scheduled,158,91,99,0,N
P100274,1,2024-09-25,62,Hip fracture,23.1,0.7,90,collected,attended,114,87,94,0,N
P100274,2,2024-10-02,62,Hip fracture,23.1,1.2,81,collected,attended,119,56,96,0,N
P100274,3,2024-10-09,62,Hip fracture,23.1,1.0,90,collected,attended,152,84,98,0,N
P100274,4,2024-10-16,62,Hip fracture,23.1,1.2,91,late,scheduled,120,79,97,0,N
P100275,1,2025-03-12,98,Heart failure,25.0,0.8,87,late,scheduled,147,74,97,1,N
P100275,2,2025-03-19,98,Heart failure,25.0,0.6,70,collected,missed,146,86,94,1,N
P100275,3,2025-03-26,98,Heart failure,25.0,1.0,76,late,attended,151,76,92,1,Y
P100275,4,2025-04-02,98,Heart failure,25.0,1.3,73,missed,attended,137,85,97,1,Y
P100276,1,2024-12-27,65,Diabetes,15.4,-0.4,72,collected,missed,142,87,95,0,N
P100276,2,2025-01-03,65,Diabetes,15.4,-0.5,77,collected,attended,106,84,94,0,N
P100276,3,2025-01-10,65,Diabetes,15.4,-0.4,73,collected,scheduled,119,80,94,0,N
P100276,4,2025-01-17,65,Diabetes,15.4,-0.2,68,collected,attended,150,80,94,0,N
P100277,1,2024-10-09,63,Pneumonia,19.8,-0.3,80,late,attended,102,97,96,0,N
P100277,2,2024-10-16,63,Pneumonia,19.8,-0.7,80,late,attended,121,70,96,0,N
P100277,3,2024-10-23,63,Pneumonia,19.8,-1.3,86,collected,attended,144,84,99,0,N
P100277,4,2024-10-30,63,Pneumonia,19.8,-1.6,84,collected,scheduled,148,63,99,0,N
P100278,1,2024-03-20,85,Other,28.9,0.0,88,collected,scheduled,136,67,95,0,N
P100278,2,2024-03-27,85,Other,28.9,0.1,85,collected,attended,147,79,96,0,N
P100278,3,2024-04-03,85,Other,28.9,-0.4,81,collected,attended,146,98,94,0,N
P100278,4,2024-04-10,85,Other,28.9,0.2,93,collected,attended,121,66,93,0,N
P100279,1,2025-03-11,54,Heart failure,21.4,0.1,100,missed,scheduled,146,80,98,0,N
P100279,2,2025-03-18,54,Heart failure,21.4,0.4,95,collected,scheduled,125,71,95,0,N
P100279,3,2025-03-25,54,Heart failure,21.4,-0.2,83,collected,attended,135,73,96,0,N
P100279,4,2025-04-01,54,Heart failure,21.4,-0.9,94,late,attended,144,75,96,0,N
P100280,1,2025-02-07,81,Heart failure,31.0,-0.4,100,missed,attended,153,72,96,0,N
P100280,2,2025-02-14,81,Heart failure,31.0,-0.7,89,collected,attended,143,80,96,0,N
P100280,3,2025-02-21,81,Heart failure,31.0,-1.3,96,late,attended,144,76,93,0,N
P100280,4,2025-02-28,81,Heart failure,31.0,-1.0,85,collected,attended,127,72,93,0,N
P100281,1,2024-07-08,69,Heart failure,13.0,0.4,99,late,attended,140,72,97,0,N
P100281,2,2024-07-15,69,Heart failure,13.0,1.4,74,collected,attended,143,48,95,0,N
P100281,3,2024-07-22,69,Heart failure,13.0,1.4,96,collected,attended,115,67,95,0,N
P100281,4,2024-07-29,69,Heart failure,13.0,1.8,97,collected,scheduled,106,67,96,0,N
P100282,1,2024-07-15,63,COPD,16.8,-1.1,99,collected,attended,132,94,98,0,N
P100282,2,2024-07-22,63,COPD,16.8,-0.6,74,collected,missed,130,91,93,0,N
P100282,3,2024-07-29,63,COPD,16.8,-1.1,81,collected,scheduled,125,73,97,0,N
P100282,4,2024-08-05,63,COPD,16.8,-0.4,96,collected,attended,104,75,94,0,N
P100283,1,2024-05-12,93,Pneumonia,18.2,-0.3,88,collected,attended,126,78,97,0,N
P100283,2,2024-05-19,93,Pneumonia,18.2,-1.2,79,collected,attended,126,75,97,0,N
P100283,3,2024-05-26,93,Pneumonia,18.2,-1.5,96,collected,attended,158,91,96,0,N
P100283,4,2024-06-02,93,Pneumonia,18.2,-2.1,76,late,attended,140,77,95,0,N
P100284,1,2025-02-19,74,Kidney disease,15.4,-0.2,75,late,scheduled,120,86,97,0,N
P100284,2,2025-02-26,74,Kidney disease,15.4,-0.8,91,missed,attended,144,97,94,0,N
P100284,3,2025-03-05,74,Kidney disease,15.4,-1.1,98,collected,scheduled,122,82,99,0,N
P100284,4,2025-03-12,74,Kidney disease,15.4,-1.6,86,collected,attended,139,91,94,0,N
P100285,1,2025-04-13,65,Other,18.2,-0.9,93,collected,attended,123,78,93,0,N
P100285,2,2025-04-20,65,Other,18.2,-0.3,100,collected,scheduled,149,67,96,0,N
P100285,3,2025-04-27,65,Other,18.2,0.0,99,late,attended,118,81,94,0,N
P100285,4,2025-05-04,65,Other,18.2,-0.7,71,collected,attended,123,77,99,0,N
P100286,1,2024-08-27,53,Pneumonia,14.2,-0.2,95,late,missed,117,80,95,0,N
P100286,2,2024-09-03,53,Pneumonia,14.2,0.4,82,late,attended,124,57,99,0,N
P100286,3,2024-09-10,53,Pneumonia,14.2,-0.2,98,collected,attended,132,67,97,0,N
P100286,4,2024-09-17,53,Pneumonia,14.2,0.5,90,collected,missed,129,82,97,0,N
P100287,1,2024-06-25,96,COPD,19.8,-0.3,83,missed,scheduled,135,92,99,0,N
P100287,2,2024-07-02,96,COPD,19.8,-0.3,91,collected,attended,132,99,96,0,N
P100287,3,2024-07-09,96,COPD,19.8,-0.6,94,collected,attended,130,72,95,0,N
P100287,4,2024-07-16,96,COPD,19.8,-0.7,83,collected,attended,118,82,96,0,N
P100288,1,2024-07-18,75,Pneumonia,28.9,-1.5,100,collected,attended,110,68,95,0,N
P100288,2,2024-07-25,75,Pneumonia,28.9,-0.8,89,collected,scheduled,129,73,97,0,N
P100288,3,2024-08-01,75,Pneumonia,28.9,-0.0,81,collected,scheduled,111,104,94,0,N
P100288,4,2024-08-08,75,Pneumonia,28.9,-0.5,74,collected,missed,132,91,97,0,N
P100289,1,2024-12-29,94,Pneumonia,15.4,1.0,81,collected,attended,136,82,94,0,N
P100289,2,2025-01-05,94,Pneumonia,15.4,0.7,100,collected,attended,110,71,98,0,N
P100289,3,2025-01-12,94,Pneumonia,15.4,0.8,76,late,attended,136,81,96,0,N
P100289,4,2025-01-19,94,Pneumonia,15.4,0.8,95,collected,scheduled,114,86,98,0,N
P100290,1,2024-03-09,65,Heart failure,15.4,0.2,100,collected,attended,176,87,97,0,N
P100290,2,2024-03-16,65,Heart failure,15.4,0.9,87,collected,attended,146,81,98,0,N
P100290,3,2024-03-23,65,Heart failure,15.4,1.2,92,missed,scheduled,130,92,94,0,N
P100290,4,2024-03-30,65,Heart failure,15.4,0.9,100,collected,attended,142,86,99,0,N
P100291,1,2025-08-25,73,Heart failure,16.8,0.1,85,collected,missed,147,92,96,0,N
P100291,2,2025-09-01,73,Heart failure,16.8,-0.3,99,collected,attended,147,64,99,0,N
P100291,3,2025-09-08,73,Heart failure,16.8,-0.6,98,collected,attended,156,64,99,0,N
P100291,4,2025-09-15,73,Heart failure,16.8,0.0,73,collected,scheduled,146,67,97,0,N
P100292,1,2024-08-26,65,COPD,16.8,-0.1,66,missed,scheduled,134,86,95,0,N
P100292,2,2024-09-02,65,COPD,16.8,0.4,78,collected,scheduled,137,85,97,0,N
P100292,3,2024-09-09,65,COPD,16.8,0.3,59,late,attended,128,77,94,0,N
P100292,4,2024-09-16,65,COPD,16.8,0.9,85,collected,attended,132,63,93,0,N
P100293,1,2024-04-18,99,Other,16.8,0.1,85,collected,attended,112,90,96,0,N
P100293,2,2024-04-25,99,Other,16.8,-0.9,95,collected,attended,129,76,93,0,N
P100293,3,2024-05-02,99,Other,16.8,-1.1,71,collected,missed,129,91,96,0,N
P100293,4,2024-05-09,99,Other,16.8,-0.9,94,collected,attended,144,75,97,0,N
P100294,1,2025-07-02,61,Pneumonia,11.9,-0.1,89,collected,attended,150,85,94,1,N
P100294,2,2025-07-09,61,Pneumonia,11.9,-0.1,79,collected,attended,128,69,96,1,N
P100294,3,2025-07-16,61,Pneumonia,11.9,-0.4,100,missed,attended,126,73,97,1,Y
P100294,4,2025-07-23,61,Pneumonia,11.9,-1.3,86,collected,attended,135,75,95,1,Y
P100295,1,2024-07-17,88,Sepsis,21.4,0.5,84,collected,attended,166,62,95,0,N
P100295,2,2024-07-24,88,Sepsis,21.4,-0.4,87,collected,attended,111,88,97,0,N
P100295,3,2024-07-31,88,Sepsis,21.4,-0.9,100,late,attended,119,70,97,0,N
P100295,4,2024-08-07,88,Sepsis,21.4,-1.6,77,late,scheduled,142,82,95,0,N
P100296,1,2025-05-02,58,COPD,16.8,-0.7,74,collected,attended,161,67,97,0,N
P100296,2,2025-05-09,58,COPD,16.8,-1.3,72,missed,missed,156,97,97,0,N
P100296,3,2025-05-16,58,COPD,16.8,-1.4,71,collected,missed,147,75,93,0,N
P100296,4,2025-05-23,58,COPD,16.8,-1.7,94,late,missed,132,90,96,0,N
P100297,1,2024-02-15,48,Pneumonia,18.2,0.1,76,collected,attended,139,95,97,1,N
P100297,2,2024-02-22,48,Pneumonia,18.2,1.7,92,collected,attended,131,69,95,1,N
P100297,3,2024-02-29,48,Pneumonia,18.2,1.9,84,collected,scheduled,133,87,95,1,Y
P100297,4,2024-03-07,48,Pneumonia,18.2,0.7,99,missed,scheduled,147,69,94,1,Y
P100298,1,2025-01-31,55,Heart failure,19.8,-0.1,97,missed,attended,125,95,96,1,N
P100298,2,2025-02-07,55,Heart failure,19.8,0.2,79,late,scheduled,152,81,98,1,N
P100298,3,2025-02-14,55,Heart failure,19.8,0.3,90,collected,attended,154,67,95,1,Y
P100298,4,2025-02-21,55,Heart failure,19.8,0.9,100,late,attended,134,83,98,1,Y
P100299,1,2024-08-23,85,Heart failure,15.4,0.3,69,collected,scheduled,148,82,98,0,N
P100299,2,2024-08-30,85,Heart failure,15.4,0.2,100,collected,attended,141,90,99,0,N
P100299,3,2024-09-06,85,Heart failure,15.4,-1.0,89,collected,attended,130,77,93,0,N
P100299,4,2024-09-13,85,Heart failure,15.4,0.3,100,collected,scheduled,129,62,95,0,N
P100300,1,2024-05-10,79,Stroke,26.9,0.1,84,collected,attended,110,87,97,0,N
P100300,2,2024-05-17,79,Stroke,26.9,-0.2,82,collected,scheduled,118,72,95,0,N
P100300,3,2024-05-24,79,Stroke,26.9,0.7,81,collected,attended,134,86,98,0,N
P100300,4,2024-05-31,79,Stroke,26.9,0.6,79,missed,attended,149,64,97,0,N
P100301,1,2025-02-04,45,Heart failure,15.4,-0.6,79,collected,attended,134,91,98,0,N
P100301,2,2025-02-11,45,Heart failure,15.4,-0.5,100,collected,scheduled,122,70,96,0,N
P100301,3,2025-02-18,45,Heart failure,15.4,-1.0,76,collected,attended,124,88,98,0,N
P100301,4,2025-02-25,45,Heart failure,15.4,0.1,73,collected,attended,152,98,95,0,N
P100302,1,2024-01-26,70,COPD,26.9,-0.6,82,collected,attended,122,97,96,0,N
P100302,2,2024-02-02,70,COPD,26.9,-0.1,80,collected,attended,140,89,94,0,N
P100302,3,2024-02-09,70,COPD,26.9,-0.5,98,late,attended,124,64,94,0,N
P100302,4,2024-02-16,70,COPD,26.9,-0.7,80,collected,attended,112,91,98,0,N
P100303,1,2025-02-08,74,Stroke,14.2,0.6,100,collected,scheduled,154,81,96,0,N
P100303,2,2025-02-15,74,Stroke,14.2,0.9,83,collected,missed,143,75,98,0,N
P100303,3,2025-02-22,74,Stroke,14.2,1.0,72,collected,attended,149,69,98,0,N
P100303,4,2025-03-01,74,Stroke,14.2,1.8,100,collected,attended,143,74,93,0,N
P100304,1,2024-07-31,69,Sepsis,15.4,-0.3,73,missed,attended,168,91,97,0,N
P100304,2,2024-08-07,69,Sepsis,15.4,-0.2,82,missed,scheduled,165,78,98,0,N
P100304,3,2024-08-14,69,Sepsis,15.4,-0.9,94,collected,scheduled,139,71,94,0,N
P100304,4,2024-08-21,69,Sepsis,15.4,-0.8,82,collected,missed,122,85,93,0,N
P100305,1,2025-08-11,43,COPD,16.8,0.2,84,collected,attended,147,70,96,0,N
P100305,2,2025-08-18,43,COPD,16.8,0.2,93,collected,missed,133,70,97,0,N
P100305,3,2025-08-25,43,COPD,16.8,0.0,84,collected,attended,137,86,97,0,N
P100305,4,2025-09-01,43,COPD,16.8,-0.0,83,late,scheduled,116,82,97,0,N
P100306,1,2025-03-07,59,Stroke,13.0,-0.1,81,collected,attended,132,89,97,1,N
P100306,2,2025-03-14,59,Stroke,13.0,1.2,71,missed,attended,136,84,96,1,N
P100306,3,2025-03-21,59,Stroke,13.0,0.6,85,collected,scheduled,131,85,94,1,Y
P100306,4,2025-03-28,59,Stroke,13.0,0.7,76,late,attended,157,95,94,1,Y
P100307,1,2024-06-16,59,Kidney disease,15.4,0.6,92,collected,scheduled,127,95,98,0,N
P100307,2,2024-06-23,59,Kidney disease,15.4,1.0,93,collected,attended,109,84,97,0,N
P100307,3,2024-06-30,59,Kidney disease,15.4,1.4,86,collected,scheduled,160,78,99,0,N
P100307,4,2024-07-07,59,Kidney disease,15.4,1.2,82,collected,scheduled,145,73,96,0,N
P100308,1,2024-10-28,63,Stroke,15.4,-1.0,79,collected,attended,132,53,93,0,N
P100308,2,2024-11-04,63,Stroke,15.4,0.3,87,collected,scheduled,130,68,97,0,N
P100308,3,2024-11-11,63,Stroke,15.4,0.3,90,collected,attended,100,88,92,0,N
P100308,4,2024-11-18,63,Stroke,15.4,-0.5,88,missed,scheduled,105,64,96,0,N
P100309,1,2024-12-07,84,Diabetes,18.2,0.0,80,collected,scheduled,134,91,91,0,N
P100309,2,2024-12-14,84,Diabetes,18.2,0.6,84,collected,attended,120,87,95,0,N
P100309,3,2024-12-21,84,Diabetes,18.2,1.5,80,collected,attended,127,95,97,0,N
P100309,4,2024-12-28,84,Diabetes,18.2,0.7,92,late,scheduled,141,75,99,0,N
P100310,1,2024-10-01,82,Diabetes,28.9,0.4,96,collected,attended,132,81,98,0,N
P100310,2,2024-10-08,82,Diabetes,28.9,0.5,100,collected,attended,139,76,96,0,N
P100310,3,2024-10-15,82,Diabetes,28.9,1.1,100,late,attended,131,87,96,0,N
P100310,4,2024-10-22,82,Diabetes,28.9,1.7,93,collected,attended,128,62,94,0,N
P100311,1,2024-10-06,81,Other,21.4,0.1,71,late,attended,142,85,97,0,N
P100311,2,2024-10-13,81,Other,21.4,-0.0,69,collected,attended,125,78,97,0,N
P100311,3,2024-10-20,81,Other,21.4,0.1,84,late,scheduled,158,77,93,0,N
P100311,4,2024-10-27,81,Other,21.4,0.7,98,collected,missed,135,83,93,0,N
P100312,1,2025-06-25,69,Heart failure,13.0,0.3,98,collected,attended,120,80,97,0,N
P100312,2,2025-07-02,69,Heart failure,13.0,1.2,99,collected,attended,140,79,95,0,N
P100312,3,2025-07-09,69,Heart failure,13.0,0.6,76,collected,missed,143,73,94,0,N
P100312,4,2025-07-16,69,Heart failure,13.0,0.6,99,collected,attended,126,93,96,0,N
P100313,1,2025-05-10,54,Hip fracture,19.8,-1.1,91,late,missed,132,69,96,1,N
P100313,2,2025-05-17,54,Hip fracture,19.8,-1.5,80,collected,attended,147,72,96,1,N
P100313,3,2025-05-24,54,Hip fracture,19.8,-2.1,81,collected,scheduled,118,84,97,1,Y
P100313,4,2025-05-31,54,Hip fracture,19.8,-1.0,88,collected,attended,128,87,96,1,Y
P100314,1,2024-05-17,37,Hip fracture,15.4,-0.1,100,collected,attended,133,69,97,0,N
P100314,2,2024-05-24,37,Hip fracture,15.4,-0.7,99,collected,attended,117,75,97,0,N
P100314,3,2024-05-31,37,Hip fracture,15.4,-0.3,98,collected,attended,155,85,100,0,N
P100314,4,2024-06-07,37,Hip fracture,15.4,-0.9,68,collected,attended,136,61,97,0,N
P100315,1,2024-02-04,46,Hip fracture,19.8,0.9,75,late,attended,154,80,96,0,N
P100315,2,2024-02-11,46,Hip fracture,19.8,1.1,88,missed,attended,159,90,96,0,N
P100315,3,2024-02-18,46,Hip fracture,19.8,1.4,100,collected,attended,149,60,99,0,N
P100315,4,2024-02-25,46,Hip fracture,19.8,0.5,81,collected,attended,127,65,96,0,N
P100316,1,2024-09-05,46,Hip fracture,13.0,0.6,83,missed,attended,163,74,95,0,N
P100316,2,2024-09-12,46,Hip fracture,13.0,0.5,97,collected,scheduled,91,79,96,0,N
P100316,3,2024-09-19,46,Hip fracture,13.0,-0.8,100,collected,scheduled,127,94,98,0,N
P100316,4,2024-09-26,46,Hip fracture,13.0,-0.9,74,collected,attended,144,67,92,0,N
P100317,1,2024-09-08,68,Pneumonia,11.9,0.1,91,collected,attended,125,81,94,0,N
P100317,2,2024-09-15,68,Pneumonia,11.9,0.2,76,collected,attended,124,72,98,0,N
P100317,3,2024-09-22,68,Pneumonia,11.9,-0.9,97,collected,attended,146,96,96,0,N
P100317,4,2024-09-29,68,Pneumonia,11.9,-0.4,91,collected,scheduled,143,77,95,0,N
P100318,1,2025-07-07,74,Pneumonia,21.4,-0.6,69,late,attended,119,85,95,1,N
P100318,2,2025-07-14,74,Pneumonia,21.4,-0.5,62,collected,scheduled,139,88,97,1,N
P100318,3,2025-07-21,74,Pneumonia,21.4,-0.2,59,collected,attended,135,70,98,1,Y
P100318,4,2025-07-28,74,Pneumonia,21.4,-1.3,93,missed,attended,137,90,97,1,Y
P100319,1,2024-08-28,73,Other,19.8,-0.2,100,late,attended,136,77,96,0,N
P100319,2,2024-09-04,73,Other,19.8,-0.2,79,collected,scheduled,143,87,96,0,N
P100319,3,2024-09-11,73,Other,19.8,-0.5,77,collected,scheduled,140,87,93,0,N
P100319,4,2024-09-18,73,Other,19.8,-0.4,78,collected,scheduled,142,91,95,0,N
P100320,1,2025-06-02,46,Heart failure,14.2,-0.3,87,collected,scheduled,126,66,96,0,N
P100320,2,2025-06-09,46,Heart failure,14.2,-0.1,100,collected,scheduled,139,56,97,0,N
P100320,3,2025-06-16,46,Heart failure,14.2,0.8,88,collected,scheduled,150,69,94,0,N
P100320,4,2025-06-23,46,Heart failure,14.2,0.8,74,collected,attended,126,90,95,0,N
P100321,1,2024-01-20,69,Pneumonia,23.1,-0.0,70,collected,scheduled,136,102,96,0,N
P100321,2,2024-01-27,69,Pneumonia,23.1,-0.6,74,collected,attended,112,90,95,0,N
P100321,3,2024-02-03,69,Pneumonia,23.1,0.1,71,collected,scheduled,162,93,91,0,N
P100321,4,2024-02-10,69,Pneumonia,23.1,-0.5,100,collected,attended,127,66,96,0,N
P100322,1,2024-11-13,60,Diabetes,26.9,-0.1,91,collected,scheduled,141,57,95,1,N
P100322,2,2024-11-20,60,Diabetes,26.9,0.4,100,collected,attended,128,59,96,1,N
P100322,3,2024-11-27,60,Diabetes,26.9,0.2,100,collected,scheduled,118,59,95,1,Y
P100322,4,2024-12-04,60,Diabetes,26.9,0.9,81,collected,scheduled,128,99,93,1,Y
P100323,1,2024-04-10,61,Pneumonia,23.1,1.0,52,collected,missed,132,91,95,0,N
P100323,2,2024-04-17,61,Pneumonia,23.1,0.7,66,late,scheduled,135,90,97,0,N
P100323,3,2024-04-24,61,Pneumonia,23.1,0.1,73,collected,missed,113,80,98,0,N
P100323,4,2024-05-01,61,Pneumonia,23.1,0.4,81,late,missed,146,60,98,0,N
P100324,1,2024-04-17,61,Other,25.0,-0.3,61,missed,missed,134,94,96,0,N
P100324,2,2024-04-24,61,Other,25.0,-0.9,71,collected,scheduled,112,85,96,0,N
P100324,3,2024-05-01,61,Other,25.0,-1.8,66,collected,scheduled,127,112,97,0,N
P100324,4,2024-05-08,61,Other,25.0,-1.1,78,collected,scheduled,127,88,95,0,N
P100325,1,2024-03-13,72,COPD,25.0,0.6,92,collected,attended,159,68,100,0,N
P100325,2,2024-03-20,72,COPD,25.0,-0.1,78,collected,attended,154,57,99,0,N
P100325,3,2024-03-27,72,COPD,25.0,-0.3,77,collected,missed,108,67,99,0,N
P100325,4,2024-04-03,72,COPD,25.0,-0.1,78,collected,attended,116,87,96,0,N
P100326,1,2025-07-02,90,Pneumonia,19.8,-0.9,94,missed,attended,130,84,97,0,N
P100326,2,2025-07-09,90,Pneumonia,19.8,-1.2,90,collected,attended,109,56,96,0,N
P100326,3,2025-07-16,90,Pneumonia,19.8,-1.3,100,collected,missed,128,90,94,0,N
P100326,4,2025-07-23,90,Pneumonia,19.8,-1.3,88,collected,attended,102,95,94,0,N
P100327,1,2024-11-09,43,Stroke,13.0,0.4,78,collected,attended,135,74,97,0,N
P100327,2,2024-11-16,43,Stroke,13.0,0.5,87,collected,scheduled,120,84,95,0,N
P100327,3,2024-11-23,43,Stroke,13.0,1.2,90,collected,scheduled,108,80,97,0,N
P100327,4,2024-11-30,43,Stroke,13.0,1.0,79,collected,scheduled,138,71,98,0,N
P100328,1,2025-05-24,94,Heart failure,37.8,0.1,90,collected,attended,101,82,98,0,N
P100328,2,2025-05-31,94,Heart failure,37.8,-0.8,85,collected,attended,130,62,97,0,N
P100328,3,2025-06-07,94,Heart failure,37.8,-1.1,92,collected,missed,127,86,96,0,N
P100328,4,2025-06-14,94,Heart failure,37.8,-1.2,84,late,attended,130,86,94,0,N
P100329,1,2025-02-14,59,Pneumonia,21.4,1.2,97,collected,attended,126,71,95,0,N
P100329,2,2025-02-21,59,Pneumonia,21.4,1.5,92,collected,attended,128,87,96,0,N
P100329,3,2025-02-28,59,Pneumonia,21.4,2.2,100,collected,scheduled,159,87,99,0,N
P100329,4,2025-03-07,59,Pneumonia,21.4,2.4,80,late,attended,152,76,99,0,N
P100330,1,2024-11-11,41,COPD,15.4,-0.8,88,collected,attended,126,59,96,0,N
P100330,2,2024-11-18,41,COPD,15.4,-0.5,88,collected,scheduled,120,69,96,0,N
P100330,3,2024-11-25,41,COPD,15.4,-0.2,99,collected,attended,137,87,97,0,N
P100330,4,2024-12-02,41,COPD,15.4,0.3,91,collected,attended,119,80,96,0,N
P100331,1,2024-11-18,41,COPD,16.8,-0.3,77,collected,attended,127,72,94,0,N
P100331,2,2024-11-25,41,COPD,16.8,-2.0,85,collected,attended,100,68,95,0,N
P100331,3,2024-12-02,41,COPD,16.8,-1.8,97,collected,scheduled,121,85,95,0,N
P100331,4,2024-12-09,41,COPD,16.8,-2.2,95,collected,attended,117,79,97,0,N
P100332,1,2024-07-07,52,COPD,19.8,-0.2,76,collected,attended,126,81,98,0,N
P100332,2,2024-07-14,52,COPD,19.8,0.2,83,collected,attended,129,80,99,0,N
P100332,3,2024-07-21,52,COPD,19.8,1.7,86,collected,scheduled,142,81,98,0,N
P100332,4,2024-07-28,52,COPD,19.8,2.3,95,collected,attended,126,71,98,0,N
P100333,1,2025-04-03,63,Other,15.4,-0.3,73,collected,attended,135,87,96,0,N
P100333,2,2025-04-10,63,Other,15.4,0.5,94,collected,attended,126,86,96,0,N
P100333,3,2025-04-17,63,Other,15.4,0.8,81,collected,missed,129,71,95,0,N
P100333,4,2025-04-24,63,Other,15.4,0.4,73,collected,attended,114,85,97,0,N
P100334,1,2024-01-30,71,Hip fracture,23.1,-1.1,91,collected,attended,146,82,98,0,N
P100334,2,2024-02-06,71,Hip fracture,23.1,-1.0,93,collected,attended,128,63,94,0,N
P100334,3,2024-02-13,71,Hip fracture,23.1,-0.8,88,collected,attended,141,80,96,0,N
P100334,4,2024-02-20,71,Hip fracture,23.1,-0.5,100,collected,scheduled,139,83,98,0,N
P100335,1,2024-12-08,77,Heart failure,18.2,0.4,91,collected,attended,127,72,94,0,N
P100335,2,2024-12-15,77,Heart failure,18.2,0.2,89,collected,attended,108,80,94,0,N
P100335,3,2024-12-22,77,Heart failure,18.2,0.5,87,collected,attended,131,79,92,0,N
P100335,4,2024-12-29,77,Heart failure,18.2,0.5,88,collected,attended,128,97,96,0,N
P100336,1,2025-07-10,56,Kidney disease,23.1,-0.5,76,collected,scheduled,139,77,95,0,N
P100336,2,2025-07-17,56,Kidney disease,23.1,-0.9,96,collected,attended,119,66,97,0,N
P100336,3,2025-07-24,56,Kidney disease,23.1,-0.6,92,collected,attended,119,90,97,0,N
P100336,4,2025-07-31,56,Kidney disease,23.1,0.2,77,collected,attended,160,72,99,0,N
P100337,1,2025-05-01,66,Diabetes,25.0,-0.1,100,collected,attended,117,63,95,0,N
P100337,2,2025-05-08,66,Diabetes,25.0,-0.9,91,collected,attended,131,80,96,0,N
P100337,3,2025-05-15,66,Diabetes,25.0,-0.3,82,collected,scheduled,123,90,94,0,N
P100337,4,2025-05-22,66,Diabetes,25.0,-0.3,92,collected,attended,136,104,99,0,N
P100338,1,2024-06-28,49,Heart failure,14.2,-0.4,62,collected,scheduled,136,90,94,0,N
P100338,2,2024-07-05,49,Heart failure,14.2,1.1,84,collected,attended,133,97,93,0,N
P100338,3,2024-07-12,49,Heart failure,14.2,0.1,80,collected,attended,148,69,95,0,N
P100338,4,2024-07-19,49,Heart failure,14.2,0.4,92,collected,scheduled,131,87,96,0,N
P100339,1,2025-04-29,100,COPD,23.1,-1.0,78,collected,missed,156,89,96,0,N
P100339,2,2025-05-06,100,COPD,23.1,-0.8,95,collected,scheduled,118,80,98,0,N
P100339,3,2025-05-13,100,COPD,23.1,-2.7,89,collected,attended,134,72,96,0,N
P100339,4,2025-05-20,100,COPD,23.1,-2.3,80,late,attended,116,72,95,0,N
P100340,1,2025-02-12,77,Hip fracture,25.0,-0.0,79,collected,scheduled,137,109,96,0,N
P100340,2,2025-02-19,77,Hip fracture,25.0,-0.7,100,late,attended,149,77,95,0,N
P100340,3,2025-02-26,77,Hip fracture,25.0,0.2,77,collected,scheduled,126,90,93,0,N
P100340,4,2025-03-05,77,Hip fracture,25.0,-0.0,78,collected,attended,122,67,94,0,N
P100341,1,2024-11-27,93,Other,23.1,1.5,81,collected,scheduled,130,75,96,0,N
P100341,2,2024-12-04,93,Other,23.1,2.4,99,collected,attended,119,71,94,0,N
P100341,3,2024-12-11,93,Other,23.1,3.4,96,collected,scheduled,108,81,97,0,N
P100341,4,2024-12-18,93,Other,23.1,2.7,100,collected,attended,147,81,94,0,N
P100342,1,2025-08-15,55,Pneumonia,11.9,0.1,75,missed,attended,145,74,95,0,N
P100342,2,2025-08-22,55,Pneumonia,11.9,0.5,100,collected,attended,124,78,98,0,N
P100342,3,2025-08-29,55,Pneumonia,11.9,0.4,96,collected,scheduled,150,58,98,0,N
P100342,4,2025-09-05,55,Pneumonia,11.9,0.3,100,collected,attended,141,72,94,0,N
P100343,1,2025-04-07,52,Diabetes,16.8,0.5,77,missed,attended,100,87,93,1,N
P100343,2,2025-04-14,52,Diabetes,16.8,1.9,62,collected,missed,151,81,100,1,N
P100343,3,2025-04-21,52,Diabetes,16.8,1.5,72,collected,missed,133,92,98,1,Y
P100343,4,2025-04-28,52,Diabetes,16.8,0.8,89,collected,missed,127,78,94,1,Y
P100344,1,2025-05-20,73,COPD,16.8,-0.7,100,collected,scheduled,125,68,93,0,N
P100344,2,2025-05-27,73,COPD,16.8,-1.3,84,collected,attended,131,82,96,0,N
P100344,3,2025-06-03,73,COPD,16.8,-0.7,89,collected,attended,142,73,96,0,N
P100344,4,2025-06-10,73,COPD,16.8,-0.3,91,collected,attended,116,86,97,0,N
P100345,1,2024-09-06,48,Pneumonia,11.9,-0.7,97,collected,missed,136,63,97,1,N
P100345,2,2024-09-13,48,Pneumonia,11.9,-1.8,86,collected,attended,141,92,99,1,N
P100345,3,2024-09-20,48,Pneumonia,11.9,-1.7,79,late,attended,134,81,98,1,Y
P100345,4,2024-09-27,48,Pneumonia,11.9,-1.7,86,collected,missed,123,74,98,1,Y
P100346,1,2024-02-10,52,Sepsis,13.0,-0.5,62,collected,attended,142,63,92,0,N
P100346,2,2024-02-17,52,Sepsis,13.0,0.9,86,collected,scheduled,153,84,95,0,N
P100346,3,2024-02-24,52,Sepsis,13.0,1.7,72,late,missed,136,68,94,0,N
P100346,4,2024-03-02,52,Sepsis,13.0,2.3,73,collected,attended,145,86,94,0,N
P100347,1,2024-07-01,46,Diabetes,21.4,0.5,75,missed,missed,129,78,97,1,N
P100347,2,2024-07-08,46,Diabetes,21.4,1.1,76,collected,scheduled,134,93,91,1,N
P100347,3,2024-07-15,46,Diabetes,21.4,2.5,88,late,scheduled,143,86,97,1,Y
P100347,4,2024-07-22,46,Diabetes,21.4,3.0,60,collected,scheduled,124,66,94,1,Y
P100348,1,2025-04-08,72,COPD,25.0,-0.4,72,collected,attended,142,78,97,0,N
P100348,2,2025-04-15,72,COPD,25.0,-1.4,100,collected,scheduled,152,81,96,0,N
P100348,3,2025-04-22,72,COPD,25.0,-1.3,100,collected,scheduled,136,71,98,0,N
P100348,4,2025-04-29,72,COPD,25.0,-2.6,98,collected,scheduled,135,65,94,0,N
P100349,1,2024-08-08,64,Hip fracture,25.0,0.3,82,collected,scheduled,147,78,94,1,N
P100349,2,2024-08-15,64,Hip fracture,25.0,0.7,99,missed,missed,135,92,94,1,N
P100349,3,2024-08-22,64,Hip fracture,25.0,0.3,93,collected,scheduled,148,72,98,1,Y
P100349,4,2024-08-29,64,Hip fracture,25.0,-1.1,87,collected,attended,103,89,97,1,Y
P100350,1,2024-05-12,56,Heart failure,19.8,0.9,85,collected,attended,114,83,99,0,N
P100350,2,2024-05-19,56,Heart failure,19.8,1.8,99,late,attended,145,76,92,0,N
P100350,3,2024-05-26,56,Heart failure,19.8,2.1,94,late,attended,127,61,93,0,N
P100350,4,2024-06-02,56,Heart failure,19.8,2.5,87,collected,attended,135,70,93,0,N
P100351,1,2024-07-16,69,Stroke,23.1,0.3,90,collected,attended,141,87,95,0,N
P100351,2,2024-07-23,69,Stroke,23.1,1.4,82,collected,attended,107,77,97,0,N
P100351,3,2024-07-30,69,Stroke,23.1,0.5,90,collected,scheduled,128,83,94,0,N
P100351,4,2024-08-06,69,Stroke,23.1,1.6,81,collected,attended,131,81,96,0,N
P100352,1,2024-06-16,66,Other,11.9,0.1,58,collected,attended,98,82,97,0,N
P100352,2,2024-06-23,66,Other,11.9,0.0,78,collected,attended,149,53,95,0,N
P100352,3,2024-06-30,66,Other,11.9,1.2,87,collected,attended,152,85,95,0,N
P100352,4,2024-07-07,66,Other,11.9,1.4,69,collected,missed,120,86,95,0,N
P100353,1,2024-11-11,79,Other,31.0,-0.0,73,collected,missed,142,82,92,1,N
P100353,2,2024-11-18,79,Other,31.0,-0.1,91,collected,attended,95,84,94,1,N
P100353,3,2024-11-25,79,Other,31.0,-0.2,83,collected,attended,155,62,95,1,Y
P100353,4,2024-12-02,79,Other,31.0,-0.6,75,late,scheduled,102,80,96,1,Y
P100354,1,2024-01-21,57,Other,19.8,0.2,99,collected,attended,133,76,98,1,N
P100354,2,2024-01-28,57,Other,19.8,-0.9,88,collected,attended,136,77,96,1,N
P100354,3,2024-02-04,57,Other,19.8,-0.3,92,collected,attended,112,97,97,1,Y
P100354,4,2024-02-11,57,Other,19.8,1.1,100,collected,attended,134,85,94,1,Y
P100355,1,2024-12-06,100,COPD,21.4,0.5,67,missed,attended,144,86,96,1,N
P100355,2,2024-12-13,100,COPD,21.4,0.6,81,collected,attended,164,72,91,1,N
P100355,3,2024-12-20,100,COPD,21.4,-0.0,89,collected,missed,156,94,93,1,Y
P100355,4,2024-12-27,100,COPD,21.4,0.1,60,collected,scheduled,145,82,94,1,Y
P100356,1,2025-01-22,77,Other,25.0,-0.1,71,collected,scheduled,141,83,98,0,N
P100356,2,2025-01-29,77,Other,25.0,-0.0,85,missed,attended,132,74,93,0,N
P100356,3,2025-02-05,77,Other,25.0,-1.4,81,collected,scheduled,134,92,91,0,N
P100356,4,2025-02-12,77,Other,25.0,-1.3,92,collected,attended,141,65,95,0,N
P100357,1,2024-11-30,76,Other,16.8,0.0,75,collected,attended,139,69,94,0,N
P100357,2,2024-12-07,76,Other,16.8,-0.1,78,collected,attended,123,81,99,0,N
P100357,3,2024-12-14,76,Other,16.8,-0.0,90,collected,attended,136,68,93,0,N
P100357,4,2024-12-21,76,Other,16.8,0.3,75,collected,scheduled,132,92,95,0,N
P100358,1,2024-05-29,58,Other,15.4,0.2,97,collected,attended,144,75,97,0,N
P100358,2,2024-06-05,58,Other,15.4,0.2,90,collected,attended,132,62,97,0,N
P100358,3,2024-06-12,58,Other,15.4,-0.3,97,collected,attended,145,59,93,0,N
P100358,4,2024-06-19,58,Other,15.4,-1.8,86,late,attended,117,60,95,0,N
P100359,1,2024-06-25,51,Other,18.2,0.1,80,collected,missed,124,70,96,0,N
P100359,2,2024-07-02,51,Other,18.2,0.6,100,late,attended,115,111,96,0,N
P100359,3,2024-07-09,51,Other,18.2,0.5,87,collected,missed,130,85,97,0,N
P100359,4,2024-07-16,51,Other,18.2,1.4,99,missed,attended,137,43,98,0,N
P100360,1,2024-12-20,59,Hip fracture,33.2,-0.9,93,missed,missed,144,72,92,1,N
P100360,2,2024-12-27,59,Hip fracture,33.2,-0.4,95,late,attended,119,87,96,1,N
P100360,3,2025-01-03,59,Hip fracture,33.2,0.4,93,missed,attended,130,84,95,1,Y
P100360,4,2025-01-10,59,Hip fracture,33.2,0.6,90,collected,attended,127,67,96,1,Y
P100361,1,2024-06-08,59,Diabetes,19.8,-0.9,93,collected,attended,140,67,97,0,N
P100361,2,2024-06-15,59,Diabetes,19.8,-1.0,94,late,attended,140,109,96,0,N
P100361,3,2024-06-22,59,Diabetes,19.8,-2.4,84,collected,attended,130,72,93,0,N
P100361,4,2024-06-29,59,Diabetes,19.8,-2.6,71,collected,scheduled,117,66,94,0,N
P100362,1,2024-10-08,61,Heart failure,13.0,1.1,88,collected,scheduled,121,84,95,0,N
P100362,2,2024-10-15,61,Heart failure,13.0,0.7,88,collected,missed,117,80,96,0,N
P100362,3,2024-10-22,61,Heart failure,13.0,1.0,86,missed,attended,141,86,97,0,N
P100362,4,2024-10-29,61,Heart failure,13.0,2.1,85,collected,scheduled,134,96,93,0,N
P100363,1,2024-10-01,55,Sepsis,13.0,-0.4,89,collected,attended,108,57,96,1,N
P100363,2,2024-10-08,55,Sepsis,13.0,-0.6,80,collected,scheduled,127,92,93,1,N
P100363,3,2024-10-15,55,Sepsis,13.0,-1.5,79,late,scheduled,139,71,97,1,Y
P100363,4,2024-10-22,55,Sepsis,13.0,-3.1,84,collected,scheduled,119,65,99,1,Y
P100364,1,2024-03-31,75,Other,15.4,0.6,82,collected,missed,128,79,97,0,N
P100364,2,2024-04-07,75,Other,15.4,-0.1,77,collected,attended,121,65,94,0,N
P100364,3,2024-04-14,75,Other,15.4,0.1,81,collected,attended,117,73,95,0,N
P100364,4,2024-04-21,75,Other,15.4,-0.2,79,collected,attended,139,83,93,0,N
P100365,1,2024-01-28,55,Other,15.4,-0.0,84,missed,attended,123,77,96,0,N
P100365,2,2024-02-04,55,Other,15.4,0.0,92,collected,attended,123,67,98,0,N
P100365,3,2024-02-11,55,Other,15.4,-0.2,90,collected,scheduled,134,68,100,0,N
P100365,4,2024-02-18,55,Other,15.4,-0.8,100,collected,scheduled,117,76,94,0,N
P100366,1,2024-07-07,70,Stroke,21.4,-0.3,92,collected,missed,130,82,93,0,N
P100366,2,2024-07-14,70,Stroke,21.4,0.2,97,collected,scheduled,122,76,96,0,N
P100366,3,2024-07-21,70,Stroke,21.4,-0.5,95,collected,attended,141,65,96,0,N
P100366,4,2024-07-28,70,Stroke,21.4,-0.7,100,collected,scheduled,122,78,97,0,N
P100367,1,2024-04-25,74,Heart failure,26.9,0.4,78,missed,attended,124,78,98,1,N
P100367,2,2024-05-02,74,Heart failure,26.9,0.3,93,collected,attended,121,67,99,1,N
P100367,3,2024-05-09,74,Heart failure,26.9,0.4,85,collected,attended,127,93,96,1,Y
P100367,4,2024-05-16,74,Heart failure,26.9,2.0,72,collected,attended,133,86,96,1,Y
P100368,1,2025-01-13,85,Stroke,11.9,0.5,80,collected,attended,142,85,97,0,N
P100368,2,2025-01-20,85,Stroke,11.9,1.0,100,collected,attended,159,94,96,0,N
P100368,3,2025-01-27,85,Stroke,11.9,0.6,91,collected,scheduled,108,74,95,0,N
P100368,4,2025-02-03,85,Stroke,11.9,0.4,86,collected,attended,117,70,98,0,N
P100369,1,2025-01-23,75,Kidney disease,19.8,-0.3,92,missed,attended,143,58,97,0,N
P100369,2,2025-01-30,75,Kidney disease,19.8,-1.2,81,collected,attended,119,91,97,0,N
P100369,3,2025-02-06,75,Kidney disease,19.8,-1.2,83,late,attended,134,80,97,0,N
P100369,4,2025-02-13,75,Kidney disease,19.8,-1.4,88,collected,scheduled,116,77,95,0,N
P100370,1,2024-02-20,72,Pneumonia,16.8,0.1,79,missed,missed,146,88,95,1,N
P100370,2,2024-02-27,72,Pneumonia,16.8,0.6,65,late,scheduled,145,85,97,1,N
P100370,3,2024-03-05,72,Pneumonia,16.8,1.3,82,late,missed,129,98,97,1,Y
P100370,4,2024-03-12,72,Pneumonia,16.8,1.5,78,collected,attended,150,86,99,1,Y
P100371,1,2025-04-24,77,Sepsis,18.2,0.3,80,collected,missed,155,93,94,1,N
P100371,2,2025-05-01,77,Sepsis,18.2,-0.3,61,late,scheduled,154,94,95,1,N
P100371,3,2025-05-08,77,Sepsis,18.2,-0.3,62,collected,attended,134,84,97,1,Y
P100371,4,2025-05-15,77,Sepsis,18.2,-0.7,66,late,missed,152,86,95,1,Y
P100372,1,2024-04-01,85,COPD,19.8,-0.4,88,missed,attended,111,89,98,0,N
P100372,2,2024-04-08,85,COPD,19.8,-0.5,92,collected,scheduled,125,78,95,0,N
P100372,3,2024-04-15,85,COPD,19.8,-0.7,100,collected,missed,128,68,98,0,N
P100372,4,2024-04-22,85,COPD,19.8,-0.8,89,collected,attended,133,89,96,0,N
P100373,1,2024-10-12,93,Kidney disease,55.0,0.3,84,collected,scheduled,127,67,94,0,N
P100373,2,2024-10-19,93,Kidney disease,55.0,0.6,82,collected,attended,113,55,96,0,N
P100373,3,2024-10-26,93,Kidney disease,55.0,-0.3,96,collected,missed,140,75,96,0,N
P100373,4,2024-11-02,93,Kidney disease,55.0,-2.0,78,collected,attended,149,64,97,0,N
P100374,1,2025-07-04,75,Other,23.1,-0.0,75,collected,scheduled,142,83,97,1,N
P100374,2,2025-07-11,75,Other,23.1,0.1,70,collected,missed,144,76,95,1,N
P100374,3,2025-07-18,75,Other,23.1,0.0,74,collected,missed,165,93,94,1,Y
P100374,4,2025-07-25,75,Other,23.1,-0.3,82,late,scheduled,139,93,96,1,Y
P100375,1,2025-08-09,68,COPD,19.8,-0.8,90,collected,attended,155,79,99,1,N
P100375,2,2025-08-16,68,COPD,19.8,-0.9,87,collected,attended,146,53,99,1,N
P100375,3,2025-08-23,68,COPD,19.8,-1.6,73,late,attended,132,67,96,1,Y
P100375,4,2025-08-30,68,COPD,19.8,-2.4,97,collected,scheduled,135,70,92,1,Y
P100376,1,2024-10-02,55,Pneumonia,11.9,1.2,100,collected,attended,124,88,97,0,N
P100376,2,2024-10-09,55,Pneumonia,11.9,1.5,93,collected,scheduled,148,71,97,0,N
P100376,3,2024-10-16,55,Pneumonia,11.9,1.9,99,collected,attended,121,77,96,0,N
P100376,4,2024-10-23,55,Pneumonia,11.9,2.3,87,collected,missed,149,43,95,0,N
P100377,1,2025-02-23,58,Hip fracture,13.0,0.3,89,collected,attended,126,82,99,0,N
P100377,2,2025-03-02,58,Hip fracture,13.0,0.6,97,late,scheduled,144,86,95,0,N
P100377,3,2025-03-09,58,Hip fracture,13.0,0.7,97,collected,attended,110,77,98,0,N
P100377,4,2025-03-16,58,Hip fracture,13.0,0.6,76,collected,scheduled,143,90,98,0,N
P100378,1,2024-02-05,67,COPD,15.4,-0.2,66,collected,scheduled,131,87,95,0,N
P100378,2,2024-02-12,67,COPD,15.4,0.3,80,collected,scheduled,164,74,100,0,N
P100378,3,2024-02-19,67,COPD,15.4,0.4,76,collected,attended,118,96,93,0,N
P100378,4,2024-02-26,67,COPD,15.4,1.3,98,late,attended,144,56,98,0,N
P100379,1,2025-06-14,70,COPD,25.0,1.4,95,collected,scheduled,141,88,92,1,N
P100379,2,2025-06-21,70,COPD,25.0,0.4,100,collected,attended,140,83,97,1,N
P100379,3,2025-06-28,70,COPD,25.0,1.5,88,collected,scheduled,145,76,95,1,Y
P100379,4,2025-07-05,70,COPD,25.0,1.6,77,collected,attended,124,61,96,1,Y
P100380,1,2024-08-31,67,Kidney disease,19.8,0.8,77,collected,attended,104,70,96,0,N
P100380,2,2024-09-07,67,Kidney disease,19.8,-0.5,77,missed,missed,140,104,96,0,N
P100380,3,2024-09-14,67,Kidney disease,19.8,-1.0,65,collected,missed,147,95,98,0,N
P100380,4,2024-09-21,67,Kidney disease,19.8,-1.4,78,collected,missed,145,87,95,0,N
P100381,1,2024-10-06,83,Other,28.9,-1.4,95,collected,scheduled,136,82,95,1,N
P100381,2,2024-10-13,83,Other,28.9,-0.7,70,collected,scheduled,141,59,97,1,N
P100381,3,2024-10-20,83,Other,28.9,-2.1,81,collected,attended,118,101,97,1,Y
P100381,4,2024-10-27,83,Other,28.9,-2.6,99,collected,scheduled,136,91,95,1,Y
P100382,1,2024-10-19,76,Stroke,37.8,-0.6,80,collected,attended,145,80,98,0,N
P100382,2,2024-10-26,76,Stroke,37.8,-0.9,80,missed,attended,139,74,98,0,N
P100382,3,2024-11-02,76,Stroke,37.8,-0.2,84,collected,attended,127,69,93,0,N
P100382,4,2024-11-09,76,Stroke,37.8,0.6,80,late,attended,147,76,97,0,N
P100383,1,2025-04-18,100,Other,16.8,-0.0,86,collected,attended,143,86,94,0,N
P100383,2,2025-04-25,100,Other,16.8,0.5,80,collected,attended,124,88,99,0,N
P100383,3,2025-05-02,100,Other,16.8,1.9,82,collected,attended,146,84,96,0,N
P100383,4,2025-05-09,100,Other,16.8,3.0,85,collected,attended,122,78,98,0,N
P100384,1,2025-01-11,79,Kidney disease,19.8,-0.1,100,collected,missed,131,77,95,1,N
P100384,2,2025-01-18,79,Kidney disease,19.8,-0.6,96,collected,attended,113,87,91,1,N
P100384,3,2025-01-25,79,Kidney disease,19.8,-1.1,68,missed,missed,152,81,93,1,Y
P100384,4,2025-02-01,79,Kidney disease,19.8,-1.3,62,collected,attended,152,100,96,1,Y
P100385,1,2024-09-12,76,Other,28.9,-0.8,72,collected,attended,116,79,96,0,N
P100385,2,2024-09-19,76,Other,28.9,-0.7,73,collected,scheduled,122,85,95,0,N
P100385,3,2024-09-26,76,Other,28.9,-1.2,82,collected,scheduled,138,73,93,0,N
P100385,4,2024-10-03,76,Other,28.9,-1.5,94,collected,missed,134,85,98,0,N
P100386,1,2024-08-29,88,Other,33.2,0.1,82,collected,scheduled,110,67,95,0,N
P100386,2,2024-09-05,88,Other,33.2,0.6,85,collected,attended,116,72,93,0,N
P100386,3,2024-09-12,88,Other,33.2,1.6,91,collected,attended,119,70,98,0,N
P100386,4,2024-09-19,88,Other,33.2,1.5,77,collected,scheduled,144,79,95,0,N
P100387,1,2024-08-26,70,Kidney disease,15.4,-0.5,100,collected,scheduled,169,70,93,0,N
P100387,2,2024-09-02,70,Kidney disease,15.4,-0.6,69,collected,attended,129,95,94,0,N
P100387,3,2024-09-09,70,Kidney disease,15.4,-0.4,91,late,attended,141,63,91,0,N
P100387,4,2024-09-16,70,Kidney disease,15.4,-0.9,87,collected,missed,137,88,94,0,N
P100388,1,2024-05-04,51,Other,16.8,-0.5,96,collected,attended,123,73,99,0,N
P100388,2,2024-05-11,51,Other,16.8,-0.6,90,collected,missed,118,68,98,0,N
P100388,3,2024-05-18,51,Other,16.8,-0.4,82,collected,attended,151,69,96,0,N
P100388,4,2024-05-25,51,Other,16.8,-0.5,82,collected,attended,135,81,99,0,N
P100389,1,2024-12-31,71,Sepsis,15.4,0.1,85,collected,attended,132,74,98,0,N
P100389,2,2025-01-07,71,Sepsis,15.4,-0.8,100,collected,missed,148,85,94,0,N
P100389,3,2025-01-14,71,Sepsis,15.4,-0.7,97,late,missed,129,63,96,0,N
P100389,4,2025-01-21,71,Sepsis,15.4,-0.3,95,collected,attended,89,90,94,0,N
P100390,1,2024-12-20,65,Kidney disease,13.0,-1.0,59,collected,missed,151,79,96,0,N
P100390,2,2024-12-27,65,Kidney disease,13.0,-0.6,81,collected,attended,150,78,98,0,N
P100390,3,2025-01-03,65,Kidney disease,13.0,0.5,81,collected,attended,152,75,94,0,N
P100390,4,2025-01-10,65,Kidney disease,13.0,0.6,77,collected,missed,160,92,94,0,N
P100391,1,2024-10-29,62,Stroke,16.8,-0.2,99,collected,attended,124,72,95,0,N
P100391,2,2024-11-05,62,Stroke,16.8,-0.3,96,collected,missed,143,67,93,0,N
P100391,3,2024-11-12,62,Stroke,16.8,-1.0,87,collected,attended,131,85,95,0,N
P100391,4,2024-11-19,62,Stroke,16.8,-1.2,94,collected,attended,150,55,97,0,N
P100392,1,2024-06-18,68,Diabetes,14.2,0.8,80,collected,attended,154,61,97,0,N
P100392,2,2024-06-25,68,Diabetes,14.2,1.2,83,missed,scheduled,139,81,93,0,N
P100392,3,2024-07-02,68,Diabetes,14.2,1.5,88,collected,missed,139,84,96,0,N
P100392,4,2024-07-09,68,Diabetes,14.2,1.7,77,collected,attended,123,86,96,0,N
P100393,1,2025-02-26,58,Other,26.9,-0.0,100,collected,attended,159,78,94,0,N
P100393,2,2025-03-05,58,Other,26.9,0.6,73,missed,scheduled,124,64,100,0,N
P100393,3,2025-03-12,58,Other,26.9,0.5,69,collected,attended,130,74,97,0,N
P100393,4,2025-03-19,58,Other,26.9,0.9,100,collected,attended,144,91,94,0,N
P100394,1,2024-04-29,57,Sepsis,14.2,0.8,66,collected,scheduled,130,58,98,1,N
P100394,2,2024-05-06,57,Sepsis,14.2,1.4,65,collected,missed,123,97,99,1,N
P100394,3,2024-05-13,57,Sepsis,14.2,1.2,91,late,attended,143,80,96,1,Y
P100394,4,2024-05-20,57,Sepsis,14.2,1.5,78,collected,missed,146,79,95,1,Y
P100395,1,2024-02-03,55,Heart failure,14.2,-1.0,72,collected,attended,166,72,96,0,N
P100395,2,2024-02-10,55,Heart failure,14.2,-1.5,80,collected,scheduled,132,67,95,0,N
P100395,3,2024-02-17,55,Heart failure,14.2,-0.6,80,collected,scheduled,125,96,96,0,N
P100395,4,2024-02-24,55,Heart failure,14.2,-1.7,88,collected,scheduled,124,89,98,0,N
P100396,1,2025-08-12,67,COPD,19.8,0.2,100,collected,scheduled,122,82,95,0,N
P100396,2,2025-08-19,67,COPD,19.8,-0.5,97,late,attended,140,84,94,0,N
P100396,3,2025-08-26,67,COPD,19.8,-0.2,78,collected,attended,140,88,94,0,N
P100396,4,2025-09-02,67,COPD,19.8,-1.1,78,collected,attended,146,56,98,0,N
P100397,1,2024-07-21,83,Other,13.0,1.0,77,collected,scheduled,112,71,100,0,N
P100397,2,2024-07-28,83,Other,13.0,0.7,58,collected,scheduled,111,71,96,0,N
P100397,3,2024-08-04,83,Other,13.0,0.2,85,collected,attended,131,62,98,0,N
P100397,4,2024-08-11,83,Other,13.0,0.7,79,collected,attended,141,80,94,0,N
P100398,1,2024-07-01,50,Hip fracture,25.0,0.2,65,collected,scheduled,134,76,96,0,N
P100398,2,2024-07-08,50,Hip fracture,25.0,0.3,78,collected,attended,141,83,95,0,N
P100398,3,2024-07-15,50,Hip fracture,25.0,0.4,67,missed,attended,115,68,95,0,N
P100398,4,2024-07-22,50,Hip fracture,25.0,0.5,93,collected,missed,116,76,94,0,N
P100399,1,2025-05-14,62,Sepsis,14.2,-0.2,89,collected,missed,130,73,97,0,N
P100399,2,2025-05-21,62,Sepsis,14.2,0.4,78,collected,scheduled,137,86,93,0,N
P100399,3,2025-05-28,62,Sepsis,14.2,0.9,79,missed,scheduled,144,72,99,0,N
P100399,4,2025-06-04,62,Sepsis,14.2,0.8,81,collected,attended,172,78,95,0,N
P100400,1,2024-03-27,64,Heart failure,13.0,-0.3,95,missed,attended,131,71,96,0,N
P100400,2,2024-04-03,64,Heart failure,13.0,0.1,99,collected,scheduled,121,101,97,0,N
P100400,3,2024-04-10,64,Heart failure,13.0,-0.2,91,late,attended,125,71,96,0,N
P100400,4,2024-04-17,64,Heart failure,13.0,0.3,94,collected,scheduled,147,101,98,0,N
P100401,1,2025-05-12,86,COPD,21.4,-0.9,80,missed,scheduled,144,80,92,1,N
P100401,2,2025-05-19,86,COPD,21.4,-1.1,67,late,scheduled,133,94,95,1,N
P100401,3,2025-05-26,86,COPD,21.4,-0.8,72,missed,scheduled,141,96,94,1,Y
P100401,4,2025-06-02,86,COPD,21.4,-0.9,79,collected,scheduled,139,89,95,1,Y
P100402,1,2024-02-06,64,Sepsis,21.4,-0.8,94,collected,scheduled,139,55,92,1,N
P100402,2,2024-02-13,64,Sepsis,21.4,-2.0,90,missed,scheduled,136,79,98,1,N
P100402,3,2024-02-20,64,Sepsis,21.4,-1.2,74,collected,missed,136,81,94,1,Y
P100402,4,2024-02-27,64,Sepsis,21.4,-1.1,86,collected,attended,137,77,97,1,Y
P100403,1,2024-04-02,52,COPD,13.0,1.2,86,collected,missed,125,75,98,0,N
P100403,2,2024-04-09,52,COPD,13.0,0.7,76,collected,scheduled,127,66,96,0,N
P100403,3,2024-04-16,52,COPD,13.0,0.0,96,collected,scheduled,147,86,94,0,N
P100403,4,2024-04-23,52,COPD,13.0,0.5,100,collected,scheduled,130,72,92,0,N
P100404,1,2025-07-10,68,Hip fracture,31.0,-0.4,64,collected,scheduled,128,81,93,1,N
P100404,2,2025-07-17,68,Hip fracture,31.0,-0.2,69,late,attended,101,84,93,1,N
P100404,3,2025-07-24,68,Hip fracture,31.0,0.0,77,late,scheduled,144,80,92,1,Y
P100404,4,2025-07-31,68,Hip fracture,31.0,0.4,77,collected,scheduled,160,83,96,1,Y
P100405,1,2024-05-01,54,Other,11.9,-0.0,97,late,attended,145,97,94,0,N
P100405,2,2024-05-08,54,Other,11.9,-0.6,80,collected,scheduled,147,83,97,0,N
P100405,3,2024-05-15,54,Other,11.9,-0.9,100,collected,attended,149,91,96,0,N
P100405,4,2024-05-22,54,Other,11.9,-0.9,86,collected,scheduled,142,93,95,0,N
P100406,1,2025-03-08,53,Diabetes,14.2,-1.0,76,collected,attended,140,56,95,0,N
P100406,2,2025-03-15,53,Diabetes,14.2,-1.5,94,collected,attended,124,79,94,0,N
P100406,3,2025-03-22,53,Diabetes,14.2,-1.0,89,collected,scheduled,112,83,95,0,N
P100406,4,2025-03-29,53,Diabetes,14.2,-0.4,85,collected,scheduled,131,78,97,0,N
P100407,1,2025-04-12,98,Heart failure,33.2,-0.5,64,collected,scheduled,121,75,98,0,N
P100407,2,2025-04-19,98,Heart failure,33.2,-0.5,88,missed,scheduled,159,71,95,0,N
P100407,3,2025-04-26,98,Heart failure,33.2,-0.2,80,collected,missed,147,74,97,0,N
P100407,4,2025-05-03,98,Heart failure,33.2,0.1,67,collected,attended,150,81,96,0,N
P100408,1,2025-03-14,45,Hip fracture,11.9,-0.4,73,collected,scheduled,158,80,96,0,N
P100408,2,2025-03-21,45,Hip fracture,11.9,-0.3,58,missed,attended,146,72,94,0,N
P100408,3,2025-03-28,45,Hip fracture,11.9,-1.0,74,missed,attended,155,99,95,0,N
P100408,4,2025-04-04,45,Hip fracture,11.9,-0.6,91,collected,scheduled,166,75,97,0,N
P100409,1,2025-06-10,68,Other,14.2,-0.4,93,collected,scheduled,115,75,94,1,N
P100409,2,2025-06-17,68,Other,14.2,-0.5,68,missed,attended,147,87,97,1,N
P100409,3,2025-06-24,68,Other,14.2,0.4,75,collected,scheduled,115,83,97,1,Y
P100409,4,2025-07-01,68,Other,14.2,0.9,80,collected,attended,128,90,95,1,Y
P100410,1,2025-06-08,60,COPD,14.2,0.7,68,collected,attended,166,79,96,0,N
P100410,2,2025-06-15,60,COPD,14.2,-0.0,80,missed,missed,140,77,98,0,N
P100410,3,2025-06-22,60,COPD,14.2,-0.3,71,collected,attended,138,68,98,0,N
P100410,4,2025-06-29,60,COPD,14.2,-1.3,87,late,missed,144,91,97,0,N
P100411,1,2025-07-12,80,Sepsis,18.2,0.7,70,collected,attended,135,100,95,0,N
P100411,2,2025-07-19,80,Sepsis,18.2,0.3,94,collected,scheduled,137,83,100,0,N
P100411,3,2025-07-26,80,Sepsis,18.2,1.0,98,collected,attended,148,89,97,0,N
P100411,4,2025-08-02,80,Sepsis,18.2,0.8,82,collected,scheduled,108,83,95,0,N
P100412,1,2024-06-11,76,Other,31.0,-0.4,70,late,scheduled,139,77,95,0,N
P100412,2,2024-06-18,76,Other,31.0,-0.9,65,collected,missed,139,74,96,0,N
P100412,3,2024-06-25,76,Other,31.0,-0.1,82,late,scheduled,130,86,96,0,N
P100412,4,2024-07-02,76,Other,31.0,-0.1,77,collected,missed,110,92,97,0,N
P100413,1,2025-03-05,83,Heart failure,35.4,0.4,90,collected,attended,151,88,96,0,N
P100413,2,2025-03-12,83,Heart failure,35.4,1.1,100,collected,attended,118,55,97,0,N
P100413,3,2025-03-19,83,Heart failure,35.4,0.5,93,collected,attended,137,97,98,0,N
P100413,4,2025-03-26,83,Heart failure,35.4,-0.2,86,collected,attended,138,82,98,0,N
P100414,1,2025-04-27,71,Sepsis,21.4,-0.5,86,collected,attended,152,89,96,0,N
P100414,2,2025-05-04,71,Sepsis,21.4,-0.4,69,collected,attended,123,87,95,0,N
P100414,3,2025-05-11,71,Sepsis,21.4,-0.6,89,collected,attended,148,57,97,0,N
P100414,4,2025-05-18,71,Sepsis,21.4,0.8,95,collected,scheduled,127,79,98,0,N
P100415,1,2024-08-19,87,Heart failure,18.2,1.0,89,collected,missed,141,81,97,0,N
P100415,2,2024-08-26,87,Heart failure,18.2,1.4,86,missed,scheduled,153,99,96,0,N
P100415,3,2024-09-02,87,Heart failure,18.2,2.0,81,collected,missed,129,83,98,0,N
P100415,4,2024-09-09,87,Heart failure,18.2,1.6,76,collected,attended,135,76,98,0,N
P100416,1,2024-12-17,62,COPD,14.2,0.3,94,collected,attended,115,67,99,0,N
P100416,2,2024-12-24,62,COPD,14.2,-0.5,94,collected,attended,132,84,97,0,N
P100416,3,2024-12-31,62,COPD,14.2,-0.2,72,collected,attended,152,83,97,0,N
P100416,4,2025-01-07,62,COPD,14.2,0.2,88,collected,scheduled,135,76,96,0,N
P100417,1,2025-07-11,90,Other,26.9,0.4,92,collected,scheduled,157,90,97,1,N
P100417,2,2025-07-18,90,Other,26.9,0.5,81,collected,attended,135,85,96,1,N
P100417,3,2025-07-25,90,Other,26.9,0.4,78,collected,missed,128,67,97,1,Y
P100417,4,2025-08-01,90,Other,26.9,0.1,100,collected,attended,134,70,97,1,Y
P100418,1,2024-08-06,77,COPD,28.9,0.0,78,collected,missed,123,77,93,0,N
P100418,2,2024-08-13,77,COPD,28.9,0.0,57,collected,attended,129,71,92,0,N
P100418,3,2024-08-20,77,COPD,28.9,-0.2,100,late,attended,132,75,96,0,N
P100418,4,2024-08-27,77,COPD,28.9,-0.1,100,missed,attended,137,85,97,0,N
P100419,1,2024-05-15,67,Kidney disease,21.4,0.3,95,collected,attended,95,86,94,0,N
P100419,2,2024-05-22,67,Kidney disease,21.4,0.2,81,late,scheduled,117,70,97,0,N
P100419,3,2024-05-29,67,Kidney disease,21.4,0.2,87,collected,missed,161,77,94,0,N
P100419,4,2024-06-05,67,Kidney disease,21.4,0.1,96,collected,attended,112,80,98,0,N
P100420,1,2025-05-20,69,COPD,15.4,-0.7,100,collected,missed,134,78,96,0,N
P100420,2,2025-05-27,69,COPD,15.4,-1.2,77,collected,attended,94,103,94,0,N
P100420,3,2025-06-03,69,COPD,15.4,-0.7,97,collected,attended,142,92,97,0,N
P100420,4,2025-06-10,69,COPD,15.4,-1.2,98,collected,missed,143,84,99,0,N
P100421,1,2024-07-12,60,Pneumonia,18.2,0.2,97,collected,attended,138,70,98,0,N
P100421,2,2024-07-19,60,Pneumonia,18.2,-0.9,79,collected,scheduled,133,60,92,0,N
P100421,3,2024-07-26,60,Pneumonia,18.2,-1.0,91,collected,attended,129,67,98,0,N
P100421,4,2024-08-02,60,Pneumonia,18.2,-1.3,100,collected,missed,121,68,97,0,N
P100422,1,2024-07-10,83,COPD,25.0,0.9,75,collected,missed,130,58,96,0,N
P100422,2,2024-07-17,83,COPD,25.0,0.2,87,collected,scheduled,137,80,98,0,N
P100422,3,2024-07-24,83,COPD,25.0,-0.2,100,late,attended,124,81,93,0,N
P100422,4,2024-07-31,83,COPD,25.0,-0.2,86,late,attended,118,86,93,0,N
P100423,1,2024-05-12,68,Kidney disease,15.4,0.2,93,collected,attended,152,66,97,0,N
P100423,2,2024-05-19,68,Kidney disease,15.4,-0.4,90,collected,scheduled,157,96,94,0,N
P100423,3,2024-05-26,68,Kidney disease,15.4,-0.6,75,missed,attended,134,87,95,0,N
P100423,4,2024-06-02,68,Kidney disease,15.4,0.2,98,late,attended,151,84,95,0,N
P100424,1,2024-05-21,56,Other,16.8,-0.6,94,missed,attended,128,79,95,0,N
P100424,2,2024-05-28,56,Other,16.8,-1.8,92,collected,missed,156,79,98,0,N
P100424,3,2024-06-04,56,Other,16.8,-1.9,96,late,scheduled,112,80,96,0,N
P100424,4,2024-06-11,56,Other,16.8,-1.3,100,collected,attended,128,74,98,0,N
P100425,1,2024-01-09,75,Other,15.4,-0.0,78,collected,scheduled,132,80,93,0,N
P100425,2,2024-01-16,75,Other,15.4,0.7,91,collected,scheduled,128,65,96,0,N
P100425,3,2024-01-23,75,Other,15.4,0.6,97,collected,scheduled,137,59,95,0,N
P100425,4,2024-01-30,75,Other,15.4,-0.1,80,missed,scheduled,130,73,94,0,N
P100426,1,2024-12-31,81,Kidney disease,15.4,-0.7,98,collected,attended,135,86,96,0,N
P100426,2,2025-01-07,81,Kidney disease,15.4,0.4,83,collected,attended,149,66,95,0,N
P100426,3,2025-01-14,81,Kidney disease,15.4,0.8,85,collected,missed,158,84,96,0,N
P100426,4,2025-01-21,81,Kidney disease,15.4,0.7,99,collected,scheduled,126,61,100,0,N
P100427,1,2024-08-03,86,Pneumonia,14.2,0.2,83,collected,attended,134,82,99,0,N
P100427,2,2024-08-10,86,Pneumonia,14.2,0.3,86,collected,scheduled,140,79,95,0,N
P100427,3,2024-08-17,86,Pneumonia,14.2,0.8,73,collected,scheduled,131,81,96,0,N
P100427,4,2024-08-24,86,Pneumonia,14.2,1.4,100,collected,attended,139,98,97,0,N
P100428,1,2024-10-06,62,Pneumonia,14.2,-0.1,81,missed,attended,127,83,96,1,N
P100428,2,2024-10-13,62,Pneumonia,14.2,0.6,91,collected,attended,124,89,96,1,N
P100428,3,2024-10-20,62,Pneumonia,14.2,0.5,93,collected,scheduled,142,78,98,1,Y
P100428,4,2024-10-27,62,Pneumonia,14.2,1.8,94,collected,scheduled,146,85,96,1,Y
P100429,1,2024-09-29,81,Hip fracture,18.2,-0.3,100,collected,attended,125,80,97,1,N
P100429,2,2024-10-06,81,Hip fracture,18.2,-0.1,100,late,missed,131,69,93,1,N
P100429,3,2024-10-13,81,Hip fracture,18.2,-0.8,89,collected,attended,141,78,96,1,Y
P100429,4,2024-10-20,81,Hip fracture,18.2,-0.6,92,collected,scheduled,142,82,97,1,Y
P100430,1,2024-03-24,78,Heart failure,40.1,0.2,86,collected,attended,140,73,94,0,N
P100430,2,2024-03-31,78,Heart failure,40.1,0.0,78,collected,attended,99,80,96,0,N
P100430,3,2024-04-07,78,Heart failure,40.1,-0.3,98,collected,missed,124,73,95,0,N
P100430,4,2024-04-14,78,Heart failure,40.1,-0.3,100,missed,scheduled,138,83,94,0,N
P100431,1,2024-06-28,65,Diabetes,21.4,0.4,82,missed,scheduled,135,88,98,1,N
P100431,2,2024-07-05,65,Diabetes,21.4,0.7,78,collected,missed,103,84,97,1,N
P100431,3,2024-07-12,65,Diabetes,21.4,1.4,94,collected,attended,124,97,97,1,Y
P100431,4,2024-07-19,65,Diabetes,21.4,1.2,83,collected,attended,139,63,94,1,Y
P100432,1,2025-04-27,74,Other,16.8,0.5,94,collected,attended,120,70,96,0,N
P100432,2,2025-05-04,74,Other,16.8,0.5,99,collected,attended,122,79,98,0,N
P100432,3,2025-05-11,74,Other,16.8,0.1,85,collected,missed,125,76,98,0,N
P100432,4,2025-05-18,74,Other,16.8,0.4,75,collected,scheduled,120,64,94,0,N
P100433,1,2024-07-01,53,Diabetes,11.9,0.0,90,missed,attended,150,88,97,1,N
P100433,2,2024-07-08,53,Diabetes,11.9,-0.7,90,collected,scheduled,144,88,96,1,N
P100433,3,2024-07-15,53,Diabetes,11.9,-0.0,100,collected,missed,128,80,94,1,Y
P100433,4,2024-07-22,53,Diabetes,11.9,0.3,90,collected,attended,129,73,94,1,Y
P100434,1,2024-12-21,45,Diabetes,19.8,-0.2,88,collected,scheduled,155,60,98,0,N
P100434,2,2024-12-28,45,Diabetes,19.8,0.1,99,collected,scheduled,130,81,96,0,N
P100434,3,2025-01-04,45,Diabetes,19.8,0.3,83,collected,scheduled,110,77,97,0,N
P100434,4,2025-01-11,45,Diabetes,19.8,-0.2,95,late,missed,117,84,93,0,N
P100435,1,2025-02-07,60,Sepsis,11.9,0.1,75,collected,scheduled,127,84,94,0,N
P100435,2,2025-02-14,60,Sepsis,11.9,-0.0,80,collected,attended,103,90,97,0,N
P100435,3,2025-02-21,60,Sepsis,11.9,0.4,87,collected,attended,131,101,96,0,N
P100435,4,2025-02-28,60,Sepsis,11.9,1.0,95,collected,missed,134,82,94,0,N
P100436,1,2025-05-12,80,Other,13.0,0.7,78,missed,attended,108,77,96,0,N
P100436,2,2025-05-19,80,Other,13.0,1.4,88,collected,attended,143,107,94,0,N
P100436,3,2025-05-26,80,Other,13.0,1.9,81,collected,scheduled,141,84,93,0,N
P100436,4,2025-06-02,80,Other,13.0,0.5,81,missed,attended,113,75,96,0,N
P100437,1,2025-04-17,71,Kidney disease,18.2,0.0,80,collected,attended,135,64,93,0,N
P100437,2,2025-04-24,71,Kidney disease,18.2,0.5,73,collected,attended,137,72,99,0,N
P100437,3,2025-05-01,71,Kidney disease,18.2,1.7,86,collected,attended,128,65,94,0,N
P100437,4,2025-05-08,71,Kidney disease,18.2,0.2,100,collected,attended,138,76,95,0,N
P100438,1,2024-03-06,61,Pneumonia,16.8,0.2,89,collected,attended,151,83,99,0,N
P100438,2,2024-03-13,61,Pneumonia,16.8,0.2,92,collected,attended,127,75,95,0,N
P100438,3,2024-03-20,61,Pneumonia,16.8,-0.8,93,collected,attended,111,78,96,0,N
P100438,4,2024-03-27,61,Pneumonia,16.8,-1.0,82,collected,attended,116,65,94,0,N
P100439,1,2025-07-08,76,Other,21.4,-0.2,90,collected,scheduled,154,60,95,0,N
P100439,2,2025-07-15,76,Other,21.4,-0.6,85,collected,attended,137,100,95,0,N
P100439,3,2025-07-22,76,Other,21.4,-1.0,94,collected,missed,133,90,94,0,N
P100439,4,2025-07-29,76,Other,21.4,-0.6,87,collected,scheduled,133,80,95,0,N
P100440,1,2025-07-15,96,Diabetes,26.9,0.1,76,collected,scheduled,141,75,95,0,N
P100440,2,2025-07-22,96,Diabetes,26.9,-0.4,89,collected,attended,107,83,94,0,N
P100440,3,2025-07-29,96,Diabetes,26.9,-1.1,97,collected,attended,147,80,96,0,N
P100440,4,2025-08-05,96,Diabetes,26.9,-0.7,69,collected,scheduled,111,83,93,0,N
P100441,1,2025-01-06,85,Other,15.4,0.5,94,collected,attended,138,88,96,0,N
P100441,2,2025-01-13,85,Other,15.4,1.7,88,late,attended,125,65,97,0,N
P100441,3,2025-01-20,85,Other,15.4,1.6,87,late,attended,140,86,99,0,N
P100441,4,2025-01-27,85,Other,15.4,1.9,92,collected,scheduled,135,87,96,0,N
P100442,1,2024-05-09,76,Sepsis,19.8,0.1,80,missed,attended,117,67,93,0,N
P100442,2,2024-05-16,76,Sepsis,19.8,-0.5,82,collected,missed,117,74,96,0,N
P100442,3,2024-05-23,76,Sepsis,19.8,-0.7,95,collected,attended,148,79,95,0,N
P100442,4,2024-05-30,76,Sepsis,19.8,0.4,83,collected,scheduled,127,100,95,0,N
P100443,1,2024-04-01,65,Diabetes,15.4,0.1,92,collected,attended,139,73,98,0,N
P100443,2,2024-04-08,65,Diabetes,15.4,0.8,90,collected,attended,134,74,98,0,N
P100443,3,2024-04-15,65,Diabetes,15.4,-0.1,76,collected,attended,140,92,96,0,N
P100443,4,2024-04-22,65,Diabetes,15.4,1.0,80,collected,missed,132,87,91,0,N
P100444,1,2025-07-19,76,Kidney disease,18.2,-0.3,96,collected,attended,144,72,96,1,N
P100444,2,2025-07-26,76,Kidney disease,18.2,0.1,94,collected,attended,121,73,94,1,N
P100444,3,2025-08-02,76,Kidney disease,18.2,0.1,92,missed,scheduled,162,78,96,1,Y
P100444,4,2025-08-09,76,Kidney disease,18.2,0.2,80,collected,attended,120,96,93,1,Y
P100445,1,2024-06-16,63,Hip fracture,18.2,-0.5,100,collected,attended,116,77,97,0,N
P100445,2,2024-06-23,63,Hip fracture,18.2,0.5,94,collected,attended,148,73,98,0,N
P100445,3,2024-06-30,63,Hip fracture,18.2,0.2,98,collected,scheduled,103,71,96,0,N
P100445,4,2024-07-07,63,Hip fracture,18.2,0.4,92,collected,attended,120,66,97,0,N
P100446,1,2024-02-05,71,Stroke,15.4,0.2,84,collected,attended,87,86,97,0,N
P100446,2,2024-02-12,71,Stroke,15.4,0.3,80,collected,attended,152,50,97,0,N
P100446,3,2024-02-19,71,Stroke,15.4,-0.1,100,collected,attended,134,72,100,0,N
P100446,4,2024-02-26,71,Stroke,15.4,0.6,99,collected,attended,126,75,98,0,N
P100447,1,2024-12-20,54,Kidney disease,18.2,0.2,87,collected,attended,144,71,98,0,N
P100447,2,2024-12-27,54,Kidney disease,18.2,-0.5,86,collected,scheduled,125,74,96,0,N
P100447,3,2025-01-03,54,Kidney disease,18.2,-0.1,94,collected,scheduled,115,75,95,0,N
P100447,4,2025-01-10,54,Kidney disease,18.2,-0.2,85,collected,scheduled,148,94,93,0,N
P100448,1,2025-03-09,74,Stroke,13.0,-1.3,91,collected,attended,144,72,96,0,N
P100448,2,2025-03-16,74,Stroke,13.0,-0.9,79,late,attended,141,82,96,0,N
P100448,3,2025-03-23,74,Stroke,13.0,-1.0,90,collected,scheduled,135,74,100,0,N
P100448,4,2025-03-30,74,Stroke,13.0,-1.6,81,missed,scheduled,116,82,96,0,N
P100449,1,2024-10-13,68,Other,18.2,-0.2,97,collected,missed,131,77,95,1,N
P100449,2,2024-10-20,68,Other,18.2,0.7,100,collected,attended,142,73,96,1,N
P100449,3,2024-10-27,68,Other,18.2,0.1,99,collected,attended,132,62,97,1,Y
P100449,4,2024-11-03,68,Other,18.2,0.6,92,late,attended,138,62,98,1,Y
P100450,1,2025-07-01,74,COPD,14.2,0.9,92,missed,attended,124,78,97,0,N
P100450,2,2025-07-08,74,COPD,14.2,1.9,86,collected,scheduled,129,54,97,0,N
P100450,3,2025-07-15,74,COPD,14.2,2.6,100,collected,attended,129,85,98,0,N
P100450,4,2025-07-22,74,COPD,14.2,0.9,91,collected,attended,142,83,97,0,N
P100451,1,2024-09-06,58,Other,13.0,0.3,80,collected,missed,130,86,96,1,N
P100451,2,2024-09-13,58,Other,13.0,1.1,89,missed,missed,153,76,97,1,N
P100451,3,2024-09-20,58,Other,13.0,1.1,86,missed,attended,140,73,95,1,Y
P100451,4,2024-09-27,58,Other,13.0,1.2,89,collected,attended,126,80,96,1,Y
P100452,1,2025-05-14,85,Kidney disease,28.9,-1.4,84,collected,attended,138,60,94,1,N
P100452,2,2025-05-21,85,Kidney disease,28.9,-0.8,92,collected,missed,137,72,98,1,N
P100452,3,2025-05-28,85,Kidney disease,28.9,0.1,99,collected,scheduled,115,84,92,1,Y
P100452,4,2025-06-04,85,Kidney disease,28.9,0.2,80,collected,attended,133,62,95,1,Y
P100453,1,2024-04-25,99,Hip fracture,19.8,0.2,69,collected,attended,134,84,98,1,N
P100453,2,2024-05-02,99,Hip fracture,19.8,1.3,87,collected,scheduled,121,97,97,1,N
P100453,3,2024-05-09,99,Hip fracture,19.8,1.8,80,missed,attended,136,105,95,1,Y
P100453,4,2024-05-16,99,Hip fracture,19.8,2.1,63,collected,attended,127,79,96,1,Y
P100454,1,2025-08-09,60,Stroke,18.2,1.0,72,collected,attended,136,68,94,1,N
P100454,2,2025-08-16,60,Stroke,18.2,0.9,83,collected,missed,138,88,97,1,N
P100454,3,2025-08-23,60,Stroke,18.2,1.5,76,collected,missed,175,103,95,1,Y
P100454,4,2025-08-30,60,Stroke,18.2,0.8,78,collected,scheduled,123,100,95,1,Y
P100455,1,2025-08-09,75,Hip fracture,25.0,-0.4,94,collected,attended,140,76,95,0,N
P100455,2,2025-08-16,75,Hip fracture,25.0,-0.3,90,collected,missed,115,87,97,0,N
P100455,3,2025-08-23,75,Hip fracture,25.0,-0.3,100,late,missed,137,69,96,0,N
P100455,4,2025-08-30,75,Hip fracture,25.0,0.8,81,collected,attended,110,70,95,0,N
P100456,1,2024-11-21,66,Pneumonia,21.4,-0.0,84,collected,scheduled,138,79,96,0,N
P100456,2,2024-11-28,66,Pneumonia,21.4,0.3,98,missed,attended,112,92,92,0,N
P100456,3,2024-12-05,66,Pneumonia,21.4,-0.3,87,collected,missed,124,109,96,0,N
P100456,4,2024-12-12,66,Pneumonia,21.4,0.2,77,collected,attended,125,55,98,0,N
P100457,1,2024-02-14,56,Other,16.8,0.4,100,collected,scheduled,112,79,97,0,N
P100457,2,2024-02-21,56,Other,16.8,0.9,91,collected,attended,141,67,95,0,N
P100457,3,2024-02-28,56,Other,16.8,0.8,91,collected,attended,118,71,97,0,N
P100457,4,2024-03-06,56,Other,16.8,0.8,79,collected,attended,131,98,94,0,N
P100458,1,2025-03-26,74,Other,18.2,1.2,100,collected,missed,122,67,94,0,N
P100458,2,2025-04-02,74,Other,18.2,0.9,88,collected,attended,145,84,95,0,N
P100458,3,2025-04-09,74,Other,18.2,1.7,97,collected,scheduled,112,82,100,0,N
P100458,4,2025-04-16,74,Other,18.2,1.7,90,collected,attended,150,51,99,0,N
P100459,1,2024-12-08,65,Other,15.4,-0.3,79,missed,attended,130,82,98,0,N
P100459,2,2024-12-15,65,Other,15.4,-0.5,100,collected,attended,120,81,95,0,N
P100459,3,2024-12-22,65,Other,15.4,-0.6,99,collected,attended,144,89,97,0,N
P100459,4,2024-12-29,65,Other,15.4,0.7,83,collected,attended,146,89,100,0,N
P100460,1,2024-02-28,54,Pneumonia,14.2,0.7,81,collected,attended,149,74,94,0,N
P100460,2,2024-03-06,54,Pneumonia,14.2,0.7,82,collected,attended,136,71,93,0,N
P100460,3,2024-03-13,54,Pneumonia,14.2,0.8,100,collected,attended,135,86,97,0,N
P100460,4,2024-03-20,54,Pneumonia,14.2,1.2,94,collected,attended,125,88,98,0,N
P100461,1,2024-03-28,41,Stroke,13.0,0.0,86,collected,missed,129,70,95,0,N
P100461,2,2024-04-04,41,Stroke,13.0,-0.0,92,missed,attended,113,78,96,0,N
P100461,3,2024-04-11,41,Stroke,13.0,-0.1,72,collected,scheduled,118,74,96,0,N
P100461,4,2024-04-18,41,Stroke,13.0,-0.9,96,collected,attended,134,74,97,0,N
P100462,1,2025-06-20,95,Heart failure,23.1,0.8,99,collected,missed,145,68,96,0,N
P100462,2,2025-06-27,95,Heart failure,23.1,1.6,100,collected,attended,134,81,99,0,N
P100462,3,2025-07-04,95,Heart failure,23.1,2.5,96,collected,attended,141,81,95,0,N
P100462,4,2025-07-11,95,Heart failure,23.1,2.2,88,collected,attended,120,71,97,0,N
P100463,1,2025-03-07,82,Sepsis,33.2,-0.3,83,collected,missed,144,68,93,1,N
P100463,2,2025-03-14,82,Sepsis,33.2,-0.2,94,collected,attended,111,67,94,1,N
P100463,3,2025-03-21,82,Sepsis,33.2,0.3,91,collected,attended,121,73,96,1,Y
P100463,4,2025-03-28,82,Sepsis,33.2,-0.6,77,collected,missed,131,90,96,1,Y
P100464,1,2024-08-23,70,Hip fracture,18.2,0.3,85,collected,attended,148,68,97,0,N
P100464,2,2024-08-30,70,Hip fracture,18.2,0.9,100,collected,attended,150,71,94,0,N
P100464,3,2024-09-06,70,Hip fracture,18.2,0.2,94,missed,attended,126,78,97,0,N
P100464,4,2024-09-13,70,Hip fracture,18.2,0.5,95,late,attended,126,79,95,0,N
P100465,1,2024-09-30,76,Other,26.9,-0.4,95,collected,missed,121,60,97,0,N
P100465,2,2024-10-07,76,Other,26.9,-0.2,93,collected,attended,134,94,96,0,N
P100465,3,2024-10-14,76,Other,26.9,0.3,79,collected,scheduled,155,74,93,0,N
P100465,4,2024-10-21,76,Other,26.9,1.4,84,collected,scheduled,135,78,94,0,N
P100466,1,2024-03-08,74,Pneumonia,23.1,-0.2,87,collected,scheduled,133,86,94,0,N
P100466,2,2024-03-15,74,Pneumonia,23.1,0.8,90,collected,missed,140,77,95,0,N
P100466,3,2024-03-22,74,Pneumonia,23.1,1.0,86,collected,scheduled,140,76,96,0,N
P100466,4,2024-03-29,74,Pneumonia,23.1,0.5,96,collected,scheduled,121,97,97,0,N
P100467,1,2024-01-18,96,Heart failure,23.1,-0.0,88,late,missed,132,81,95,0,N
P100467,2,2024-01-25,96,Heart failure,23.1,-0.4,96,collected,scheduled,136,80,95,0,N
P100467,3,2024-02-01,96,Heart failure,23.1,-0.1,81,collected,attended,129,75,95,0,N
P100467,4,2024-02-08,96,Heart failure,23.1,0.0,84,collected,scheduled,141,71,95,0,N
P100468,1,2025-01-29,66,Heart failure,11.9,-0.1,81,missed,scheduled,140,60,97,0,N
P100468,2,2025-02-05,66,Heart failure,11.9,-0.1,95,collected,attended,142,69,96,0,N
P100468,3,2025-02-12,66,Heart failure,11.9,0.9,87,collected,attended,109,77,99,0,N
P100468,4,2025-02-19,66,Heart failure,11.9,0.9,75,collected,attended,136,81,96,0,N
P100469,1,2024-04-28,73,Diabetes,16.8,0.8,100,collected,attended,131,85,95,0,N
P100469,2,2024-05-05,73,Diabetes,16.8,1.5,87,late,attended,125,94,95,0,N
P100469,3,2024-05-12,73,Diabetes,16.8,1.3,84,collected,scheduled,142,77,95,0,N
P100469,4,2024-05-19,73,Diabetes,16.8,2.4,86,collected,scheduled,136,73,98,0,N
P100470,1,2025-08-06,74,Stroke,15.4,1.5,87,collected,attended,133,68,92,1,N
P100470,2,2025-08-13,74,Stroke,15.4,2.8,72,collected,scheduled,131,80,94,1,N
P100470,3,2025-08-20,74,Stroke,15.4,1.8,100,collected,attended,132,84,95,1,Y
P100470,4,2025-08-27,74,Stroke,15.4,1.3,94,collected,missed,123,62,94,1,Y
P100471,1,2025-04-25,76,Diabetes,37.8,-0.1,59,collected,attended,114,79,96,0,N
P100471,2,2025-05-02,76,Diabetes,37.8,-0.3,81,collected,scheduled,124,77,96,0,N
P100471,3,2025-05-09,76,Diabetes,37.8,-0.8,93,late,attended,134,80,96,0,N
P100471,4,2025-05-16,76,Diabetes,37.8,-1.4,73,missed,scheduled,143,79,96,0,N
P100472,1,2025-02-16,73,Other,23.1,0.2,81,collected,attended,138,101,95,1,N
P100472,2,2025-02-23,73,Other,23.1,0.5,88,collected,attended,129,86,97,1,N
P100472,3,2025-03-02,73,Other,23.1,0.6,75,collected,scheduled,149,103,97,1,Y
P100472,4,2025-03-09,73,Other,23.1,0.1,85,collected,attended,127,90,99,1,Y
P100473,1,2025-04-14,69,Hip fracture,14.2,0.2,68,collected,attended,139,81,95,0,N
P100473,2,2025-04-21,69,Hip fracture,14.2,0.5,100,collected,attended,124,75,94,0,N
P100473,3,2025-04-28,69,Hip fracture,14.2,0.1,68,collected,scheduled,141,75,95,0,N
P100473,4,2025-05-05,69,Hip fracture,14.2,-1.3,93,collected,attended,132,84,96,0,N
P100474,1,2024-05-06,48,Heart failure,13.0,0.2,91,collected,scheduled,112,89,92,0,N
P100474,2,2024-05-13,48,Heart failure,13.0,1.3,84,missed,scheduled,143,88,95,0,N
P100474,3,2024-05-20,48,Heart failure,13.0,1.1,72,collected,scheduled,146,88,95,0,N
P100474,4,2024-05-27,48,Heart failure,13.0,1.5,85,missed,scheduled,148,71,98,0,N
P100475,1,2024-04-12,60,Other,21.4,-0.9,100,collected,attended,127,89,95,0,N
P100475,2,2024-04-19,60,Other,21.4,-0.8,100,late,attended,114,78,97,0,N
P100475,3,2024-04-26,60,Other,21.4,0.0,91,collected,attended,112,82,95,0,N
P100475,4,2024-05-03,60,Other,21.4,1.0,79,collected,attended,118,70,94,0,N
P100476,1,2024-12-28,76,Diabetes,15.4,0.7,95,collected,attended,128,62,98,0,N
P100476,2,2025-01-04,76,Diabetes,15.4,0.9,91,late,attended,129,67,95,0,N
P100476,3,2025-01-11,76,Diabetes,15.4,0.3,93,collected,attended,132,86,95,0,N
P100476,4,2025-01-18,76,Diabetes,15.4,1.1,80,collected,attended,136,59,97,0,N
P100477,1,2025-02-21,58,Heart failure,16.8,0.0,96,collected,attended,114,79,97,1,N
P100477,2,2025-02-28,58,Heart failure,16.8,-0.1,86,collected,scheduled,128,76,93,1,N
P100477,3,2025-03-07,58,Heart failure,16.8,0.5,88,collected,attended,140,88,95,1,Y
P100477,4,2025-03-14,58,Heart failure,16.8,1.1,71,late,attended,141,85,95,1,Y
P100478,1,2025-05-21,50,Other,15.4,-0.0,90,collected,attended,133,53,97,0,N
P100478,2,2025-05-28,50,Other,15.4,0.2,81,collected,attended,139,88,95,0,N
P100478,3,2025-06-04,50,Other,15.4,1.0,95,late,attended,140,72,96,0,N
P100478,4,2025-06-11,50,Other,15.4,0.6,90,collected,scheduled,145,60,96,0,N
P100479,1,2025-04-25,70,Kidney disease,15.4,0.6,89,collected,attended,146,74,94,0,N
P100479,2,2025-05-02,70,Kidney disease,15.4,0.3,96,collected,attended,157,93,99,0,N
P100479,3,2025-05-09,70,Kidney disease,15.4,-0.1,98,late,attended,137,74,99,0,N
P100479,4,2025-05-16,70,Kidney disease,15.4,0.3,88,collected,scheduled,127,80,95,0,N
P100480,1,2024-01-09,70,Kidney disease,19.8,-0.2,70,late,attended,151,79,97,0,N
P100480,2,2024-01-16,70,Kidney disease,19.8,-1.0,77,late,missed,152,84,99,0,N
P100480,3,2024-01-23,70,Kidney disease,19.8,-0.7,65,missed,scheduled,148,70,94,0,N
P100480,4,2024-01-30,70,Kidney disease,19.8,-0.4,61,missed,attended,144,84,96,0,N
P100481,1,2024-06-22,51,Other,13.0,1.3,96,collected,missed,112,62,97,0,N
P100481,2,2024-06-29,51,Other,13.0,1.6,70,collected,attended,112,87,93,0,N
P100481,3,2024-07-06,51,Other,13.0,1.7,100,late,attended,124,79,98,0,N
P100481,4,2024-07-13,51,Other,13.0,1.0,97,late,missed,133,74,94,0,N
P100482,1,2025-03-05,74,COPD,18.2,-0.1,94,collected,missed,128,95,97,0,N
P100482,2,2025-03-12,74,COPD,18.2,-0.5,100,collected,scheduled,132,95,98,0,N
P100482,3,2025-03-19,74,COPD,18.2,0.3,93,late,attended,136,58,98,0,N
P100482,4,2025-03-26,74,COPD,18.2,0.9,92,collected,attended,148,62,95,0,N
P100483,1,2025-01-16,64,Diabetes,18.2,0.9,92,collected,attended,141,80,94,1,N
P100483,2,2025-01-23,64,Diabetes,18.2,0.4,97,missed,attended,125,100,96,1,N
P100483,3,2025-01-30,64,Diabetes,18.2,0.9,100,late,attended,148,73,95,1,Y
P100483,4,2025-02-06,64,Diabetes,18.2,1.7,91,collected,missed,118,89,94,1,Y
P100484,1,2025-02-07,73,Hip fracture,21.4,-0.6,93,collected,attended,134,68,98,0,N
P100484,2,2025-02-14,73,Hip fracture,21.4,-1.0,93,collected,scheduled,127,84,99,0,N
P100484,3,2025-02-21,73,Hip fracture,21.4,-0.8,77,collected,missed,139,101,97,0,N
P100484,4,2025-02-28,73,Hip fracture,21.4,-0.1,78,collected,attended,136,85,96,0,N
P100485,1,2024-10-12,58,Sepsis,16.8,-0.0,87,late,attended,144,76,99,0,N
P100485,2,2024-10-19,58,Sepsis,16.8,-0.2,69,late,missed,138,84,97,0,N
P100485,3,2024-10-26,58,Sepsis,16.8,-0.3,70,collected,missed,150,83,99,0,N
P100485,4,2024-11-02,58,Sepsis,16.8,-0.8,68,collected,attended,122,74,95,0,N
P100486,1,2024-05-12,55,Heart failure,25.0,0.3,90,collected,attended,127,74,92,0,N
P100486,2,2024-05-19,55,Heart failure,25.0,-0.1,89,collected,scheduled,125,96,93,0,N
P100486,3,2024-05-26,55,Heart failure,25.0,-1.0,66,late,scheduled,149,95,94,0,N
P100486,4,2024-06-02,55,Heart failure,25.0,-0.9,74,collected,missed,134,76,97,0,N
P100487,1,2024-12-19,42,Sepsis,16.8,-1.0,84,missed,scheduled,132,93,97,0,N
P100487,2,2024-12-26,42,Sepsis,16.8,-1.2,78,collected,scheduled,133,89,97,0,N
P100487,3,2025-01-02,42,Sepsis,16.8,-0.8,83,collected,missed,121,112,97,0,N
P100487,4,2025-01-09,42,Sepsis,16.8,-1.2,62,collected,attended,120,79,93,0,N
P100488,1,2024-01-29,39,Diabetes,15.4,-0.5,83,collected,attended,117,47,99,0,N
P100488,2,2024-02-05,39,Diabetes,15.4,-0.7,94,collected,scheduled,119,86,97,0,N
P100488,3,2024-02-12,39,Diabetes,15.4,-1.0,65,late,attended,124,75,97,0,N
P100488,4,2024-02-19,39,Diabetes,15.4,-0.0,95,missed,attended,115,79,93,0,N
P100489,1,2025-02-13,73,COPD,25.0,-0.8,70,collected,attended,128,80,94,0,N
P100489,2,2025-02-20,73,COPD,25.0,-0.7,88,late,attended,137,83,96,0,N
P100489,3,2025-02-27,73,COPD,25.0,-0.1,87,late,attended,134,92,97,0,N
P100489,4,2025-03-06,73,COPD,25.0,0.6,86,late,scheduled,135,79,97,0,N
P100490,1,2025-04-24,81,Stroke,11.9,0.9,100,collected,attended,122,66,95,0,N
P100490,2,2025-05-01,81,Stroke,11.9,0.2,90,collected,scheduled,166,72,95,0,N
P100490,3,2025-05-08,81,Stroke,11.9,0.3,84,collected,attended,113,76,98,0,N
P100490,4,2025-05-15,81,Stroke,11.9,1.3,86,collected,attended,134,78,95,0,N
P100491,1,2024-04-22,79,Heart failure,18.2,0.6,92,late,scheduled,107,64,94,0,N
P100491,2,2024-04-29,79,Heart failure,18.2,0.5,82,collected,scheduled,112,84,95,0,N
P100491,3,2024-05-06,79,Heart failure,18.2,0.8,79,collected,attended,118,69,96,0,N
P100491,4,2024-05-13,79,Heart failure,18.2,1.9,78,collected,attended,138,68,97,0,N
P100492,1,2024-06-03,92,Sepsis,19.8,-0.9,89,collected,attended,138,72,99,1,N
P100492,2,2024-06-10,92,Sepsis,19.8,-0.8,75,collected,scheduled,131,93,97,1,N
P100492,3,2024-06-17,92,Sepsis,19.8,-1.1,75,missed,attended,125,81,96,1,Y
P100492,4,2024-06-24,92,Sepsis,19.8,-2.1,100,collected,attended,161,79,96,1,Y
P100493,1,2024-07-17,46,COPD,11.9,0.4,91,collected,attended,128,73,95,0,N
P100493,2,2024-07-24,46,COPD,11.9,0.8,79,collected,attended,151,72,98,0,N
P100493,3,2024-07-31,46,COPD,11.9,1.1,88,collected,attended,120,71,95,0,N
P100493,4,2024-08-07,46,COPD,11.9,-0.2,100,late,scheduled,114,69,94,0,N
P100494,1,2024-04-26,55,Diabetes,13.0,-0.5,100,late,attended,124,73,100,0,N
P100494,2,2024-05-03,55,Diabetes,13.0,-0.4,85,collected,scheduled,162,95,92,0,N
P100494,3,2024-05-10,55,Diabetes,13.0,-0.7,95,collected,attended,140,74,96,0,N
P100494,4,2024-05-17,55,Diabetes,13.0,-0.6,92,collected,attended,120,72,98,0,N
P100495,1,2025-03-17,93,Other,16.8,-1.1,80,late,scheduled,141,85,97,0,N
P100495,2,2025-03-24,93,Other,16.8,-2.2,94,collected,attended,137,90,94,0,N
P100495,3,2025-03-31,93,Other,16.8,-1.8,100,collected,scheduled,123,78,97,0,N
P100495,4,2025-04-07,93,Other,16.8,-1.8,100,collected,scheduled,142,52,93,0,N
P100496,1,2025-07-03,62,Pneumonia,23.1,-0.4,96,collected,attended,115,92,97,0,N
P100496,2,2025-07-10,62,Pneumonia,23.1,-0.0,93,late,attended,141,102,96,0,N
P100496,3,2025-07-17,62,Pneumonia,23.1,-1.1,67,collected,attended,121,61,96,0,N
P100496,4,2025-07-24,62,Pneumonia,23.1,-1.1,95,missed,scheduled,145,74,99,0,N
P100497,1,2024-12-16,50,Heart failure,13.0,-0.8,77,collected,attended,116,79,96,0,N
P100497,2,2024-12-23,50,Heart failure,13.0,-1.4,92,collected,scheduled,125,82,96,0,N
P100497,3,2024-12-30,50,Heart failure,13.0,-2.4,78,collected,attended,151,70,95,0,N
P100497,4,2025-01-06,50,Heart failure,13.0,-1.8,100,collected,attended,145,86,97,0,N
P100498,1,2024-04-02,50,COPD,13.0,0.7,66,late,attended,151,72,95,0,N
P100498,2,2024-04-09,50,COPD,13.0,1.2,100,collected,attended,125,83,96,0,N
P100498,3,2024-04-16,50,COPD,13.0,0.7,85,missed,scheduled,121,75,97,0,N
P100498,4,2024-04-23,50,COPD,13.0,-0.8,85,collected,scheduled,122,71,95,0,N
P100499,1,2025-05-23,71,Diabetes,18.2,0.2,93,collected,missed,141,85,97,0,N
P100499,2,2025-05-30,71,Diabetes,18.2,-0.8,80,collected,attended,129,68,97,0,N
P100499,3,2025-06-06,71,Diabetes,18.2,-0.2,94,collected,attended,121,87,99,0,N
P100499,4,2025-06-13,71,Diabetes,18.2,-1.3,95,collected,attended,109,92,94,0,N
P100500,1,2024-04-14,67,Other,15.4,-0.2,100,collected,missed,107,82,93,0,N
P100500,2,2024-04-21,67,Other,15.4,-0.3,100,late,missed,97,88,97,0,N
P100500,3,2024-04-28,67,Other,15.4,-0.9,86,collected,scheduled,137,88,97,0,N
P100500,4,2024-05-05,67,Other,15.4,-1.3,86,collected,attended,108,69,93,0,N
P100501,1,2025-02-08,57,COPD,15.4,0.4,87,collected,attended,136,70,96,0,N
P100501,2,2025-02-15,57,COPD,15.4,0.2,79,collected,missed,150,84,98,0,N
P100501,3,2025-02-22,57,COPD,15.4,-0.1,87,collected,attended,126,83,94,0,N
P100501,4,2025-03-01,57,COPD,15.4,-0.1,91,late,missed,139,99,99,0,N
P100502,1,2024-03-12,46,Other,16.8,1.3,70,collected,attended,125,83,98,0,N
P100502,2,2024-03-19,46,Other,16.8,3.0,95,collected,attended,113,78,96,0,N
P100502,3,2024-03-26,46,Other,16.8,3.3,94,collected,scheduled,137,107,97,0,N
P100502,4,2024-04-02,46,Other,16.8,3.4,91,collected,attended,133,76,95,0,N
P100503,1,2025-06-21,50,Other,21.4,-0.3,97,collected,attended,137,55,93,0,N
P100503,2,2025-06-28,50,Other,21.4,-0.5,100,collected,attended,144,80,97,0,N
P100503,3,2025-07-05,50,Other,21.4,-0.1,70,collected,scheduled,119,62,98,0,N
P100503,4,2025-07-12,50,Other,21.4,0.2,83,collected,attended,109,70,97,0,N
P100504,1,2025-03-05,90,Other,16.8,-0.5,80,collected,missed,137,75,95,1,N
P100504,2,2025-03-12,90,Other,16.8,-0.0,78,collected,attended,152,86,95,1,N
P100504,3,2025-03-19,90,Other,16.8,1.0,61,missed,scheduled,151,87,96,1,Y
P100504,4,2025-03-26,90,Other,16.8,1.7,83,missed,attended,159,74,93,1,Y
P100505,1,2024-04-26,69,Other,14.2,0.0,90,collected,scheduled,131,73,98,0,N
P100505,2,2024-05-03,69,Other,14.2,0.1,90,collected,attended,110,84,94,0,N
P100505,3,2024-05-10,69,Other,14.2,0.0,91,collected,attended,165,86,96,0,N
P100505,4,2024-05-17,69,Other,14.2,-0.5,100,collected,attended,151,89,95,0,N
P100506,1,2024-07-09,85,Other,25.0,0.1,72,collected,scheduled,139,84,94,1,N
P100506,2,2024-07-16,85,Other,25.0,0.4,71,late,attended,135,66,93,1,N
P100506,3,2024-07-23,85,Other,25.0,1.1,81,collected,attended,113,54,99,1,Y
P100506,4,2024-07-30,85,Other,25.0,1.5,76,collected,attended,145,90,95,1,Y
P100507,1,2024-01-29,78,Diabetes,28.9,0.6,71,collected,attended,115,78,99,0,N
P100507,2,2024-02-05,78,Diabetes,28.9,0.7,76,late,attended,126,92,91,0,N
P100507,3,2024-02-12,78,Diabetes,28.9,0.2,69,collected,missed,141,92,97,0,N
P100507,4,2024-02-19,78,Diabetes,28.9,-0.3,84,late,missed,131,70,97,0,N
P100508,1,2024-12-15,74,Diabetes,26.9,0.8,100,collected,attended,131,92,97,0,N
P100508,2,2024-12-22,74,Diabetes,26.9,0.5,60,collected,attended,137,79,94,0,N
P100508,3,2024-12-29,74,Diabetes,26.9,0.6,100,collected,scheduled,120,97,91,0,N
P100508,4,2025-01-05,74,Diabetes,26.9,1.4,98,collected,scheduled,122,78,94,0,N
P100509,1,2024-10-02,60,Kidney disease,19.8,-0.0,100,collected,scheduled,143,90,98,0,N
P100509,2,2024-10-09,60,Kidney disease,19.8,0.2,81,collected,attended,120,88,98,0,N
P100509,3,2024-10-16,60,Kidney disease,19.8,0.6,77,collected,attended,128,71,94,0,N
P100509,4,2024-10-23,60,Kidney disease,19.8,0.8,94,collected,attended,122,100,96,0,N
P100510,1,2024-04-30,100,Other,42.6,0.2,100,late,scheduled,149,66,99,0,N
P100510,2,2024-05-07,100,Other,42.6,-0.0,100,collected,attended,115,82,95,0,N
P100510,3,2024-05-14,100,Other,42.6,-0.6,85,missed,attended,137,70,94,0,N
P100510,4,2024-05-21,100,Other,42.6,-0.2,90,collected,scheduled,131,79,97,0,N
P100511,1,2024-02-26,52,Other,15.4,0.9,96,collected,attended,124,63,98,0,N
P100511,2,2024-03-04,52,Other,15.4,0.8,87,collected,scheduled,122,80,100,0,N
P100511,3,2024-03-11,52,Other,15.4,1.1,100,collected,scheduled,129,73,96,0,N
P100511,4,2024-03-18,52,Other,15.4,-0.0,85,collected,attended,148,68,94,0,N
P100512,1,2025-06-05,60,Diabetes,16.8,-0.8,93,collected,scheduled,123,77,98,0,N
P100512,2,2025-06-12,60,Diabetes,16.8,-0.3,81,collected,scheduled,118,89,94,0,N
P100512,3,2025-06-19,60,Diabetes,16.8,0.1,99,collected,attended,131,81,93,0,N
P100512,4,2025-06-26,60,Diabetes,16.8,-0.9,96,collected,scheduled,148,67,96,0,N
P100513,1,2024-04-05,50,COPD,18.2,0.9,94,missed,attended,130,91,96,0,N
P100513,2,2024-04-12,50,COPD,18.2,0.6,85,collected,scheduled,157,54,96,0,N
P100513,3,2024-04-19,50,COPD,18.2,1.0,93,collected,attended,112,84,96,0,N
P100513,4,2024-04-26,50,COPD,18.2,0.2,93,collected,attended,124,77,98,0,N
P100514,1,2024-02-26,42,Hip fracture,11.9,0.6,93,collected,attended,146,71,94,0,N
P100514,2,2024-03-04,42,Hip fracture,11.9,1.6,82,late,attended,145,76,98,0,N
P100514,3,2024-03-11,42,Hip fracture,11.9,1.1,96,collected,attended,132,80,96,0,N
P100514,4,2024-03-18,42,Hip fracture,11.9,2.0,79,collected,scheduled,129,71,95,0,N
P100515,1,2025-02-08,90,Other,15.4,0.5,87,collected,attended,135,60,95,0,N
P100515,2,2025-02-15,90,Other,15.4,0.4,100,collected,attended,150,84,95,0,N
P100515,3,2025-02-22,90,Other,15.4,0.4,96,collected,attended,137,82,96,0,N
P100515,4,2025-03-01,90,Other,15.4,0.8,79,collected,attended,120,64,97,0,N
P100516,1,2025-07-21,67,Kidney disease,15.4,0.4,93,collected,attended,130,65,100,1,N
P100516,2,2025-07-28,67,Kidney disease,15.4,0.4,92,late,attended,137,68,94,1,N
P100516,3,2025-08-04,67,Kidney disease,15.4,-0.5,94,collected,missed,120,72,95,1,Y
P100516,4,2025-08-11,67,Kidney disease,15.4,1.1,98,collected,attended,138,78,94,1,Y
P100517,1,2024-07-13,82,Stroke,21.4,-0.2,76,collected,scheduled,136,93,97,0,N
P100517,2,2024-07-20,82,Stroke,21.4,-0.6,76,collected,attended,147,76,95,0,N
P100517,3,2024-07-27,82,Stroke,21.4,0.4,92,collected,scheduled,145,77,96,0,N
P100517,4,2024-08-03,82,Stroke,21.4,0.7,80,collected,attended,148,78,97,0,N
P100518,1,2025-08-11,62,Sepsis,21.4,0.4,87,collected,scheduled,124,68,96,0,N
P100518,2,2025-08-18,62,Sepsis,21.4,1.1,93,collected,scheduled,145,76,96,0,N
P100518,3,2025-08-25,62,Sepsis,21.4,0.8,85,collected,scheduled,154,61,99,0,N
P100518,4,2025-09-01,62,Sepsis,21.4,1.3,88,collected,scheduled,139,65,97,0,N
P100519,1,2025-06-30,50,Sepsis,11.9,1.6,74,late,attended,150,81,94,1,N
P100519,2,2025-07-07,50,Sepsis,11.9,1.5,86,collected,attended,126,82,99,1,N
P100519,3,2025-07-14,50,Sepsis,11.9,1.6,66,collected,attended,141,115,91,1,Y
P100519,4,2025-07-21,50,Sepsis,11.9,1.3,55,collected,missed,149,97,93,1,Y
P100520,1,2025-03-22,54,Kidney disease,11.9,-0.7,100,collected,attended,139,82,96,1,N
P100520,2,2025-03-29,54,Kidney disease,11.9,-1.3,98,collected,scheduled,148,77,100,1,N
P100520,3,2025-04-05,54,Kidney disease,11.9,-1.2,95,collected,attended,123,65,97,1,Y
P100520,4,2025-04-12,54,Kidney disease,11.9,-1.1,75,collected,scheduled,128,83,94,1,Y
P100521,1,2024-03-16,94,Diabetes,37.8,0.4,77,late,attended,137,77,96,0,N
P100521,2,2024-03-23,94,Diabetes,37.8,0.6,68,collected,attended,113,78,98,0,N
P100521,3,2024-03-30,94,Diabetes,37.8,1.3,80,collected,missed,143,88,96,0,N
P100521,4,2024-04-06,94,Diabetes,37.8,1.2,52,missed,attended,124,95,95,0,N
P100522,1,2025-06-13,68,Sepsis,14.2,-0.5,91,collected,attended,118,66,97,0,N
P100522,2,2025-06-20,68,Sepsis,14.2,-0.9,81,collected,scheduled,164,73,92,0,N
P100522,3,2025-06-27,68,Sepsis,14.2,-1.4,100,collected,attended,121,79,97,0,N
P100522,4,2025-07-04,68,Sepsis,14.2,-1.9,81,collected,scheduled,123,80,97,0,N
P100523,1,2024-10-28,52,Hip fracture,15.4,-0.4,89,missed,attended,152,88,96,0,N
P100523,2,2024-11-04,52,Hip fracture,15.4,-1.2,84,collected,attended,129,75,95,0,N
P100523,3,2024-11-11,52,Hip fracture,15.4,-1.0,100,collected,attended,134,86,96,0,N
P100523,4,2024-11-18,52,Hip fracture,15.4,-0.9,90,collected,missed,133,82,99,0,N
P100524,1,2024-09-26,76,Diabetes,18.2,-0.0,82,collected,attended,136,80,95,0,N
P100524,2,2024-10-03,76,Diabetes,18.2,-0.5,100,collected,scheduled,140,77,98,0,N
P100524,3,2024-10-10,76,Diabetes,18.2,-0.7,86,collected,attended,127,89,93,0,N
P100524,4,2024-10-17,76,Diabetes,18.2,-0.2,79,collected,scheduled,146,93,95,0,N
P100525,1,2025-07-03,46,Heart failure,11.9,0.1,92,late,attended,112,80,98,0,N
P100525,2,2025-07-10,46,Heart failure,11.9,-0.1,69,collected,attended,139,88,93,0,N
P100525,3,2025-07-17,46,Heart failure,11.9,-0.3,73,late,missed,131,89,99,0,N
P100525,4,2025-07-24,46,Heart failure,11.9,0.2,82,collected,attended,136,73,96,0,N
P100526,1,2024-12-31,62,COPD,16.8,-0.7,93,missed,attended,132,73,95,0,N
P100526,2,2025-01-07,62,COPD,16.8,-0.8,83,collected,scheduled,131,76,97,0,N
P100526,3,2025-01-14,62,COPD,16.8,-0.4,100,collected,attended,156,68,97,0,N
P100526,4,2025-01-21,62,COPD,16.8,-0.7,79,late,attended,151,71,95,0,N
P100527,1,2024-09-11,80,Other,31.0,-1.3,92,collected,scheduled,148,71,96,0,N
P100527,2,2024-09-18,80,Other,31.0,-1.9,96,collected,attended,122,67,96,0,N
P100527,3,2024-09-25,80,Other,31.0,-1.2,94,late,missed,159,98,94,0,N
P100527,4,2024-10-02,80,Other,31.0,-0.5,98,collected,scheduled,153,84,99,0,N
P100528,1,2024-04-14,69,Other,33.2,1.0,79,collected,scheduled,155,74,100,1,N
P100528,2,2024-04-21,69,Other,33.2,0.6,83,collected,attended,150,81,97,1,N
P100528,3,2024-04-28,69,Other,33.2,0.8,95,collected,scheduled,123,79,98,1,Y
P100528,4,2024-05-05,69,Other,33.2,1.1,100,collected,scheduled,146,72,94,1,Y
P100529,1,2024-06-19,54,Other,23.1,-0.7,78,missed,attended,146,75,95,0,N
P100529,2,2024-06-26,54,Other,23.1,-1.4,85,collected,attended,126,87,96,0,N
P100529,3,2024-07-03,54,Other,23.1,-1.4,74,missed,missed,162,85,96,0,N
P100529,4,2024-07-10,54,Other,23.1,-1.3,60,collected,attended,157,85,92,0,N
P100530,1,2024-05-09,70,Kidney disease,16.8,-0.1,91,collected,scheduled,114,83,98,1,N
P100530,2,2024-05-16,70,Kidney disease,16.8,-0.0,73,collected,scheduled,139,82,97,1,N
P100530,3,2024-05-23,70,Kidney disease,16.8,0.3,91,collected,scheduled,133,75,94,1,Y
P100530,4,2024-05-30,70,Kidney disease,16.8,0.8,94,collected,scheduled,133,97,97,1,Y
P100531,1,2024-11-15,80,Diabetes,19.8,0.2,94,missed,attended,152,86,94,0,N
P100531,2,2024-11-22,80,Diabetes,19.8,-1.5,71,missed,scheduled,149,85,97,0,N
P100531,3,2024-11-29,80,Diabetes,19.8,-1.5,82,late,attended,144,74,96,0,N
P100531,4,2024-12-06,80,Diabetes,19.8,-1.4,74,collected,attended,138,89,93,0,N
P100532,1,2024-09-10,94,Sepsis,16.8,-0.4,100,collected,missed,156,88,98,0,N
P100532,2,2024-09-17,94,Sepsis,16.8,-0.1,95,collected,attended,142,75,97,0,N
P100532,3,2024-09-24,94,Sepsis,16.8,0.5,100,collected,attended,146,80,96,0,N
P100532,4,2024-10-01,94,Sepsis,16.8,1.1,98,collected,scheduled,143,77,97,0,N
P100533,1,2024-01-26,53,Pneumonia,18.2,0.6,77,collected,attended,133,57,97,0,N
P100533,2,2024-02-02,53,Pneumonia,18.2,0.9,89,collected,attended,139,76,94,0,N
P100533,3,2024-02-09,53,Pneumonia,18.2,0.1,91,collected,attended,130,82,94,0,N
P100533,4,2024-02-16,53,Pneumonia,18.2,0.6,83,late,attended,143,66,100,0,N
P100534,1,2024-06-29,77,Diabetes,16.8,-1.0,91,collected,attended,143,77,91,0,N
P100534,2,2024-07-06,77,Diabetes,16.8,-1.0,96,collected,attended,140,79,98,0,N
P100534,3,2024-07-13,77,Diabetes,16.8,-0.7,77,collected,attended,136,80,97,0,N
P100534,4,2024-07-20,77,Diabetes,16.8,-0.9,92,collected,attended,139,95,95,0,N
P100535,1,2025-06-16,79,Pneumonia,31.0,0.4,95,collected,attended,112,72,92,0,N
P100535,2,2025-06-23,79,Pneumonia,31.0,0.7,89,collected,attended,145,69,93,0,N
P100535,3,2025-06-30,79,Pneumonia,31.0,-0.2,75,late,attended,133,70,96,0,N
P100535,4,2025-07-07,79,Pneumonia,31.0,-0.7,85,collected,scheduled,108,72,96,0,N
P100536,1,2025-02-03,61,Stroke,15.4,0.1,98,late,attended,147,77,95,0,N
P100536,2,2025-02-10,61,Stroke,15.4,0.8,84,collected,attended,140,74,98,0,N
P100536,3,2025-02-17,61,Stroke,15.4,0.6,79,collected,scheduled,140,83,98,0,N
P100536,4,2025-02-24,61,Stroke,15.4,0.1,88,collected,attended,110,98,99,0,N
P100537,1,2025-04-10,74,Kidney disease,18.2,0.1,57,collected,scheduled,129,79,97,1,N
P100537,2,2025-04-17,74,Kidney disease,18.2,0.1,83,collected,attended,162,78,97,1,N
P100537,3,2025-04-24,74,Kidney disease,18.2,0.5,84,collected,attended,129,97,95,1,Y
P100537,4,2025-05-01,74,Kidney disease,18.2,0.0,71,late,attended,176,98,94,1,Y
P100538,1,2024-07-12,43,Diabetes,23.1,0.4,97,missed,missed,143,63,98,0,N
P100538,2,2024-07-19,43,Diabetes,23.1,1.4,76,collected,missed,115,70,95,0,N
P100538,3,2024-07-26,43,Diabetes,23.1,1.3,97,late,attended,143,92,94,0,N
P100538,4,2024-08-02,43,Diabetes,23.1,3.2,80,collected,scheduled,118,89,97,0,N
P100539,1,2024-07-09,63,Pneumonia,15.4,0.2,100,collected,attended,134,95,93,0,N
P100539,2,2024-07-16,63,Pneumonia,15.4,-0.6,86,missed,attended,147,81,94,0,N
P100539,3,2024-07-23,63,Pneumonia,15.4,0.5,88,collected,missed,127,72,95,0,N
P100539,4,2024-07-30,63,Pneumonia,15.4,1.4,87,collected,missed,141,77,95,0,N
P100540,1,2025-08-27,59,Other,21.4,0.2,83,collected,scheduled,150,73,95,0,N
P100540,2,2025-09-03,59,Other,21.4,-0.1,100,collected,attended,183,72,99,0,N
P100540,3,2025-09-10,59,Other,21.4,0.1,81,missed,scheduled,104,79,95,0,N
P100540,4,2025-09-17,59,Other,21.4,-0.2,84,missed,attended,117,76,94,0,N
P100541,1,2024-08-19,79,Pneumonia,18.2,-0.0,94,collected,attended,111,75,96,0,N
P100541,2,2024-08-26,79,Pneumonia,18.2,-0.2,95,collected,attended,127,86,96,0,N
P100541,3,2024-09-02,79,Pneumonia,18.2,0.3,94,late,attended,132,88,94,0,N
P100541,4,2024-09-09,79,Pneumonia,18.2,-0.2,99,collected,attended,138,62,94,0,N
P100542,1,2024-11-17,37,COPD,16.8,-0.4,63,collected,attended,137,78,96,1,N
P100542,2,2024-11-24,37,COPD,16.8,-0.5,90,collected,attended,133,62,96,1,N
P100542,3,2024-12-01,37,COPD,16.8,-0.5,96,collected,attended,122,106,94,1,Y
P100542,4,2024-12-08,37,COPD,16.8,-0.4,84,collected,attended,123,75,98,1,Y
P100543,1,2024-07-22,56,Kidney disease,19.8,1.6,92,missed,scheduled,100,79,98,0,N
P100543,2,2024-07-29,56,Kidney disease,19.8,0.6,86,collected,attended,113,68,96,0,N
P100543,3,2024-08-05,56,Kidney disease,19.8,0.4,91,collected,attended,124,74,94,0,N
P100543,4,2024-08-12,56,Kidney disease,19.8,0.0,60,collected,attended,154,95,95,0,N
P100544,1,2024-01-18,53,Diabetes,15.4,-0.0,87,collected,scheduled,120,77,94,0,N
P100544,2,2024-01-25,53,Diabetes,15.4,-0.6,94,collected,missed,128,75,94,0,N
P100544,3,2024-02-01,53,Diabetes,15.4,-1.5,99,late,scheduled,150,76,95,0,N
P100544,4,2024-02-08,53,Diabetes,15.4,-0.6,83,collected,scheduled,123,78,97,0,N
P100545,1,2024-09-17,71,Kidney disease,19.8,0.2,86,collected,attended,120,74,94,0,N
P100545,2,2024-09-24,71,Kidney disease,19.8,0.3,87,collected,attended,131,84,100,0,N
P100545,3,2024-10-01,71,Kidney disease,19.8,0.6,93,collected,attended,128,86,97,0,N
P100545,4,2024-10-08,71,Kidney disease,19.8,1.1,82,collected,scheduled,141,81,96,0,N
P100546,1,2024-02-02,67,Hip fracture,25.0,0.9,100,collected,attended,144,92,98,1,N
P100546,2,2024-02-09,67,Hip fracture,25.0,0.6,89,collected,scheduled,142,83,98,1,N
P100546,3,2024-02-16,67,Hip fracture,25.0,1.6,82,collected,attended,130,86,96,1,Y
P100546,4,2024-02-23,67,Hip fracture,25.0,1.0,97,collected,attended,128,73,97,1,Y
P100547,1,2024-01-29,71,Heart failure,19.8,-0.3,92,missed,attended,124,73,100,0,N
P100547,2,2024-02-05,71,Heart failure,19.8,-0.7,84,collected,missed,144,74,95,0,N
P100547,3,2024-02-12,71,Heart failure,19.8,-0.9,99,collected,attended,117,76,95,0,N
P100547,4,2024-02-19,71,Heart failure,19.8,-1.1,94,collected,attended,141,99,94,0,N
P100548,1,2024-03-10,58,Hip fracture,14.2,0.8,96,collected,missed,139,87,100,0,N
P100548,2,2024-03-17,58,Hip fracture,14.2,1.2,91,late,attended,169,87,96,0,N
P100548,3,2024-03-24,58,Hip fracture,14.2,1.8,94,missed,attended,115,103,94,0,N
P100548,4,2024-03-31,58,Hip fracture,14.2,1.2,87,missed,attended,135,64,95,0,N
P100549,1,2025-04-16,69,Sepsis,19.8,-0.7,92,collected,scheduled,150,72,96,0,N
P100549,2,2025-04-23,69,Sepsis,19.8,-2.0,96,collected,attended,137,68,99,0,N
P100549,3,2025-04-30,69,Sepsis,19.8,-2.0,77,collected,attended,123,93,98,0,N
P100549,4,2025-05-07,69,Sepsis,19.8,-0.7,89,collected,attended,134,55,95,0,N
P100550,1,2025-08-21,58,Diabetes,16.8,-0.4,98,collected,scheduled,126,79,96,0,N
P100550,2,2025-08-28,58,Diabetes,16.8,0.1,86,collected,attended,114,93,97,0,N
P100550,3,2025-09-04,58,Diabetes,16.8,0.3,98,collected,attended,136,72,96,0,N
P100550,4,2025-09-11,58,Diabetes,16.8,0.0,88,late,attended,119,82,95,0,N
P100551,1,2024-08-10,87,Heart failure,31.0,-0.1,92,collected,attended,136,100,95,0,N
P100551,2,2024-08-17,87,Heart failure,31.0,-1.2,85,collected,scheduled,133,91,96,0,N
P100551,3,2024-08-24,87,Heart failure,31.0,-1.8,93,collected,missed,115,79,97,0,N
P100551,4,2024-08-31,87,Heart failure,31.0,-2.5,85,collected,attended,94,69,96,0,N
P100552,1,2025-02-18,70,Heart failure,16.8,-0.3,99,late,missed,103,75,97,0,N
P100552,2,2025-02-25,70,Heart failure,16.8,0.0,97,collected,attended,113,58,94,0,N
P100552,3,2025-03-04,70,Heart failure,16.8,0.0,82,late,attended,111,81,97,0,N
P100552,4,2025-03-11,70,Heart failure,16.8,-0.5,98,late,scheduled,126,80,95,0,N
P100553,1,2025-07-16,71,COPD,18.2,1.3,88,late,scheduled,144,96,94,1,N
P100553,2,2025-07-23,71,COPD,18.2,1.3,60,late,scheduled,119,93,95,1,N
P100553,3,2025-07-30,71,COPD,18.2,1.2,100,collected,missed,154,71,94,1,Y
P100553,4,2025-08-06,71,COPD,18.2,0.9,59,collected,attended,133,67,96,1,Y
P100554,1,2024-04-29,55,Sepsis,11.9,-0.2,90,collected,attended,143,94,98,0,N
P100554,2,2024-05-06,55,Sepsis,11.9,-0.1,97,collected,scheduled,125,89,98,0,N
P100554,3,2024-05-13,55,Sepsis,11.9,0.1,85,missed,attended,131,100,96,0,N
P100554,4,2024-05-20,55,Sepsis,11.9,0.9,100,collected,scheduled,145,74,92,0,N
P100555,1,2024-02-13,83,Diabetes,28.9,0.2,87,collected,attended,125,79,96,1,N
P100555,2,2024-02-20,83,Diabetes,28.9,0.6,77,collected,attended,137,82,97,1,N
P100555,3,2024-02-27,83,Diabetes,28.9,0.6,94,collected,missed,130,76,98,1,Y
P100555,4,2024-03-05,83,Diabetes,28.9,0.7,77,collected,attended,159,69,94,1,Y
P100556,1,2024-11-30,92,Sepsis,18.2,0.2,68,collected,attended,144,65,98,0,N
P100556,2,2024-12-07,92,Sepsis,18.2,0.2,78,collected,scheduled,126,64,97,0,N
P100556,3,2024-12-14,92,Sepsis,18.2,0.0,93,collected,attended,132,84,95,0,N
P100556,4,2024-12-21,92,Sepsis,18.2,-0.2,92,collected,missed,88,99,95,0,N
P100557,1,2025-04-27,61,Pneumonia,25.0,-0.8,100,collected,scheduled,145,76,94,0,N
P100557,2,2025-05-04,61,Pneumonia,25.0,-1.3,78,collected,scheduled,129,75,95,0,N
P100557,3,2025-05-11,61,Pneumonia,25.0,-1.3,78,collected,attended,122,78,97,0,N
P100557,4,2025-05-18,61,Pneumonia,25.0,-1.0,88,collected,attended,136,94,93,0,N
P100558,1,2024-11-16,67,COPD,21.4,-0.0,98,late,scheduled,148,71,95,0,N
P100558,2,2024-11-23,67,COPD,21.4,0.0,100,collected,attended,125,97,94,0,N
P100558,3,2024-11-30,67,COPD,21.4,-0.2,91,collected,attended,118,62,95,0,N
P100558,4,2024-12-07,67,COPD,21.4,0.9,93,collected,scheduled,129,76,96,0,N
P100559,1,2024-02-11,76,Pneumonia,18.2,0.6,90,collected,attended,146,73,95,0,N
P100559,2,2024-02-18,76,Pneumonia,18.2,0.6,98,collected,attended,139,69,97,0,N
P100559,3,2024-02-25,76,Pneumonia,18.2,0.2,78,collected,missed,132,92,98,0,N
P100559,4,2024-03-03,76,Pneumonia,18.2,0.6,80,collected,missed,133,69,96,0,N
P100560,1,2024-05-04,41,COPD,13.0,-0.3,61,collected,attended,126,83,99,0,N
P100560,2,2024-05-11,41,COPD,13.0,-0.8,82,missed,attended,105,80,94,0,N
P100560,3,2024-05-18,41,COPD,13.0,-0.9,80,missed,attended,130,84,94,0,N
P100560,4,2024-05-25,41,COPD,13.0,-0.8,78,collected,attended,126,61,94,0,N
P100561,1,2024-05-01,66,Stroke,16.8,-0.2,85,late,attended,139,86,96,0,N
P100561,2,2024-05-08,66,Stroke,16.8,-1.4,94,collected,attended,122,71,96,0,N
P100561,3,2024-05-15,66,Stroke,16.8,-1.3,78,collected,attended,133,69,96,0,N
P100561,4,2024-05-22,66,Stroke,16.8,-0.3,91,collected,attended,131,81,96,0,N
P100562,1,2024-05-11,60,Diabetes,15.4,0.6,73,missed,attended,131,90,91,1,N
P100562,2,2024-05-18,60,Diabetes,15.4,0.6,86,late,scheduled,157,82,95,1,N
P100562,3,2024-05-25,60,Diabetes,15.4,0.6,90,collected,scheduled,145,58,97,1,Y
P100562,4,2024-06-01,60,Diabetes,15.4,-0.0,92,late,missed,145,70,97,1,Y
P100563,1,2024-09-16,62,Diabetes,18.2,0.3,81,collected,attended,126,61,95,0,N
P100563,2,2024-09-23,62,Diabetes,18.2,0.6,79,late,scheduled,119,82,96,0,N
P100563,3,2024-09-30,62,Diabetes,18.2,0.2,86,collected,scheduled,143,61,97,0,N
P100563,4,2024-10-07,62,Diabetes,18.2,0.8,86,late,attended,157,84,95,0,N
P100564,1,2024-11-23,56,Heart failure,21.4,0.0,86,collected,scheduled,140,87,96,0,N
P100564,2,2024-11-30,56,Heart failure,21.4,0.8,94,collected,attended,126,93,97,0,N
P100564,3,2024-12-07,56,Heart failure,21.4,1.3,80,collected,scheduled,131,76,98,0,N
P100564,4,2024-12-14,56,Heart failure,21.4,0.9,96,collected,scheduled,137,78,95,0,N
P100565,1,2024-10-18,77,Heart failure,18.2,0.4,78,missed,missed,116,68,95,0,N
P100565,2,2024-10-25,77,Heart failure,18.2,0.2,100,late,scheduled,137,86,97,0,N
P100565,3,2024-11-01,77,Heart failure,18.2,0.0,96,collected,missed,125,84,97,0,N
P100565,4,2024-11-08,77,Heart failure,18.2,-0.2,86,missed,missed,148,68,96,0,N
P100566,1,2025-04-28,63,Diabetes,11.9,0.2,84,late,scheduled,132,78,95,0,N
P100566,2,2025-05-05,63,Diabetes,11.9,0.3,82,collected,attended,142,76,100,0,N
P100566,3,2025-05-12,63,Diabetes,11.9,-0.5,81,collected,missed,126,61,98,0,N
P100566,4,2025-05-19,63,Diabetes,11.9,1.1,72,collected,scheduled,140,86,97,0,N
P100567,1,2024-11-29,55,Sepsis,11.9,1.1,87,collected,attended,123,82,97,0,N
P100567,2,2024-12-06,55,Sepsis,11.9,1.8,100,late,missed,115,72,97,0,N
P100567,3,2024-12-13,55,Sepsis,11.9,2.5,83,collected,scheduled,125,79,96,0,N
P100567,4,2024-12-20,55,Sepsis,11.9,3.2,75,collected,scheduled,160,84,94,0,N
P100568,1,2024-09-13,63,Sepsis,21.4,-0.1,87,collected,scheduled,152,51,95,0,N
P100568,2,2024-09-20,63,Sepsis,21.4,-0.4,88,collected,attended,146,78,95,0,N
P100568,3,2024-09-27,63,Sepsis,21.4,-0.0,74,collected,attended,121,48,99,0,N
P100568,4,2024-10-04,63,Sepsis,21.4,-1.1,100,missed,attended,116,53,93,0,N
P100569,1,2024-08-27,86,Other,25.0,0.6,99,late,attended,135,64,93,0,N
P100569,2,2024-09-03,86,Other,25.0,-0.1,88,missed,attended,102,68,97,0,N
P100569,3,2024-09-10,86,Other,25.0,0.4,92,collected,attended,135,76,93,0,N
P100569,4,2024-09-17,86,Other,25.0,0.9,96,collected,attended,132,93,97,0,N
P100570,1,2025-04-13,54,Pneumonia,16.8,-0.1,97,collected,scheduled,144,95,94,0,N
P100570,2,2025-04-20,54,Pneumonia,16.8,-0.1,95,collected,attended,139,76,98,0,N
P100570,3,2025-04-27,54,Pneumonia,16.8,0.6,70,collected,missed,136,71,95,0,N
P100570,4,2025-05-04,54,Pneumonia,16.8,0.7,79,collected,attended,134,84,95,0,N
P100571,1,2024-05-07,59,Kidney disease,14.2,-0.3,97,collected,attended,128,79,100,1,N
P100571,2,2024-05-14,59,Kidney disease,14.2,-0.7,84,collected,scheduled,141,79,96,1,N
P100571,3,2024-05-21,59,Kidney disease,14.2,0.4,96,late,missed,128,81,93,1,Y
P100571,4,2024-05-28,59,Kidney disease,14.2,0.7,73,collected,attended,119,90,98,1,Y
P100572,1,2024-07-21,68,Diabetes,16.8,0.7,84,missed,scheduled,143,84,97,0,N
P100572,2,2024-07-28,68,Diabetes,16.8,1.1,72,collected,attended,137,79,93,0,N
P100572,3,2024-08-04,68,Diabetes,16.8,1.9,71,collected,attended,132,97,98,0,N
P100572,4,2024-08-11,68,Diabetes,16.8,3.2,79,collected,missed,114,72,94,0,N
P100573,1,2024-04-08,52,Sepsis,15.4,-0.4,77,late,missed,113,77,95,0,N
P100573,2,2024-04-15,52,Sepsis,15.4,-1.2,72,collected,attended,122,83,100,0,N
P100573,3,2024-04-22,52,Sepsis,15.4,-1.1,89,collected,scheduled,135,84,98,0,N
P100573,4,2024-04-29,52,Sepsis,15.4,-0.3,85,collected,attended,115,62,95,0,N
P100574,1,2025-08-07,66,Pneumonia,35.4,-0.1,98,collected,attended,148,76,96,1,N
P100574,2,2025-08-14,66,Pneumonia,35.4,-0.6,71,late,attended,142,65,95,1,N
P100574,3,2025-08-21,66,Pneumonia,35.4,0.2,92,collected,missed,130,69,98,1,Y
P100574,4,2025-08-28,66,Pneumonia,35.4,0.6,81,collected,missed,139,76,95,1,Y
P100575,1,2025-08-28,61,Diabetes,13.0,1.0,92,collected,missed,140,67,94,0,N
P100575,2,2025-09-04,61,Diabetes,13.0,1.3,87,collected,attended,147,77,99,0,N
P100575,3,2025-09-11,61,Diabetes,13.0,2.2,94,late,attended,119,72,95,0,N
P100575,4,2025-09-18,61,Diabetes,13.0,2.6,92,collected,scheduled,119,76,94,0,N
P100576,1,2025-04-22,71,Sepsis,16.8,-2.2,89,collected,attended,122,70,94,1,N
P100576,2,2025-04-29,71,Sepsis,16.8,-1.9,94,collected,attended,148,61,97,1,N
P100576,3,2025-05-06,71,Sepsis,16.8,-1.6,100,collected,attended,123,94,95,1,Y
P100576,4,2025-05-13,71,Sepsis,16.8,-2.0,81,collected,attended,143,83,94,1,Y
P100577,1,2024-12-30,60,Heart failure,16.8,0.0,91,collected,scheduled,125,100,95,0,N
P100577,2,2025-01-06,60,Heart failure,16.8,0.4,90,collected,scheduled,111,91,94,0,N
P100577,3,2025-01-13,60,Heart failure,16.8,1.0,76,collected,scheduled,132,91,94,0,N
P100577,4,2025-01-20,60,Heart failure,16.8,0.8,83,collected,attended,130,81,97,0,N
P100578,1,2025-04-06,56,Diabetes,18.2,0.3,83,late,attended,144,72,96,0,N
P100578,2,2025-04-13,56,Diabetes,18.2,-0.5,72,collected,attended,111,83,99,0,N
P100578,3,2025-04-20,56,Diabetes,18.2,0.3,86,missed,attended,114,83,94,0,N
P100578,4,2025-04-27,56,Diabetes,18.2,-0.1,89,collected,attended,139,78,96,0,N
P100579,1,2025-04-25,77,Hip fracture,18.2,1.1,92,late,scheduled,128,86,94,1,N
P100579,2,2025-05-02,77,Hip fracture,18.2,0.9,86,collected,attended,121,82,96,1,N
P100579,3,2025-05-09,77,Hip fracture,18.2,1.5,90,collected,attended,126,71,97,1,Y
P100579,4,2025-05-16,77,Hip fracture,18.2,3.0,83,collected,scheduled,132,84,99,1,Y
P100580,1,2025-04-29,63,Other,23.1,-0.8,90,late,scheduled,154,80,94,0,N
P100580,2,2025-05-06,63,Other,23.1,-0.8,99,collected,missed,156,96,96,0,N
P100580,3,2025-05-13,63,Other,23.1,-0.8,86,collected,scheduled,140,78,97,0,N
P100580,4,2025-05-20,63,Other,23.1,-0.6,73,collected,missed,130,91,94,0,N
P100581,1,2024-07-21,76,Stroke,14.2,0.1,74,collected,scheduled,147,89,96,0,N
P100581,2,2024-07-28,76,Stroke,14.2,1.0,81,missed,scheduled,143,84,93,0,N
P100581,3,2024-08-04,76,Stroke,14.2,1.1,89,missed,attended,117,76,98,0,N
P100581,4,2024-08-11,76,Stroke,14.2,1.5,82,collected,scheduled,117,90,94,0,N
P100582,1,2024-04-14,60,Diabetes,21.4,-0.5,82,collected,scheduled,99,89,97,1,N
P100582,2,2024-04-21,60,Diabetes,21.4,0.2,69,collected,missed,166,59,95,1,N
P100582,3,2024-04-28,60,Diabetes,21.4,-0.3,87,collected,scheduled,134,86,95,1,Y
P100582,4,2024-05-05,60,Diabetes,21.4,-1.2,79,collected,missed,118,54,97,1,Y
P100583,1,2024-04-10,94,Kidney disease,33.2,-0.7,76,collected,attended,122,102,96,0,N
P100583,2,2024-04-17,94,Kidney disease,33.2,-1.7,83,collected,attended,122,79,95,0,N
P100583,3,2024-04-24,94,Kidney disease,33.2,-1.7,77,late,scheduled,130,76,95,0,N
P100583,4,2024-05-01,94,Kidney disease,33.2,-1.7,88,late,attended,141,85,94,0,N
P100584,1,2024-07-16,69,Stroke,31.0,-0.4,74,collected,attended,116,91,97,1,N
P100584,2,2024-07-23,69,Stroke,31.0,-0.1,85,missed,attended,124,74,96,1,N
P100584,3,2024-07-30,69,Stroke,31.0,0.1,86,collected,attended,136,76,95,1,Y
P100584,4,2024-08-06,69,Stroke,31.0,0.1,94,collected,attended,143,77,95,1,Y
P100585,1,2025-03-18,62,Hip fracture,23.1,0.6,86,collected,scheduled,136,80,97,1,N
P100585,2,2025-03-25,62,Hip fracture,23.1,0.8,100,late,scheduled,146,65,96,1,N
P100585,3,2025-04-01,62,Hip fracture,23.1,0.6,93,missed,attended,123,75,95,1,Y
P100585,4,2025-04-08,62,Hip fracture,23.1,0.4,78,collected,missed,123,82,100,1,Y
P100586,1,2024-04-25,75,Kidney disease,31.0,1.2,91,collected,attended,104,65,94,1,N
P100586,2,2024-05-02,75,Kidney disease,31.0,1.3,96,missed,attended,126,96,92,1,N
P100586,3,2024-05-09,75,Kidney disease,31.0,1.9,89,missed,scheduled,142,89,97,1,Y
P100586,4,2024-05-16,75,Kidney disease,31.0,1.9,72,collected,scheduled,144,74,95,1,Y
P100587,1,2025-02-04,82,Pneumonia,28.9,-0.4,100,collected,attended,122,77,96,0,N
P100587,2,2025-02-11,82,Pneumonia,28.9,0.1,88,collected,scheduled,118,96,96,0,N
P100587,3,2025-02-18,82,Pneumonia,28.9,0.7,86,collected,attended,113,88,95,0,N
P100587,4,2025-02-25,82,Pneumonia,28.9,1.1,83,late,missed,140,83,96,0,N
P100588,1,2024-04-26,71,Kidney disease,19.8,-0.4,91,collected,scheduled,116,72,94,1,N
P100588,2,2024-05-03,71,Kidney disease,19.8,0.3,68,collected,attended,134,76,97,1,N
P100588,3,2024-05-10,71,Kidney disease,19.8,0.5,78,collected,attended,119,97,100,1,Y
P100588,4,2024-05-17,71,Kidney disease,19.8,0.9,100,late,scheduled,118,93,97,1,Y
P100589,1,2024-04-30,69,Hip fracture,16.8,0.7,100,collected,attended,127,65,96,1,N
P100589,2,2024-05-07,69,Hip fracture,16.8,1.5,100,collected,missed,109,99,98,1,N
P100589,3,2024-05-14,69,Hip fracture,16.8,3.6,94,collected,attended,149,89,97,1,Y
P100589,4,2024-05-21,69,Hip fracture,16.8,4.7,89,collected,scheduled,107,74,100,1,Y
P100590,1,2024-04-17,59,COPD,15.4,0.1,84,late,scheduled,122,63,96,0,N
P100590,2,2024-04-24,59,COPD,15.4,-0.2,82,collected,attended,141,75,94,0,N
P100590,3,2024-05-01,59,COPD,15.4,-1.6,84,collected,attended,143,66,95,0,N
P100590,4,2024-05-08,59,COPD,15.4,-2.2,78,collected,attended,131,70,92,0,N
P100591,1,2025-03-24,76,Stroke,16.8,-1.0,86,collected,attended,123,74,96,0,N
P100591,2,2025-03-31,76,Stroke,16.8,-0.9,95,collected,scheduled,143,83,95,0,N
P100591,3,2025-04-07,76,Stroke,16.8,-1.2,98,collected,attended,137,68,98,0,N
P100591,4,2025-04-14,76,Stroke,16.8,-0.7,70,collected,attended,142,88,95,0,N
P100592,1,2024-06-17,93,Stroke,23.1,-0.4,93,collected,attended,126,86,95,1,N
P100592,2,2024-06-24,93,Stroke,23.1,0.4,82,collected,attended,111,90,96,1,N
P100592,3,2024-07-01,93,Stroke,23.1,0.6,97,collected,attended,124,71,95,1,Y
P100592,4,2024-07-08,93,Stroke,23.1,0.3,79,collected,attended,144,76,96,1,Y
P100593,1,2024-10-30,89,Other,28.9,0.5,90,collected,attended,138,105,92,1,N
P100593,2,2024-11-06,89,Other,28.9,0.2,74,missed,scheduled,131,79,97,1,N
P100593,3,2024-11-13,89,Other,28.9,-0.7,69,collected,attended,135,107,93,1,Y
P100593,4,2024-11-20,89,Other,28.9,-0.7,83,collected,attended,163,87,97,1,Y
P100594,1,2025-02-04,45,Hip fracture,25.0,0.6,88,collected,scheduled,150,87,94,1,N
P100594,2,2025-02-11,45,Hip fracture,25.0,1.4,78,late,scheduled,155,81,97,1,N
P100594,3,2025-02-18,45,Hip fracture,25.0,1.7,79,missed,scheduled,120,82,95,1,Y
P100594,4,2025-02-25,45,Hip fracture,25.0,1.6,95,missed,attended,131,84,95,1,Y
P100595,1,2025-07-06,37,Hip fracture,15.4,1.0,85,missed,scheduled,113,82,96,0,N
P100595,2,2025-07-13,37,Hip fracture,15.4,0.4,94,collected,scheduled,148,75,99,0,N
P100595,3,2025-07-20,37,Hip fracture,15.4,-0.5,72,collected,attended,160,74,95,0,N
P100595,4,2025-07-27,37,Hip fracture,15.4,-0.3,87,collected,attended,109,75,98,0,N
P100596,1,2024-02-27,71,Stroke,16.8,-0.4,86,collected,attended,140,78,97,0,N
P100596,2,2024-03-05,71,Stroke,16.8,0.2,91,collected,attended,137,74,93,0,N
P100596,3,2024-03-12,71,Stroke,16.8,0.6,80,collected,attended,145,72,96,0,N
P100596,4,2024-03-19,71,Stroke,16.8,-0.2,76,collected,attended,148,93,95,0,N
P100597,1,2025-03-19,83,Sepsis,23.1,0.1,66,collected,scheduled,137,76,100,1,N
P100597,2,2025-03-26,83,Sepsis,23.1,0.0,88,collected,attended,138,83,97,1,N
P100597,3,2025-04-02,83,Sepsis,23.1,0.1,95,late,attended,151,77,95,1,Y
P100597,4,2025-04-09,83,Sepsis,23.1,0.5,86,collected,attended,150,87,98,1,Y
P100598,1,2024-12-15,46,Kidney disease,16.8,0.1,79,collected,attended,121,59,97,0,N
P100598,2,2024-12-22,46,Kidney disease,16.8,-0.2,90,collected,scheduled,98,86,96,0,N
P100598,3,2024-12-29,46,Kidney disease,16.8,-1.1,85,collected,attended,134,91,95,0,N
P100598,4,2025-01-05,46,Kidney disease,16.8,-1.4,91,collected,scheduled,147,84,96,0,N
P100599,1,2024-09-06,72,Kidney disease,15.4,1.2,87,collected,attended,146,90,97,0,N
P100599,2,2024-09-13,72,Kidney disease,15.4,0.8,89,late,attended,128,74,99,0,N
P100599,3,2024-09-20,72,Kidney disease,15.4,0.6,86,collected,attended,133,74,98,0,N
P100599,4,2024-09-27,72,Kidney disease,15.4,0.9,100,collected,scheduled,139,78,96,0,N
P100600,1,2024-02-11,66,Other,16.8,0.7,78,collected,attended,135,72,94,1,N
P100600,2,2024-02-18,66,Other,16.8,0.0,91,late,scheduled,138,84,94,1,N
P100600,3,2024-02-25,66,Other,16.8,-0.0,96,collected,missed,131,81,95,1,Y
P100600,4,2024-03-03,66,Other,16.8,0.5,81,collected,scheduled,118,80,97,1,Y
P100601,1,2025-08-09,75,Sepsis,16.8,-0.7,74,collected,scheduled,138,79,96,0,N
P100601,2,2025-08-16,75,Sepsis,16.8,-1.4,89,collected,scheduled,123,107,98,0,N
P100601,3,2025-08-23,75,Sepsis,16.8,-0.9,90,late,attended,135,78,94,0,N
P100601,4,2025-08-30,75,Sepsis,16.8,0.1,64,collected,attended,103,65,93,0,N
P100602,1,2024-05-07,83,Kidney disease,25.0,-0.1,95,collected,missed,158,75,97,0,N
P100602,2,2024-05-14,83,Kidney disease,25.0,-2.0,95,collected,scheduled,135,69,96,0,N
P100602,3,2024-05-21,83,Kidney disease,25.0,-2.9,72,collected,scheduled,124,85,94,0,N
P100602,4,2024-05-28,83,Kidney disease,25.0,-4.0,100,collected,attended,116,90,98,0,N
P100603,1,2025-02-19,76,Other,13.0,-0.9,97,collected,attended,153,76,95,0,N
P100603,2,2025-02-26,76,Other,13.0,-0.2,97,late,scheduled,143,83,98,0,N
P100603,3,2025-03-05,76,Other,13.0,-0.9,91,collected,attended,126,74,95,0,N
P100603,4,2025-03-12,76,Other,13.0,-0.7,80,collected,attended,121,65,96,0,N
P100604,1,2025-06-07,41,Pneumonia,13.0,-1.1,70,late,attended,150,89,95,0,N
P100604,2,2025-06-14,41,Pneumonia,13.0,-0.7,76,late,scheduled,119,98,96,0,N
P100604,3,2025-06-21,41,Pneumonia,13.0,-0.9,66,collected,scheduled,123,88,92,0,N
P100604,4,2025-06-28,41,Pneumonia,13.0,-0.8,62,collected,attended,124,84,95,0,N
P100605,1,2024-11-18,59,Other,16.8,1.1,85,collected,attended,126,77,97,0,N
P100605,2,2024-11-25,59,Other,16.8,1.3,100,collected,attended,136,78,94,0,N
P100605,3,2024-12-02,59,Other,16.8,0.9,92,collected,scheduled,151,82,95,0,N
P100605,4,2024-12-09,59,Other,16.8,1.2,92,missed,attended,139,55,96,0,N
P100606,1,2024-12-12,73,Heart failure,21.4,-0.1,75,collected,attended,119,80,96,0,N
P100606,2,2024-12-19,73,Heart failure,21.4,-0.8,78,collected,attended,127,74,94,0,N
P100606,3,2024-12-26,73,Heart failure,21.4,-0.6,74,collected,missed,135,86,93,0,N
P100606,4,2025-01-02,73,Heart failure,21.4,-1.0,92,collected,attended,121,87,96,0,N
P100607,1,2024-06-02,72,Other,18.2,-0.1,97,collected,missed,138,99,95,1,N
P100607,2,2024-06-09,72,Other,18.2,0.3,97,collected,attended,123,70,94,1,N
P100607,3,2024-06-16,72,Other,18.2,-0.2,74,collected,missed,143,76,95,1,Y
P100607,4,2024-06-23,72,Other,18.2,-0.0,96,collected,scheduled,131,93,95,1,Y
P100608,1,2024-11-29,59,Heart failure,13.0,-0.1,66,collected,attended,131,65,98,0,N
P100608,2,2024-12-06,59,Heart failure,13.0,-0.1,73,collected,attended,131,88,98,0,N
P100608,3,2024-12-13,59,Heart failure,13.0,-1.0,99,collected,attended,144,68,94,0,N
P100608,4,2024-12-20,59,Heart failure,13.0,-0.9,67,collected,scheduled,146,78,94,0,N
P100609,1,2024-05-09,82,Heart failure,25.0,0.7,70,collected,scheduled,152,71,95,0,N
P100609,2,2024-05-16,82,Heart failure,25.0,1.0,84,collected,attended,136,76,96,0,N
P100609,3,2024-05-23,82,Heart failure,25.0,0.8,84,late,missed,143,77,93,0,N
P100609,4,2024-05-30,82,Heart failure,25.0,-0.1,71,collected,missed,135,96,94,0,N
P100610,1,2024-12-21,48,Other,18.2,0.9,92,collected,attended,125,74,93,0,N
P100610,2,2024-12-28,48,Other,18.2,0.7,93,late,scheduled,114,78,98,0,N
P100610,3,2025-01-04,48,Other,18.2,0.8,100,collected,scheduled,129,77,93,0,N
P100610,4,2025-01-11,48,Other,18.2,0.1,72,collected,scheduled,142,80,97,0,N
P100611,1,2025-01-07,87,Diabetes,26.9,0.4,82,collected,missed,126,78,94,0,N
P100611,2,2025-01-14,87,Diabetes,26.9,0.4,100,collected,attended,123,74,95,0,N
P100611,3,2025-01-21,87,Diabetes,26.9,-0.4,82,collected,attended,131,89,99,0,N
P100611,4,2025-01-28,87,Diabetes,26.9,-0.4,96,collected,attended,123,70,94,0,N
P100612,1,2024-04-17,49,Kidney disease,14.2,-0.2,79,late,attended,133,87,95,0,N
P100612,2,2024-04-24,49,Kidney disease,14.2,0.4,95,collected,scheduled,119,89,96,0,N
P100612,3,2024-05-01,49,Kidney disease,14.2,0.5,85,missed,attended,135,86,98,0,N
P100612,4,2024-05-08,49,Kidney disease,14.2,1.2,87,collected,scheduled,133,93,98,0,N
P100613,1,2024-01-22,51,Other,16.8,-0.7,95,collected,attended,133,84,97,0,N
P100613,2,2024-01-29,51,Other,16.8,-0.5,100,collected,missed,135,77,95,0,N
P100613,3,2024-02-05,51,Other,16.8,-0.8,87,collected,attended,118,83,97,0,N
P100613,4,2024-02-12,51,Other,16.8,-1.2,72,collected,attended,125,65,95,0,N
P100614,1,2025-05-02,74,COPD,16.8,-0.7,100,collected,scheduled,131,77,95,0,N
P100614,2,2025-05-09,74,COPD,16.8,-0.3,84,missed,attended,162,64,98,0,N
P100614,3,2025-05-16,74,COPD,16.8,0.7,96,collected,attended,128,83,95,0,N
P100614,4,2025-05-23,74,COPD,16.8,0.6,91,collected,scheduled,133,77,97,0,N
P100615,1,2025-05-17,69,Pneumonia,25.0,0.0,87,collected,attended,136,79,97,0,N
P100615,2,2025-05-24,69,Pneumonia,25.0,0.4,88,collected,scheduled,107,62,99,0,N
P100615,3,2025-05-31,69,Pneumonia,25.0,0.7,91,collected,attended,134,77,92,0,N
P100615,4,2025-06-07,69,Pneumonia,25.0,0.6,99,collected,attended,160,88,94,0,N
P100616,1,2024-05-04,60,Hip fracture,13.0,0.5,100,collected,scheduled,146,89,96,0,N
P100616,2,2024-05-11,60,Hip fracture,13.0,0.5,100,collected,missed,138,67,93,0,N
P100616,3,2024-05-18,60,Hip fracture,13.0,0.6,93,collected,attended,136,69,98,0,N
P100616,4,2024-05-25,60,Hip fracture,13.0,-0.4,68,collected,scheduled,125,63,94,0,N
P100617,1,2024-05-09,64,Heart failure,11.9,0.6,77,collected,scheduled,112,91,98,0,N
P100617,2,2024-05-16,64,Heart failure,11.9,2.0,63,late,attended,144,97,93,0,N
P100617,3,2024-05-23,64,Heart failure,11.9,0.7,73,collected,missed,140,95,95,0,N
P100617,4,2024-05-30,64,Heart failure,11.9,1.8,76,missed,scheduled,146,91,95,0,N
P100618,1,2025-01-30,58,COPD,16.8,-0.2,77,collected,attended,138,74,96,0,N
P100618,2,2025-02-06,58,COPD,16.8,-0.6,75,missed,attended,131,80,94,0,N
P100618,3,2025-02-13,58,COPD,16.8,-0.8,82,collected,scheduled,149,88,96,0,N
P100618,4,2025-02-20,58,COPD,16.8,-1.0,86,collected,attended,159,68,97,0,N
P100619,1,2025-01-15,50,Other,13.0,0.1,93,collected,attended,126,74,100,0,N
P100619,2,2025-01-22,50,Other,13.0,-0.7,78,collected,attended,129,68,94,0,N
P100619,3,2025-01-29,50,Other,13.0,-0.7,96,late,scheduled,106,74,97,0,N
P100619,4,2025-02-05,50,Other,13.0,-0.4,89,collected,attended,131,79,96,0,N
P100620,1,2024-09-25,60,Pneumonia,14.2,-0.4,54,collected,scheduled,130,96,97,1,N
P100620,2,2024-10-02,60,Pneumonia,14.2,0.7,74,missed,scheduled,123,91,94,1,N
P100620,3,2024-10-09,60,Pneumonia,14.2,1.1,66,late,missed,143,66,93,1,Y
P100620,4,2024-10-16,60,Pneumonia,14.2,0.6,73,collected,missed,127,73,98,1,Y
P100621,1,2024-12-22,76,Heart failure,23.1,-0.3,100,collected,attended,152,94,96,0,N
P100621,2,2024-12-29,76,Heart failure,23.1,-0.9,82,missed,scheduled,106,62,96,0,N
P100621,3,2025-01-05,76,Heart failure,23.1,-0.8,100,collected,attended,135,53,97,0,N
P100621,4,2025-01-12,76,Heart failure,23.1,-0.6,95,collected,attended,140,76,98,0,N
P100622,1,2024-12-29,92,Heart failure,31.0,-0.1,87,collected,missed,134,73,99,0,N
P100622,2,2025-01-05,92,Heart failure,31.0,0.6,87,collected,attended,135,73,97,0,N
P100622,3,2025-01-12,92,Heart failure,31.0,0.8,84,late,attended,133,87,96,0,N
P100622,4,2025-01-19,92,Heart failure,31.0,0.8,89,late,attended,134,87,97,0,N
P100623,1,2024-04-20,83,Heart failure,26.9,0.0,100,collected,attended,126,78,96,0,N
P100623,2,2024-04-27,83,Heart failure,26.9,0.6,100,collected,scheduled,117,65,96,0,N
P100623,3,2024-05-04,83,Heart failure,26.9,0.6,97,collected,scheduled,117,83,97,0,N
P100623,4,2024-05-11,83,Heart failure,26.9,1.1,86,collected,scheduled,115,67,100,0,N
P100624,1,2025-06-27,58,Other,16.8,0.5,90,collected,scheduled,155,93,96,0,N
P100624,2,2025-07-04,58,Other,16.8,-0.8,84,collected,attended,145,70,93,0,N
P100624,3,2025-07-11,58,Other,16.8,-1.0,85,collected,scheduled,120,68,96,0,N
P100624,4,2025-07-18,58,Other,16.8,-0.3,80,collected,attended,126,79,95,0,N
P100625,1,2024-01-14,58,Diabetes,13.0,-0.0,85,collected,attended,134,93,96,0,N
P100625,2,2024-01-21,58,Diabetes,13.0,-0.1,89,collected,attended,118,106,96,0,N
P100625,3,2024-01-28,58,Diabetes,13.0,-0.8,95,collected,missed,115,76,96,0,N
P100625,4,2024-02-04,58,Diabetes,13.0,-1.3,96,missed,attended,136,57,97,0,N
P100626,1,2024-04-08,54,Other,14.2,-0.5,92,collected,attended,137,79,96,1,N
P100626,2,2024-04-15,54,Other,14.2,-0.1,95,collected,attended,135,72,95,1,N
P100626,3,2024-04-22,54,Other,14.2,0.4,88,missed,scheduled,122,84,97,1,Y
P100626,4,2024-04-29,54,Other,14.2,-0.2,82,late,scheduled,137,82,99,1,Y
P100627,1,2024-12-01,69,Heart failure,14.2,-0.3,100,collected,attended,145,73,96,1,N
P100627,2,2024-12-08,69,Heart failure,14.2,1.3,79,collected,scheduled,110,75,97,1,N
P100627,3,2024-12-15,69,Heart failure,14.2,1.9,80,collected,attended,145,80,99,1,Y
P100627,4,2024-12-22,69,Heart failure,14.2,3.2,91,collected,attended,105,66,98,1,Y
P100628,1,2024-12-12,65,Pneumonia,33.2,0.4,79,collected,attended,130,79,97,1,N
P100628,2,2024-12-19,65,Pneumonia,33.2,0.8,67,collected,missed,134,96,97,1,N
P100628,3,2024-12-26,65,Pneumonia,33.2,1.0,70,missed,scheduled,147,70,95,1,Y
P100628,4,2025-01-02,65,Pneumonia,33.2,1.1,68,late,scheduled,145,107,95,1,Y
P100629,1,2025-04-23,54,Pneumonia,23.1,-0.7,87,collected,attended,135,81,97,0,N
P100629,2,2025-04-30,54,Pneumonia,23.1,-0.1,85,collected,attended,138,80,95,0,N
P100629,3,2025-05-07,54,Pneumonia,23.1,0.1,73,collected,attended,112,83,95,0,N
P100629,4,2025-05-14,54,Pneumonia,23.1,0.5,99,collected,attended,145,83,95,0,N
P100630,1,2024-10-30,72,COPD,14.2,0.4,80,collected,attended,115,82,97,0,N
P100630,2,2024-11-06,72,COPD,14.2,0.1,92,collected,attended,127,84,100,0,N
P100630,3,2024-11-13,72,COPD,14.2,-0.2,97,collected,attended,143,74,94,0,N
P100630,4,2024-11-20,72,COPD,14.2,-0.2,85,collected,scheduled,149,79,97,0,N
P100631,1,2025-06-19,78,Other,16.8,0.7,92,collected,attended,130,69,94,0,N
P100631,2,2025-06-26,78,Other,16.8,0.9,88,missed,scheduled,148,72,94,0,N
P100631,3,2025-07-03,78,Other,16.8,-0.1,76,collected,attended,124,80,96,0,N
P100631,4,2025-07-10,78,Other,16.8,-0.3,83,collected,missed,132,73,96,0,N
P100632,1,2024-01-28,87,Diabetes,21.4,0.0,78,missed,attended,145,72,95,0,N
P100632,2,2024-02-04,87,Diabetes,21.4,-1.1,99,collected,scheduled,105,96,94,0,N
P100632,3,2024-02-11,87,Diabetes,21.4,-2.0,100,collected,attended,130,63,96,0,N
P100632,4,2024-02-18,87,Diabetes,21.4,-3.1,100,missed,attended,142,90,97,0,N
P100633,1,2025-04-29,58,Stroke,16.8,-0.9,93,collected,scheduled,123,94,97,0,N
P100633,2,2025-05-06,58,Stroke,16.8,-1.3,80,late,scheduled,139,93,93,0,N
P100633,3,2025-05-13,58,Stroke,16.8,-2.0,84,collected,missed,109,60,95,0,N
P100633,4,2025-05-20,58,Stroke,16.8,-1.5,83,collected,attended,119,80,97,0,N
P100634,1,2024-01-14,71,Heart failure,16.8,0.0,82,collected,attended,120,95,99,0,N
P100634,2,2024-01-21,71,Heart failure,16.8,-0.2,82,missed,scheduled,148,76,97,0,N
P100634,3,2024-01-28,71,Heart failure,16.8,0.3,93,collected,attended,149,70,97,0,N
P100634,4,2024-02-04,71,Heart failure,16.8,-0.2,83,collected,scheduled,118,79,96,0,N
P100635,1,2025-06-03,66,COPD,13.0,0.9,88,collected,attended,136,62,94,0,N
P100635,2,2025-06-10,66,COPD,13.0,1.1,94,collected,attended,137,86,98,0,N
P100635,3,2025-06-17,66,COPD,13.0,1.4,82,collected,missed,123,94,94,0,N
P100635,4,2025-06-24,66,COPD,13.0,1.5,75,collected,attended,167,67,94,0,N
P100636,1,2025-06-19,69,Sepsis,16.8,0.5,94,collected,scheduled,126,82,100,0,N
P100636,2,2025-06-26,69,Sepsis,16.8,0.8,78,collected,missed,166,78,95,0,N
P100636,3,2025-07-03,69,Sepsis,16.8,0.8,100,late,missed,129,73,95,0,N
P100636,4,2025-07-10,69,Sepsis,16.8,1.7,89,collected,scheduled,133,81,95,0,N
P100637,1,2025-03-10,84,Other,23.1,0.2,89,collected,attended,134,96,94,1,N
P100637,2,2025-03-17,84,Other,23.1,-0.0,82,late,attended,113,71,99,1,N
P100637,3,2025-03-24,84,Other,23.1,0.6,79,collected,missed,142,88,96,1,Y
P100637,4,2025-03-31,84,Other,23.1,0.8,100,late,attended,109,60,97,1,Y
P100638,1,2024-05-15,61,Other,13.0,0.1,84,collected,attended,126,100,98,0,N
P100638,2,2024-05-22,61,Other,13.0,0.1,93,collected,missed,131,75,96,0,N
P100638,3,2024-05-29,61,Other,13.0,0.5,93,collected,attended,130,86,94,0,N
P100638,4,2024-06-05,61,Other,13.0,0.3,77,collected,missed,142,96,98,0,N
P100639,1,2025-08-07,49,Sepsis,15.4,-0.4,86,collected,attended,127,84,96,0,N
P100639,2,2025-08-14,49,Sepsis,15.4,0.6,100,collected,attended,138,72,94,0,N
P100639,3,2025-08-21,49,Sepsis,15.4,0.5,100,collected,attended,118,65,96,0,N
P100639,4,2025-08-28,49,Sepsis,15.4,1.0,82,collected,attended,117,81,94,0,N
P100640,1,2024-10-31,54,Other,16.8,-1.4,84,collected,attended,97,62,98,0,N
P100640,2,2024-11-07,54,Other,16.8,-1.7,81,collected,attended,139,89,95,0,N
P100640,3,2024-11-14,54,Other,16.8,-2.4,81,collected,scheduled,126,74,100,0,N
P100640,4,2024-11-21,54,Other,16.8,-2.1,100,missed,attended,132,65,94,0,N
P100641,1,2024-11-12,67,Other,13.0,0.6,95,collected,attended,142,70,94,0,N
P100641,2,2024-11-19,67,Other,13.0,1.4,81,late,attended,123,81,99,0,N
P100641,3,2024-11-26,67,Other,13.0,0.6,94,late,missed,140,70,95,0,N
P100641,4,2024-12-03,67,Other,13.0,0.3,79,missed,attended,138,76,96,0,N
P100642,1,2024-08-30,61,Other,18.2,-0.3,86,collected,attended,120,72,94,0,N
P100642,2,2024-09-06,61,Other,18.2,-0.0,95,collected,attended,130,77,96,0,N
P100642,3,2024-09-13,61,Other,18.2,0.4,76,late,scheduled,127,92,95,0,N
P100642,4,2024-09-20,61,Other,18.2,0.6,88,collected,attended,146,71,96,0,N
P100643,1,2024-09-06,49,COPD,15.4,-0.6,80,collected,attended,142,75,94,0,N
P100643,2,2024-09-13,49,COPD,15.4,-0.1,92,missed,attended,126,74,97,0,N
P100643,3,2024-09-20,49,COPD,15.4,0.1,81,collected,attended,128,62,95,0,N
P100643,4,2024-09-27,49,COPD,15.4,-0.3,95,collected,scheduled,130,79,96,0,N
P100644,1,2025-07-03,48,Sepsis,23.1,0.3,85,collected,attended,149,72,91,0,N
P100644,2,2025-07-10,48,Sepsis,23.1,0.0,87,collected,attended,138,70,95,0,N
P100644,3,2025-07-17,48,Sepsis,23.1,0.4,94,collected,attended,115,82,96,0,N
P100644,4,2025-07-24,48,Sepsis,23.1,0.0,85,collected,attended,97,77,98,0,N
P100645,1,2025-07-08,50,Pneumonia,11.9,-0.2,68,missed,missed,143,83,94,0,N
P100645,2,2025-07-15,50,Pneumonia,11.9,-1.4,87,late,attended,137,101,98,0,N
P100645,3,2025-07-22,50,Pneumonia,11.9,-1.8,84,collected,attended,163,102,96,0,N
P100645,4,2025-07-29,50,Pneumonia,11.9,-1.3,75,missed,attended,166,89,97,0,N
P100646,1,2024-09-25,76,Other,14.2,1.1,93,missed,attended,162,95,94,0,N
P100646,2,2024-10-02,76,Other,14.2,0.4,97,collected,scheduled,120,86,96,0,N
P100646,3,2024-10-09,76,Other,14.2,-0.8,78,collected,missed,116,93,94,0,N
P100646,4,2024-10-16,76,Other,14.2,-0.8,90,collected,attended,137,97,97,0,N
P100647,1,2024-08-06,64,Kidney disease,37.8,1.1,88,collected,attended,127,72,95,0,N
P100647,2,2024-08-13,64,Kidney disease,37.8,1.3,75,collected,attended,113,82,96,0,N
P100647,3,2024-08-20,64,Kidney disease,37.8,1.1,76,collected,attended,130,70,96,0,N
P100647,4,2024-08-27,64,Kidney disease,37.8,2.3,85,collected,scheduled,152,66,97,0,N
P100648,1,2025-03-12,66,Diabetes,16.8,-0.5,88,collected,scheduled,137,92,100,0,N
P100648,2,2025-03-19,66,Diabetes,16.8,-1.0,62,collected,attended,127,85,97,0,N
P100648,3,2025-03-26,66,Diabetes,16.8,-0.6,88,collected,scheduled,128,67,99,0,N
P100648,4,2025-04-02,66,Diabetes,16.8,-0.4,93,late,attended,156,84,95,0,N
P100649,1,2025-01-20,86,Heart failure,21.4,-0.7,91,collected,scheduled,111,79,97,0,N
P100649,2,2025-01-27,86,Heart failure,21.4,-1.4,80,missed,attended,147,89,97,0,N
P100649,3,2025-02-03,86,Heart failure,21.4,-1.6,100,collected,attended,148,82,97,0,N
P100649,4,2025-02-10,86,Heart failure,21.4,-2.5,94,collected,scheduled,120,92,96,0,N
P100650,1,2024-08-27,59,Pneumonia,26.9,-0.3,100,collected,attended,106,71,94,0,N
P100650,2,2024-09-03,59,Pneumonia,26.9,-0.1,84,collected,attended,115,89,95,0,N
P100650,3,2024-09-10,59,Pneumonia,26.9,-0.7,83,collected,attended,124,61,96,0,N
P100650,4,2024-09-17,59,Pneumonia,26.9,-1.0,83,late,attended,146,72,99,0,N
P100651,1,2024-08-23,65,Heart failure,19.8,0.2,97,missed,scheduled,140,70,98,0,N
P100651,2,2024-08-30,65,Heart failure,19.8,0.6,84,collected,attended,165,73,91,0,N
P100651,3,2024-09-06,65,Heart failure,19.8,1.5,100,collected,attended,134,77,98,0,N
P100651,4,2024-09-13,65,Heart failure,19.8,2.9,75,collected,scheduled,142,80,97,0,N
P100652,1,2025-04-07,75,Other,18.2,-0.8,100,collected,attended,151,73,96,0,N
P100652,2,2025-04-14,75,Other,18.2,-0.3,78,collected,attended,126,72,95,0,N
P100652,3,2025-04-21,75,Other,18.2,-1.3,88,collected,attended,151,77,97,0,N
P100652,4,2025-04-28,75,Other,18.2,-0.7,86,late,attended,113,86,97,0,N
P100653,1,2024-03-03,84,Other,28.9,-0.5,95,collected,attended,115,93,97,0,N
P100653,2,2024-03-10,84,Other,28.9,0.1,85,collected,attended,112,74,93,0,N
P100653,3,2024-03-17,84,Other,28.9,-0.3,78,late,attended,131,81,96,0,N
P100653,4,2024-03-24,84,Other,28.9,-0.0,77,collected,attended,136,80,96,0,N
P100654,1,2024-10-28,61,Hip fracture,16.8,-0.7,76,collected,missed,130,95,95,1,N
P100654,2,2024-11-04,61,Hip fracture,16.8,-0.5,88,late,attended,124,78,90,1,N
P100654,3,2024-11-11,61,Hip fracture,16.8,0.5,74,collected,attended,133,80,92,1,Y
P100654,4,2024-11-18,61,Hip fracture,16.8,1.7,73,late,attended,144,67,92,1,Y
P100655,1,2024-03-26,80,Stroke,21.4,0.3,72,collected,missed,116,63,95,0,N
P100655,2,2024-04-02,80,Stroke,21.4,1.4,94,collected,attended,154,70,96,0,N
P100655,3,2024-04-09,80,Stroke,21.4,1.7,71,collected,attended,140,79,94,0,N
P100655,4,2024-04-16,80,Stroke,21.4,1.2,83,collected,scheduled,151,77,96,0,N
P100656,1,2024-09-10,78,Pneumonia,14.2,-0.7,59,late,missed,138,75,93,1,N
P100656,2,2024-09-17,78,Pneumonia,14.2,-0.5,65,collected,attended,137,78,96,1,N
P100656,3,2024-09-24,78,Pneumonia,14.2,-0.8,85,late,missed,158,98,96,1,Y
P100656,4,2024-10-01,78,Pneumonia,14.2,0.2,69,collected,scheduled,142,97,94,1,Y
P100657,1,2024-05-16,39,Other,11.9,-0.1,76,collected,scheduled,148,80,98,0,N
P100657,2,2024-05-23,39,Other,11.9,-0.4,92,collected,missed,96,85,95,0,N
P100657,3,2024-05-30,39,Other,11.9,-1.5,68,collected,scheduled,106,62,94,0,N
P100657,4,2024-06-06,39,Other,11.9,-1.9,88,collected,scheduled,126,61,98,0,N
P100658,1,2024-02-15,38,Diabetes,11.9,-1.1,86,collected,attended,138,111,99,0,N
P100658,2,2024-02-22,38,Diabetes,11.9,0.1,61,collected,scheduled,149,96,98,0,N
P100658,3,2024-02-29,38,Diabetes,11.9,0.6,76,collected,scheduled,156,80,96,0,N
P100658,4,2024-03-07,38,Diabetes,11.9,1.1,94,late,attended,128,66,97,0,N
P100659,1,2025-07-11,71,Heart failure,21.4,0.6,69,collected,missed,133,69,97,0,N
P100659,2,2025-07-18,71,Heart failure,21.4,0.8,81,collected,scheduled,124,77,92,0,N
P100659,3,2025-07-25,71,Heart failure,21.4,1.1,73,collected,attended,135,89,98,0,N
P100659,4,2025-08-01,71,Heart failure,21.4,0.3,73,collected,scheduled,134,92,93,0,N
P100660,1,2024-03-11,68,Hip fracture,18.2,0.8,90,collected,attended,159,85,97,0,N
P100660,2,2024-03-18,68,Hip fracture,18.2,0.6,76,late,scheduled,133,94,97,0,N
P100660,3,2024-03-25,68,Hip fracture,18.2,0.8,53,collected,attended,166,81,96,0,N
P100660,4,2024-04-01,68,Hip fracture,18.2,1.3,86,late,scheduled,150,104,92,0,N
P100661,1,2025-01-15,66,Pneumonia,16.8,-0.1,75,collected,scheduled,134,74,96,1,N
P100661,2,2025-01-22,66,Pneumonia,16.8,0.3,89,late,scheduled,136,80,96,1,N
P100661,3,2025-01-29,66,Pneumonia,16.8,-0.3,86,collected,missed,112,105,99,1,Y
P100661,4,2025-02-05,66,Pneumonia,16.8,0.7,71,collected,missed,147,84,97,1,Y
P100662,1,2024-09-26,62,Stroke,13.0,0.7,86,collected,attended,133,89,99,0,N
P100662,2,2024-10-03,62,Stroke,13.0,1.3,77,collected,attended,123,85,98,0,N
P100662,3,2024-10-10,62,Stroke,13.0,0.9,74,collected,missed,138,78,96,0,N
P100662,4,2024-10-17,62,Stroke,13.0,1.4,82,collected,attended,131,69,96,0,N
P100663,1,2025-04-08,53,Other,16.8,-0.9,87,collected,attended,130,86,98,0,N
P100663,2,2025-04-15,53,Other,16.8,0.0,85,late,scheduled,131,82,95,0,N
P100663,3,2025-04-22,53,Other,16.8,1.2,100,collected,scheduled,132,77,94,0,N
P100663,4,2025-04-29,53,Other,16.8,2.3,100,missed,missed,136,79,98,0,N
P100664,1,2024-06-20,58,COPD,19.8,-0.3,92,collected,attended,111,86,96,0,N
P100664,2,2024-06-27,58,COPD,19.8,0.4,80,collected,attended,125,89,100,0,N
P100664,3,2024-07-04,58,COPD,19.8,-0.6,75,collected,scheduled,112,63,95,0,N
P100664,4,2024-07-11,58,COPD,19.8,-0.6,78,collected,scheduled,139,81,98,0,N
P100665,1,2024-09-26,35,Heart failure,19.8,-0.4,75,collected,attended,153,70,98,1,N
P100665,2,2024-10-03,35,Heart failure,19.8,-0.2,90,collected,scheduled,118,105,93,1,N
P100665,3,2024-10-10,35,Heart failure,19.8,0.3,82,collected,attended,133,78,94,1,Y
P100665,4,2024-10-17,35,Heart failure,19.8,0.4,88,collected,attended,150,75,98,1,Y
P100666,1,2024-11-09,61,Heart failure,19.8,0.6,93,collected,scheduled,125,91,97,0,N
P100666,2,2024-11-16,61,Heart failure,19.8,1.0,72,collected,attended,124,89,93,0,N
P100666,3,2024-11-23,61,Heart failure,19.8,1.4,74,missed,missed,152,66,96,0,N
P100666,4,2024-11-30,61,Heart failure,19.8,1.3,86,late,missed,156,69,97,0,N
P100667,1,2025-03-06,78,Diabetes,18.2,-0.5,92,collected,scheduled,107,78,96,0,N
P100667,2,2025-03-13,78,Diabetes,18.2,-0.7,100,collected,scheduled,146,93,98,0,N
P100667,3,2025-03-20,78,Diabetes,18.2,-1.6,93,missed,missed,131,96,100,0,N
P100667,4,2025-03-27,78,Diabetes,18.2,-1.0,83,missed,attended,131,65,99,0,N
P100668,1,2024-03-09,47,Pneumonia,18.2,0.7,100,collected,scheduled,110,77,95,0,N
P100668,2,2024-03-16,47,Pneumonia,18.2,0.8,100,collected,attended,113,74,98,0,N
P100668,3,2024-03-23,47,Pneumonia,18.2,2.5,89,collected,attended,144,103,96,0,N
P100668,4,2024-03-30,47,Pneumonia,18.2,1.7,100,collected,scheduled,140,71,96,0,N
P100669,1,2025-02-18,67,Other,18.2,-0.3,92,collected,attended,162,63,98,0,N
P100669,2,2025-02-25,67,Other,18.2,0.3,76,missed,attended,160,84,98,0,N
P100669,3,2025-03-04,67,Other,18.2,0.2,100,collected,attended,118,59,97,0,N
P100669,4,2025-03-11,67,Other,18.2,-0.4,87,collected,scheduled,149,94,96,0,N
P100670,1,2024-10-21,64,Kidney disease,14.2,0.5,84,late,missed,160,70,95,0,N
P100670,2,2024-10-28,64,Kidney disease,14.2,1.2,93,collected,scheduled,130,81,97,0,N
P100670,3,2024-11-04,64,Kidney disease,14.2,1.0,100,collected,scheduled,115,72,95,0,N
P100670,4,2024-11-11,64,Kidney disease,14.2,0.1,83,late,attended,156,82,97,0,N
P100671,1,2024-10-21,55,Other,21.4,-0.8,86,late,scheduled,130,67,94,0,N
P100671,2,2024-10-28,55,Other,21.4,-1.0,85,collected,attended,120,72,95,0,N
P100671,3,2024-11-04,55,Other,21.4,0.2,94,missed,attended,95,73,97,0,N
P100671,4,2024-11-11,55,Other,21.4,0.4,87,late,attended,148,80,100,0,N
P100672,1,2024-07-14,76,Heart failure,33.2,-0.4,90,collected,attended,125,65,95,0,N
P100672,2,2024-07-21,76,Heart failure,33.2,1.4,100,collected,missed,146,82,95,0,N
P100672,3,2024-07-28,76,Heart failure,33.2,1.3,78,collected,attended,137,72,96,0,N
P100672,4,2024-08-04,76,Heart failure,33.2,1.3,79,collected,attended,147,86,95,0,N
P100673,1,2024-09-09,54,Pneumonia,15.4,0.3,81,collected,attended,133,70,95,0,N
P100673,2,2024-09-16,54,Pneumonia,15.4,0.4,100,collected,scheduled,120,58,97,0,N
P100673,3,2024-09-23,54,Pneumonia,15.4,0.2,100,collected,attended,122,77,95,0,N
P100673,4,2024-09-30,54,Pneumonia,15.4,0.5,100,collected,attended,116,77,95,0,N
P100674,1,2024-09-18,71,Hip fracture,16.8,-0.4,100,collected,missed,118,85,96,0,N
P100674,2,2024-09-25,71,Hip fracture,16.8,-1.2,72,collected,attended,136,90,98,0,N
P100674,3,2024-10-02,71,Hip fracture,16.8,-1.3,81,collected,scheduled,140,89,95,0,N
P100674,4,2024-10-09,71,Hip fracture,16.8,-1.3,76,missed,scheduled,119,78,97,0,N
P100675,1,2024-05-15,74,Heart failure,31.0,1.2,88,late,missed,151,78,94,1,N
P100675,2,2024-05-22,74,Heart failure,31.0,0.6,82,missed,attended,139,75,93,1,N
P100675,3,2024-05-29,74,Heart failure,31.0,0.8,57,late,missed,157,94,95,1,Y
P100675,4,2024-06-05,74,Heart failure,31.0,2.4,75,late,attended,139,80,97,1,Y
P100676,1,2024-08-02,71,Kidney disease,11.9,0.4,95,collected,attended,131,99,95,0,N
P100676,2,2024-08-09,71,Kidney disease,11.9,0.3,96,missed,attended,136,65,96,0,N
P100676,3,2024-08-16,71,Kidney disease,11.9,-0.6,88,late,scheduled,120,86,94,0,N
P100676,4,2024-08-23,71,Kidney disease,11.9,-0.2,92,collected,scheduled,144,76,95,0,N
P100677,1,2024-10-23,92,Sepsis,16.8,0.5,83,collected,attended,156,85,95,0,N
P100677,2,2024-10-30,92,Sepsis,16.8,0.3,79,collected,attended,155,72,94,0,N
P100677,3,2024-11-06,92,Sepsis,16.8,0.5,93,collected,attended,154,88,99,0,N
P100677,4,2024-11-13,92,Sepsis,16.8,1.3,100,collected,missed,116,78,95,0,N
P100678,1,2025-03-28,70,Kidney disease,19.8,0.2,100,missed,attended,112,82,94,1,N
P100678,2,2025-04-04,70,Kidney disease,19.8,0.5,72,collected,scheduled,149,80,97,1,N
P100678,3,2025-04-11,70,Kidney disease,19.8,0.9,97,collected,attended,141,79,95,1,Y
P100678,4,2025-04-18,70,Kidney disease,19.8,0.6,87,collected,attended,139,77,99,1,Y
P100679,1,2024-11-13,67,Kidney disease,26.9,0.5,100,collected,attended,138,83,95,0,N
P100679,2,2024-11-20,67,Kidney disease,26.9,0.2,91,collected,scheduled,133,89,98,0,N
P100679,3,2024-11-27,67,Kidney disease,26.9,0.2,98,collected,attended,138,100,96,0,N
P100679,4,2024-12-04,67,Kidney disease,26.9,1.0,72,collected,attended,119,80,97,0,N
P100680,1,2024-10-28,74,Other,23.1,0.1,80,collected,missed,124,89,96,0,N
P100680,2,2024-11-04,74,Other,23.1,0.2,71,collected,scheduled,131,82,96,0,N
P100680,3,2024-11-11,74,Other,23.1,0.4,86,missed,missed,131,69,98,0,N
P100680,4,2024-11-18,74,Other,23.1,-0.3,86,missed,attended,122,99,97,0,N
P100681,1,2024-02-04,59,Kidney disease,14.2,0.5,95,collected,attended,153,85,100,0,N
P100681,2,2024-02-11,59,Kidney disease,14.2,-0.6,92,collected,attended,134,89,94,0,N
P100681,3,2024-02-18,59,Kidney disease,14.2,-0.6,90,collected,scheduled,149,93,97,0,N
P100681,4,2024-02-25,59,Kidney disease,14.2,0.1,96,late,missed,128,76,97,0,N
P100682,1,2024-06-22,100,Pneumonia,16.8,1.2,62,collected,attended,147,59,100,1,N
P100682,2,2024-06-29,100,Pneumonia,16.8,-0.0,86,collected,attended,125,84,95,1,N
P100682,3,2024-07-06,100,Pneumonia,16.8,0.4,76,late,scheduled,156,86,92,1,Y
P100682,4,2024-07-13,100,Pneumonia,16.8,0.6,98,collected,attended,119,84,94,1,Y
P100683,1,2025-03-12,75,Heart failure,16.8,1.0,76,collected,missed,148,81,91,0,N
P100683,2,2025-03-19,75,Heart failure,16.8,-0.1,81,collected,missed,116,77,97,0,N
P100683,3,2025-03-26,75,Heart failure,16.8,-0.0,87,collected,scheduled,129,85,97,0,N
P100683,4,2025-04-02,75,Heart failure,16.8,0.2,100,collected,scheduled,135,83,99,0,N
P100684,1,2025-08-16,51,Diabetes,18.2,0.3,86,late,scheduled,117,81,98,0,N
P100684,2,2025-08-23,51,Diabetes,18.2,-0.7,91,collected,scheduled,147,83,95,0,N
P100684,3,2025-08-30,51,Diabetes,18.2,-1.2,96,missed,attended,135,68,97,0,N
P100684,4,2025-09-06,51,Diabetes,18.2,-2.2,91,late,missed,125,84,96,0,N
P100685,1,2024-09-07,73,Other,15.4,-0.1,68,late,attended,113,67,97,0,N
P100685,2,2024-09-14,73,Other,15.4,-0.6,85,collected,missed,168,93,97,0,N
P100685,3,2024-09-21,73,Other,15.4,-0.8,76,late,scheduled,117,92,97,0,N
P100685,4,2024-09-28,73,Other,15.4,-0.6,92,collected,scheduled,131,87,95,0,N
P100686,1,2024-04-21,67,Diabetes,14.2,-0.3,85,late,attended,148,86,96,0,N
P100686,2,2024-04-28,67,Diabetes,14.2,0.0,100,collected,attended,150,80,95,0,N
P100686,3,2024-05-05,67,Diabetes,14.2,0.8,83,collected,scheduled,124,93,95,0,N
P100686,4,2024-05-12,67,Diabetes,14.2,-1.0,73,collected,attended,134,60,93,0,N
P100687,1,2024-01-20,75,COPD,21.4,-0.3,84,collected,attended,147,70,95,0,N
P100687,2,2024-01-27,75,COPD,21.4,-0.5,83,late,scheduled,148,84,96,0,N
P100687,3,2024-02-03,75,COPD,21.4,-0.2,85,collected,missed,130,66,98,0,N
P100687,4,2024-02-10,75,COPD,21.4,-0.0,94,collected,attended,146,60,97,0,N
P100688,1,2025-04-04,66,Other,13.0,-0.1,67,late,scheduled,124,83,97,0,N
P100688,2,2025-04-11,66,Other,13.0,-0.2,88,late,scheduled,152,84,98,0,N
P100688,3,2025-04-18,66,Other,13.0,-1.3,84,missed,attended,144,83,96,0,N
P100688,4,2025-04-25,66,Other,13.0,-0.9,76,collected,attended,167,101,92,0,N
P100689,1,2025-08-03,90,Other,33.2,-0.3,76,collected,attended,145,83,92,0,N
P100689,2,2025-08-10,90,Other,33.2,-0.4,100,missed,attended,135,102,98,0,N
P100689,3,2025-08-17,90,Other,33.2,-0.9,87,late,scheduled,112,90,93,0,N
P100689,4,2025-08-24,90,Other,33.2,-0.9,92,collected,missed,129,108,93,0,N
P100690,1,2024-08-06,75,Heart failure,18.2,0.1,90,collected,attended,138,84,94,0,N
P100690,2,2024-08-13,75,Heart failure,18.2,1.6,80,collected,attended,138,73,93,0,N
P100690,3,2024-08-20,75,Heart failure,18.2,1.5,84,collected,attended,150,88,97,0,N
P100690,4,2024-08-27,75,Heart failure,18.2,1.4,83,collected,attended,117,69,94,0,N
P100691,1,2024-08-16,87,Other,25.0,1.4,97,collected,attended,131,79,94,0,N
P100691,2,2024-08-23,87,Other,25.0,1.8,100,collected,attended,161,56,93,0,N
P100691,3,2024-08-30,87,Other,25.0,2.4,98,late,attended,139,83,99,0,N
P100691,4,2024-09-06,87,Other,25.0,2.4,100,collected,attended,119,86,96,0,N
P100692,1,2024-06-30,55,COPD,14.2,0.1,89,collected,attended,170,80,96,0,N
P100692,2,2024-07-07,55,COPD,14.2,0.2,74,collected,missed,167,65,96,0,N
P100692,3,2024-07-14,55,COPD,14.2,0.8,84,late,scheduled,120,91,97,0,N
P100692,4,2024-07-21,55,COPD,14.2,-0.3,76,late,attended,132,76,95,0,N
P100693,1,2024-07-25,74,Other,13.0,-0.9,90,collected,attended,128,86,96,0,N
P100693,2,2024-08-01,74,Other,13.0,-0.5,84,collected,attended,125,77,94,0,N
P100693,3,2024-08-08,74,Other,13.0,0.2,90,collected,attended,136,77,96,0,N
P100693,4,2024-08-15,74,Other,13.0,0.4,99,collected,attended,138,99,95,0,N
P100694,1,2024-05-30,64,Sepsis,11.9,0.0,86,collected,attended,155,84,97,0,N
P100694,2,2024-06-06,64,Sepsis,11.9,0.1,72,missed,attended,140,83,99,0,N
P100694,3,2024-06-13,64,Sepsis,11.9,0.4,79,collected,scheduled,123,72,96,0,N
P100694,4,2024-06-20,64,Sepsis,11.9,0.1,90,collected,attended,134,94,94,0,N
P100695,1,2024-07-16,49,COPD,15.4,-0.1,64,collected,attended,145,80,97,0,N
P100695,2,2024-07-23,49,COPD,15.4,0.3,94,collected,scheduled,150,85,98,0,N
P100695,3,2024-07-30,49,COPD,15.4,0.1,94,late,missed,111,73,98,0,N
P100695,4,2024-08-06,49,COPD,15.4,0.2,72,collected,attended,129,78,96,0,N
P100696,1,2025-03-10,82,Heart failure,25.0,1.1,94,collected,scheduled,136,72,94,0,N
P100696,2,2025-03-17,82,Heart failure,25.0,0.0,89,collected,attended,109,81,95,0,N
P100696,3,2025-03-24,82,Heart failure,25.0,-0.4,68,collected,attended,120,97,97,0,N
P100696,4,2025-03-31,82,Heart failure,25.0,0.3,87,collected,attended,143,78,96,0,N
P100697,1,2025-01-02,76,Diabetes,15.4,-0.1,92,collected,scheduled,125,63,95,0,N
P100697,2,2025-01-09,76,Diabetes,15.4,0.4,81,collected,scheduled,117,84,100,0,N
P100697,3,2025-01-16,76,Diabetes,15.4,-0.2,95,collected,scheduled,166,65,96,0,N
P100697,4,2025-01-23,76,Diabetes,15.4,-0.2,84,collected,attended,147,81,96,0,N
P100698,1,2025-08-22,93,Heart failure,25.0,0.6,74,collected,attended,121,84,97,0,N
P100698,2,2025-08-29,93,Heart failure,25.0,1.2,89,collected,missed,124,58,97,0,N
P100698,3,2025-09-05,93,Heart failure,25.0,1.2,97,collected,attended,156,87,96,0,N
P100698,4,2025-09-12,93,Heart failure,25.0,0.2,91,collected,attended,127,74,97,0,N
P100699,1,2025-05-14,78,Stroke,16.8,1.0,75,collected,scheduled,113,86,98,1,N
P100699,2,2025-05-21,78,Stroke,16.8,1.5,96,collected,missed,146,77,95,1,N
P100699,3,2025-05-28,78,Stroke,16.8,2.6,91,collected,attended,170,88,95,1,Y
P100699,4,2025-06-04,78,Stroke,16.8,1.8,100,collected,attended,129,70,94,1,Y
P100700,1,2025-05-29,56,Pneumonia,11.9,0.4,94,collected,attended,143,74,97,0,N
P100700,2,2025-06-05,56,Pneumonia,11.9,0.1,98,collected,scheduled,136,70,95,0,N
P100700,3,2025-06-12,56,Pneumonia,11.9,-0.6,88,collected,attended,109,71,95,0,N
P100700,4,2025-06-19,56,Pneumonia,11.9,-0.6,80,collected,missed,137,68,98,0,N
P100701,1,2025-08-01,67,Diabetes,21.4,1.2,99,collected,attended,122,79,97,0,N
P100701,2,2025-08-08,67,Diabetes,21.4,1.1,88,collected,attended,122,85,96,0,N
P100701,3,2025-08-15,67,Diabetes,21.4,1.3,85,late,scheduled,101,72,98,0,N
P100701,4,2025-08-22,67,Diabetes,21.4,-0.2,75,collected,attended,125,70,97,0,N
P100702,1,2024-07-16,59,Stroke,28.9,0.1,100,collected,scheduled,119,80,97,1,N
P100702,2,2024-07-23,59,Stroke,28.9,0.3,100,collected,scheduled,123,69,97,1,N
P100702,3,2024-07-30,59,Stroke,28.9,0.4,83,collected,attended,143,64,97,1,Y
P100702,4,2024-08-06,59,Stroke,28.9,0.5,56,missed,attended,158,94,95,1,Y
P100703,1,2024-02-17,63,Diabetes,23.1,-0.1,83,collected,attended,138,69,98,0,N
P100703,2,2024-02-24,63,Diabetes,23.1,-1.4,60,collected,missed,138,80,98,0,N
P100703,3,2024-03-02,63,Diabetes,23.1,-1.1,94,collected,attended,154,77,97,0,N
P100703,4,2024-03-09,63,Diabetes,23.1,-1.1,100,collected,scheduled,127,87,94,0,N
P100704,1,2024-05-14,60,Other,19.8,2.0,83,collected,attended,147,71,98,1,N
P100704,2,2024-05-21,60,Other,19.8,1.7,76,collected,missed,130,81,97,1,N
P100704,3,2024-05-28,60,Other,19.8,0.6,77,collected,missed,129,89,100,1,Y
P100704,4,2024-06-04,60,Other,19.8,1.4,95,collected,attended,138,78,98,1,Y
P100705,1,2024-02-18,44,Heart failure,15.4,0.4,85,collected,attended,118,63,96,0,N
P100705,2,2024-02-25,44,Heart failure,15.4,0.1,68,collected,missed,115,91,97,0,N
P100705,3,2024-03-03,44,Heart failure,15.4,-0.3,82,collected,scheduled,151,100,95,0,N
P100705,4,2024-03-10,44,Heart failure,15.4,-0.1,91,late,attended,117,76,94,0,N
P100706,1,2024-03-22,56,COPD,14.2,0.5,76,collected,scheduled,143,81,97,0,N
P100706,2,2024-03-29,56,COPD,14.2,0.5,76,collected,attended,147,69,97,0,N
P100706,3,2024-04-05,56,COPD,14.2,0.1,58,collected,attended,146,81,94,0,N
P100706,4,2024-04-12,56,COPD,14.2,0.3,79,late,scheduled,131,64,94,0,N
P100707,1,2024-09-22,31,Other,19.8,0.3,81,collected,attended,138,72,98,0,N
P100707,2,2024-09-29,31,Other,19.8,1.4,90,collected,attended,117,96,97,0,N
P100707,3,2024-10-06,31,Other,19.8,1.2,92,collected,scheduled,128,79,100,0,N
P100707,4,2024-10-13,31,Other,19.8,0.7,94,collected,missed,133,83,93,0,N
P100708,1,2025-04-02,72,Sepsis,31.0,1.7,76,collected,attended,151,83,92,1,N
P100708,2,2025-04-09,72,Sepsis,31.0,1.0,71,missed,attended,149,68,96,1,N
P100708,3,2025-04-16,72,Sepsis,31.0,0.3,77,late,scheduled,144,82,91,1,Y
P100708,4,2025-04-23,72,Sepsis,31.0,-0.6,87,missed,attended,152,88,92,1,Y
P100709,1,2024-09-23,69,Stroke,18.2,-0.3,82,collected,missed,139,69,94,0,N
P100709,2,2024-09-30,69,Stroke,18.2,-0.6,95,collected,attended,116,93,99,0,N
P100709,3,2024-10-07,69,Stroke,18.2,-0.2,81,collected,scheduled,139,76,96,0,N
P100709,4,2024-10-14,69,Stroke,18.2,0.7,81,collected,attended,106,71,94,0,N
P100710,1,2025-05-26,52,Diabetes,16.8,-0.2,86,collected,attended,119,86,97,0,N
P100710,2,2025-06-02,52,Diabetes,16.8,0.8,85,collected,attended,154,80,96,0,N
P100710,3,2025-06-09,52,Diabetes,16.8,0.4,80,collected,missed,136,64,94,0,N
P100710,4,2025-06-16,52,Diabetes,16.8,1.2,85,collected,scheduled,112,84,97,0,N
P100711,1,2025-04-14,53,COPD,13.0,-0.8,81,collected,scheduled,159,67,95,0,N
P100711,2,2025-04-21,53,COPD,13.0,-0.8,89,collected,scheduled,130,81,97,0,N
P100711,3,2025-04-28,53,COPD,13.0,-1.0,100,collected,scheduled,135,71,96,0,N
P100711,4,2025-05-05,53,COPD,13.0,-1.8,74,collected,missed,134,78,96,0,N
P100712,1,2024-03-19,72,COPD,23.1,0.1,70,collected,attended,170,94,95,1,N
P100712,2,2024-03-26,72,COPD,23.1,0.3,66,collected,scheduled,145,80,95,1,N
P100712,3,2024-04-02,72,COPD,23.1,-0.5,66,collected,attended,113,84,96,1,Y
P100712,4,2024-04-09,72,COPD,23.1,-0.5,73,collected,scheduled,145,90,92,1,Y
P100713,1,2024-03-24,54,Pneumonia,15.4,-0.9,81,collected,scheduled,115,100,95,0,N
P100713,2,2024-03-31,54,Pneumonia,15.4,-0.5,92,collected,attended,128,56,96,0,N
P100713,3,2024-04-07,54,Pneumonia,15.4,-1.0,100,collected,attended,132,69,95,0,N
P100713,4,2024-04-14,54,Pneumonia,15.4,-1.4,100,collected,missed,130,74,96,0,N
P100714,1,2024-04-25,64,Diabetes,11.9,-0.4,94,collected,missed,145,66,96,0,N
P100714,2,2024-05-02,64,Diabetes,11.9,-0.6,83,collected,scheduled,119,67,95,0,N
P100714,3,2024-05-09,64,Diabetes,11.9,-1.1,85,collected,attended,134,72,95,0,N
P100714,4,2024-05-16,64,Diabetes,11.9,0.2,84,collected,attended,141,81,96,0,N
P100715,1,2024-07-18,93,Pneumonia,16.8,-0.2,97,late,scheduled,137,77,97,0,N
P100715,2,2024-07-25,93,Pneumonia,16.8,0.1,93,collected,scheduled,140,91,97,0,N
P100715,3,2024-08-01,93,Pneumonia,16.8,0.7,78,collected,scheduled,163,92,94,0,N
P100715,4,2024-08-08,93,Pneumonia,16.8,0.6,90,collected,attended,117,84,99,0,N
P100716,1,2024-11-23,62,Heart failure,15.4,-0.0,82,missed,scheduled,113,72,98,0,N
P100716,2,2024-11-30,62,Heart failure,15.4,-0.8,82,collected,scheduled,161,99,98,0,N
P100716,3,2024-12-07,62,Heart failure,15.4,-1.9,100,late,scheduled,142,74,94,0,N
P100716,4,2024-12-14,62,Heart failure,15.4,-2.3,78,collected,scheduled,122,63,97,0,N
P100717,1,2024-03-05,67,Heart failure,26.9,0.1,78,collected,missed,144,102,94,1,N
P100717,2,2024-03-12,67,Heart failure,26.9,-0.1,78,collected,missed,143,77,97,1,N
P100717,3,2024-03-19,67,Heart failure,26.9,-0.4,70,missed,attended,165,66,93,1,Y
P100717,4,2024-03-26,67,Heart failure,26.9,1.1,82,late,attended,113,90,93,1,Y
P100718,1,2025-06-13,83,Heart failure,26.9,-0.4,91,collected,scheduled,128,81,97,0,N
P100718,2,2025-06-20,83,Heart failure,26.9,-0.8,82,late,attended,136,88,97,0,N
P100718,3,2025-06-27,83,Heart failure,26.9,-1.6,76,collected,attended,121,80,93,0,N
P100718,4,2025-07-04,83,Heart failure,26.9,-1.6,100,collected,scheduled,142,87,97,0,N
P100719,1,2025-01-30,64,Kidney disease,16.8,0.8,80,missed,scheduled,150,78,97,1,N
P100719,2,2025-02-06,64,Kidney disease,16.8,0.5,91,collected,scheduled,149,72,98,1,N
P100719,3,2025-02-13,64,Kidney disease,16.8,0.4,80,collected,attended,128,71,97,1,Y
P100719,4,2025-02-20,64,Kidney disease,16.8,0.9,100,collected,attended,142,80,94,1,Y
P100720,1,2024-06-17,62,Heart failure,25.0,1.4,88,collected,attended,139,83,94,0,N
P100720,2,2024-06-24,62,Heart failure,25.0,0.9,100,collected,scheduled,134,88,98,0,N
P100720,3,2024-07-01,62,Heart failure,25.0,0.5,91,collected,attended,135,95,98,0,N
P100720,4,2024-07-08,62,Heart failure,25.0,-0.4,94,collected,attended,126,84,94,0,N
P100721,1,2024-12-21,66,Other,15.4,-1.2,75,collected,attended,121,77,98,0,N
P100721,2,2024-12-28,66,Other,15.4,-1.2,91,late,attended,117,72,94,0,N
P100721,3,2025-01-04,66,Other,15.4,-0.3,99,collected,attended,137,95,95,0,N
P100721,4,2025-01-11,66,Other,15.4,-0.2,89,collected,attended,118,81,95,0,N
P100722,1,2025-07-20,58,Other,15.4,0.6,97,collected,scheduled,134,59,97,1,N
P100722,2,2025-07-27,58,Other,15.4,1.1,93,collected,attended,123,70,98,1,N
P100722,3,2025-08-03,58,Other,15.4,1.5,94,collected,attended,100,86,95,1,Y
P100722,4,2025-08-10,58,Other,15.4,0.9,90,collected,scheduled,119,83,97,1,Y
P100723,1,2024-11-07,51,Heart failure,14.2,0.1,96,collected,missed,142,91,95,0,N
P100723,2,2024-11-14,51,Heart failure,14.2,0.8,97,collected,scheduled,131,74,98,0,N
P100723,3,2024-11-21,51,Heart failure,14.2,0.7,86,collected,attended,138,84,93,0,N
P100723,4,2024-11-28,51,Heart failure,14.2,1.7,82,collected,attended,127,90,95,0,N
P100724,1,2025-04-25,54,Hip fracture,18.2,0.3,75,collected,scheduled,124,86,96,0,N
P100724,2,2025-05-02,54,Hip fracture,18.2,0.5,98,collected,attended,128,73,92,0,N
P100724,3,2025-05-09,54,Hip fracture,18.2,0.5,90,collected,attended,126,76,96,0,N
P100724,4,2025-05-16,54,Hip fracture,18.2,0.8,91,collected,scheduled,124,68,100,0,N
P100725,1,2025-04-26,77,Stroke,23.1,-0.2,88,collected,missed,128,74,98,1,N
P100725,2,2025-05-03,77,Stroke,23.1,-0.2,96,collected,scheduled,132,84,100,1,N
P100725,3,2025-05-10,77,Stroke,23.1,-1.8,94,late,attended,138,84,95,1,Y
P100725,4,2025-05-17,77,Stroke,23.1,-2.2,88,collected,missed,111,90,98,1,Y
P100726,1,2024-04-21,85,Other,31.0,0.2,95,collected,scheduled,136,83,94,0,N
P100726,2,2024-04-28,85,Other,31.0,0.3,87,collected,missed,137,77,93,0,N
P100726,3,2024-05-05,85,Other,31.0,0.4,82,missed,attended,155,88,96,0,N
P100726,4,2024-05-12,85,Other,31.0,-0.2,71,missed,missed,134,81,96,0,N
P100727,1,2024-02-22,43,Hip fracture,15.4,0.3,80,collected,attended,154,95,99,0,N
P100727,2,2024-02-29,43,Hip fracture,15.4,0.3,74,collected,attended,136,90,97,0,N
P100727,3,2024-03-07,43,Hip fracture,15.4,0.6,89,collected,missed,143,83,97,0,N
P100727,4,2024-03-14,43,Hip fracture,15.4,0.8,71,collected,missed,151,88,96,0,N
P100728,1,2024-07-30,83,Diabetes,31.0,-0.2,73,late,attended,138,75,98,0,N
P100728,2,2024-08-06,83,Diabetes,31.0,-0.4,54,collected,scheduled,146,80,100,0,N
P100728,3,2024-08-13,83,Diabetes,31.0,-0.8,86,missed,missed,144,68,98,0,N
P100728,4,2024-08-20,83,Diabetes,31.0,-0.5,97,late,scheduled,136,81,95,0,N
P100729,1,2024-10-17,49,COPD,16.8,-0.3,68,late,scheduled,143,91,96,0,N
P100729,2,2024-10-24,49,COPD,16.8,0.2,100,collected,attended,123,85,95,0,N
P100729,3,2024-10-31,49,COPD,16.8,0.6,85,collected,attended,109,92,92,0,N
P100729,4,2024-11-07,49,COPD,16.8,1.1,78,collected,scheduled,130,99,94,0,N
P100730,1,2024-04-25,78,Diabetes,28.9,0.3,66,collected,attended,124,87,97,0,N
P100730,2,2024-05-02,78,Diabetes,28.9,-0.1,78,collected,attended,147,68,95,0,N
P100730,3,2024-05-09,78,Diabetes,28.9,-0.1,89,collected,attended,160,83,96,0,N
P100730,4,2024-05-16,78,Diabetes,28.9,-0.1,100,missed,missed,153,85,96,0,N
P100731,1,2025-06-28,49,Other,13.0,0.1,88,collected,attended,116,59,96,0,N
P100731,2,2025-07-05,49,Other,13.0,0.7,81,missed,attended,132,81,93,0,N
P100731,3,2025-07-12,49,Other,13.0,1.6,83,missed,attended,135,90,98,0,N
P100731,4,2025-07-19,49,Other,13.0,0.8,93,collected,attended,150,83,97,0,N
P100732,1,2025-08-09,63,Diabetes,16.8,0.6,100,missed,scheduled,124,75,96,0,N
P100732,2,2025-08-16,63,Diabetes,16.8,0.4,96,collected,attended,133,83,95,0,N
P100732,3,2025-08-23,63,Diabetes,16.8,0.7,90,collected,scheduled,126,77,97,0,N
P100732,4,2025-08-30,63,Diabetes,16.8,0.5,82,missed,attended,127,83,95,0,N
P100733,1,2025-04-27,42,Heart failure,23.1,-0.5,88,collected,attended,125,75,98,0,N
P100733,2,2025-05-04,42,Heart failure,23.1,-1.0,85,collected,scheduled,119,82,94,0,N
P100733,3,2025-05-11,42,Heart failure,23.1,-0.4,77,collected,attended,156,86,96,0,N
P100733,4,2025-05-18,42,Heart failure,23.1,1.3,97,late,scheduled,155,84,95,0,N
P100734,1,2025-07-29,87,Other,40.1,-0.0,95,collected,attended,151,81,96,0,N
P100734,2,2025-08-05,87,Other,40.1,-0.4,72,collected,scheduled,108,81,95,0,N
P100734,3,2025-08-12,87,Other,40.1,-0.1,98,collected,attended,124,78,96,0,N
P100734,4,2025-08-19,87,Other,40.1,-0.5,85,collected,scheduled,134,75,95,0,N
P100735,1,2024-08-10,65,Other,28.9,-0.9,81,collected,attended,128,94,96,1,N
P100735,2,2024-08-17,65,Other,28.9,-1.6,77,collected,missed,156,78,90,1,N
P100735,3,2024-08-24,65,Other,28.9,-1.2,71,collected,attended,132,72,93,1,Y
P100735,4,2024-08-31,65,Other,28.9,-0.6,77,collected,missed,146,71,95,1,Y
P100736,1,2024-04-13,57,Diabetes,15.4,0.1,94,late,missed,150,68,94,1,N
P100736,2,2024-04-20,57,Diabetes,15.4,0.2,95,collected,attended,134,71,98,1,N
P100736,3,2024-04-27,57,Diabetes,15.4,-0.5,100,collected,missed,120,67,97,1,Y
P100736,4,2024-05-04,57,Diabetes,15.4,-0.8,81,collected,attended,158,81,97,1,Y
P100737,1,2024-08-28,50,Other,16.8,0.4,84,missed,attended,111,78,95,0,N
P100737,2,2024-09-04,50,Other,16.8,-0.7,90,collected,attended,133,77,97,0,N
P100737,3,2024-09-11,50,Other,16.8,-0.7,89,collected,attended,173,68,95,0,N
P100737,4,2024-09-18,50,Other,16.8,-1.2,97,collected,attended,137,81,98,0,N
P100738,1,2025-02-11,88,Kidney disease,21.4,-1.4,100,collected,scheduled,151,52,95,0,N
P100738,2,2025-02-18,88,Kidney disease,21.4,-1.1,93,collected,attended,121,84,97,0,N
P100738,3,2025-02-25,88,Kidney disease,21.4,-1.7,96,late,attended,103,64,95,0,N
P100738,4,2025-03-04,88,Kidney disease,21.4,-1.3,76,collected,scheduled,128,77,95,0,N
P100739,1,2025-06-08,73,Other,16.8,-0.1,85,collected,attended,106,86,94,0,N
P100739,2,2025-06-15,73,Other,16.8,0.3,84,collected,attended,107,85,96,0,N
P100739,3,2025-06-22,73,Other,16.8,-0.1,85,collected,scheduled,144,64,96,0,N
P100739,4,2025-06-29,73,Other,16.8,-0.2,92,collected,attended,117,70,93,0,N
P100740,1,2024-04-12,61,Pneumonia,14.2,-0.4,82,collected,attended,100,69,96,0,N
P100740,2,2024-04-19,61,Pneumonia,14.2,-0.1,100,collected,attended,125,70,96,0,N
P100740,3,2024-04-26,61,Pneumonia,14.2,0.5,100,collected,scheduled,103,77,96,0,N
P100740,4,2024-05-03,61,Pneumonia,14.2,-0.3,91,collected,missed,136,90,96,0,N
P100741,1,2024-07-29,60,COPD,13.0,-1.4,77,collected,attended,138,73,98,0,N
P100741,2,2024-08-05,60,COPD,13.0,-0.8,92,collected,attended,147,66,93,0,N
P100741,3,2024-08-12,60,COPD,13.0,-0.8,80,collected,attended,129,83,93,0,N
P100741,4,2024-08-19,60,COPD,13.0,-0.1,100,collected,scheduled,134,79,96,0,N
P100742,1,2024-12-14,58,Hip fracture,18.2,0.1,71,collected,attended,129,93,98,0,N
P100742,2,2024-12-21,58,Hip fracture,18.2,-0.7,93,collected,missed,123,84,98,0,N
P100742,3,2024-12-28,58,Hip fracture,18.2,-0.2,100,collected,scheduled,140,63,95,0,N
P100742,4,2025-01-04,58,Hip fracture,18.2,-0.1,74,collected,attended,129,86,94,0,N
P100743,1,2025-06-23,80,Heart failure,23.1,-0.2,83,collected,attended,127,83,97,0,N
P100743,2,2025-06-30,80,Heart failure,23.1,-0.6,94,collected,attended,102,65,97,0,N
P100743,3,2025-07-07,80,Heart failure,23.1,-0.7,77,collected,attended,132,62,93,0,N
P100743,4,2025-07-14,80,Heart failure,23.1,-1.1,80,collected,attended,134,74,98,0,N
P100744,1,2024-01-28,69,Heart failure,15.4,-0.2,100,collected,scheduled,160,84,98,0,N
P100744,2,2024-02-04,69,Heart failure,15.4,-0.6,94,collected,missed,120,80,93,0,N
P100744,3,2024-02-11,69,Heart failure,15.4,-1.0,96,collected,scheduled,122,84,97,0,N
P100744,4,2024-02-18,69,Heart failure,15.4,-1.5,89,collected,attended,125,91,97,0,N
P100745,1,2025-02-09,66,Other,21.4,0.4,94,collected,scheduled,123,67,94,0,N
P100745,2,2025-02-16,66,Other,21.4,1.6,76,collected,attended,126,70,96,0,N
P100745,3,2025-02-23,66,Other,21.4,0.9,100,late,scheduled,113,82,98,0,N
P100745,4,2025-03-02,66,Other,21.4,1.5,85,collected,scheduled,114,76,93,0,N
P100746,1,2024-11-14,72,Stroke,28.9,-0.2,95,collected,attended,156,66,93,0,N
P100746,2,2024-11-21,72,Stroke,28.9,-0.8,91,late,attended,144,96,98,0,N
P100746,3,2024-11-28,72,Stroke,28.9,0.1,81,missed,attended,115,68,94,0,N
P100746,4,2024-12-05,72,Stroke,28.9,-0.3,75,collected,attended,131,64,96,0,N
P100747,1,2024-01-11,56,Stroke,14.2,-0.3,94,collected,scheduled,127,72,96,0,N
P100747,2,2024-01-18,56,Stroke,14.2,-1.4,95,late,attended,150,70,93,0,N
P100747,3,2024-01-25,56,Stroke,14.2,-1.2,83,collected,scheduled,155,78,95,0,N
P100747,4,2024-02-01,56,Stroke,14.2,-0.7,75,collected,attended,134,73,95,0,N
P100748,1,2024-06-20,83,Stroke,13.0,0.6,97,collected,attended,150,87,94,0,N
P100748,2,2024-06-27,83,Stroke,13.0,1.0,65,collected,missed,121,79,96,0,N
P100748,3,2024-07-04,83,Stroke,13.0,1.5,100,collected,attended,114,93,95,0,N
P100748,4,2024-07-11,83,Stroke,13.0,1.1,96,collected,scheduled,173,80,95,0,N
P100749,1,2025-04-27,48,COPD,21.4,1.1,63,late,missed,142,67,98,0,N
P100749,2,2025-05-04,48,COPD,21.4,1.9,77,late,scheduled,143,74,94,0,N
P100749,3,2025-05-11,48,COPD,21.4,1.4,84,late,scheduled,131,100,97,0,N
P100749,4,2025-05-18,48,COPD,21.4,1.6,62,collected,scheduled,161,94,95,0,N
P100750,1,2025-02-19,56,Kidney disease,11.9,-0.1,100,missed,scheduled,111,65,95,0,N
P100750,2,2025-02-26,56,Kidney disease,11.9,-0.6,85,collected,attended,112,83,97,0,N
P100750,3,2025-03-05,56,Kidney disease,11.9,-0.4,76,collected,attended,146,66,96,0,N
P100750,4,2025-03-12,56,Kidney disease,11.9,-0.7,75,collected,missed,91,90,96,0,N
P100751,1,2024-09-08,88,Stroke,21.4,0.7,77,collected,attended,147,90,97,0,N
P100751,2,2024-09-15,88,Stroke,21.4,-0.8,99,collected,attended,142,74,98,0,N
P100751,3,2024-09-22,88,Stroke,21.4,-1.2,98,collected,scheduled,131,95,95,0,N
P100751,4,2024-09-29,88,Stroke,21.4,-1.6,90,late,missed,103,85,92,0,N
P100752,1,2024-11-17,60,Sepsis,11.9,0.3,70,late,attended,135,69,95,0,N
P100752,2,2024-11-24,60,Sepsis,11.9,-0.9,90,collected,scheduled,135,82,94,0,N
P100752,3,2024-12-01,60,Sepsis,11.9,-1.0,73,collected,missed,157,69,96,0,N
P100752,4,2024-12-08,60,Sepsis,11.9,-1.7,75,collected,attended,142,75,94,0,N
P100753,1,2024-09-10,46,Heart failure,11.9,1.0,92,collected,attended,119,78,100,0,N
P100753,2,2024-09-17,46,Heart failure,11.9,1.0,92,collected,missed,136,94,99,0,N
P100753,3,2024-09-24,46,Heart failure,11.9,1.0,100,collected,attended,130,105,97,0,N
P100753,4,2024-10-01,46,Heart failure,11.9,1.3,81,collected,attended,138,87,94,0,N
P100754,1,2025-05-03,84,Diabetes,28.9,-0.4,66,collected,scheduled,125,69,97,0,N
P100754,2,2025-05-10,84,Diabetes,28.9,-0.6,98,late,attended,133,83,99,0,N
P100754,3,2025-05-17,84,Diabetes,28.9,-1.5,83,collected,attended,154,76,94,0,N
P100754,4,2025-05-24,84,Diabetes,28.9,-1.6,81,collected,attended,144,92,95,0,N
P100755,1,2024-11-30,71,COPD,13.0,-0.7,82,missed,attended,164,81,96,0,N
P100755,2,2024-12-07,71,COPD,13.0,-0.3,51,late,scheduled,133,90,94,0,N
P100755,3,2024-12-14,71,COPD,13.0,-0.1,83,collected,scheduled,149,97,99,0,N
P100755,4,2024-12-21,71,COPD,13.0,-0.2,81,collected,attended,135,87,96,0,N
P100756,1,2024-10-09,89,Other,26.9,-0.5,93,collected,attended,122,65,94,1,N
P100756,2,2024-10-16,89,Other,26.9,-0.1,99,collected,scheduled,139,61,95,1,N
P100756,3,2024-10-23,89,Other,26.9,-0.5,84,collected,missed,138,79,95,1,Y
P100756,4,2024-10-30,89,Other,26.9,0.0,85,late,attended,125,84,98,1,Y
P100757,1,2025-08-22,78,Heart failure,19.8,0.6,100,collected,scheduled,137,80,93,0,N
P100757,2,2025-08-29,78,Heart failure,19.8,1.0,95,collected,scheduled,147,71,100,0,N
P100757,3,2025-09-05,78,Heart failure,19.8,1.5,93,collected,attended,119,61,97,0,N
P100757,4,2025-09-12,78,Heart failure,19.8,2.4,81,collected,attended,126,83,95,0,N
P100758,1,2025-08-17,56,Hip fracture,16.8,0.5,93,collected,scheduled,140,65,96,0,N
P100758,2,2025-08-24,56,Hip fracture,16.8,-0.1,91,collected,scheduled,118,81,97,0,N
P100758,3,2025-08-31,56,Hip fracture,16.8,-0.8,100,collected,missed,159,80,97,0,N
P100758,4,2025-09-07,56,Hip fracture,16.8,-1.8,72,missed,scheduled,148,91,93,0,N
P100759,1,2024-09-02,53,Hip fracture,13.0,-0.7,88,collected,attended,156,62,97,1,N
P100759,2,2024-09-09,53,Hip fracture,13.0,-0.3,89,collected,scheduled,123,76,98,1,N
P100759,3,2024-09-16,53,Hip fracture,13.0,-1.0,78,collected,attended,126,84,95,1,Y
P100759,4,2024-09-23,53,Hip fracture,13.0,-1.0,82,collected,scheduled,137,81,98,1,Y
P100760,1,2025-01-13,65,Kidney disease,15.4,0.0,81,collected,attended,131,95,97,0,N
P100760,2,2025-01-20,65,Kidney disease,15.4,0.7,77,collected,attended,108,88,95,0,N
P100760,3,2025-01-27,65,Kidney disease,15.4,0.6,86,collected,attended,139,92,98,0,N
P100760,4,2025-02-03,65,Kidney disease,15.4,0.5,87,collected,attended,139,91,99,0,N
P100761,1,2025-08-04,67,Diabetes,26.9,-0.1,76,missed,attended,148,89,97,0,N
P100761,2,2025-08-11,67,Diabetes,26.9,-0.5,86,collected,scheduled,130,94,95,0,N
P100761,3,2025-08-18,67,Diabetes,26.9,0.7,89,collected,scheduled,154,67,97,0,N
P100761,4,2025-08-25,67,Diabetes,26.9,0.4,94,late,attended,126,78,95,0,N
P100762,1,2024-07-13,76,COPD,19.8,-0.7,96,missed,attended,142,60,93,0,N
P100762,2,2024-07-20,76,COPD,19.8,-1.3,100,collected,attended,138,77,95,0,N
P100762,3,2024-07-27,76,COPD,19.8,-0.7,87,collected,attended,139,71,95,0,N
P100762,4,2024-08-03,76,COPD,19.8,-0.5,99,collected,attended,134,77,99,0,N
P100763,1,2024-11-02,61,Other,23.1,-0.8,84,collected,attended,143,84,96,0,N
P100763,2,2024-11-09,61,Other,23.1,-0.5,93,collected,scheduled,147,72,94,0,N
P100763,3,2024-11-16,61,Other,23.1,-1.5,90,collected,scheduled,142,78,93,0,N
P100763,4,2024-11-23,61,Other,23.1,-1.4,100,collected,missed,149,76,97,0,N
P100764,1,2024-09-15,90,Other,33.2,0.1,69,collected,attended,153,82,95,0,N
P100764,2,2024-09-22,90,Other,33.2,0.3,77,collected,attended,148,77,95,0,N
P100764,3,2024-09-29,90,Other,33.2,-0.1,85,collected,scheduled,159,90,97,0,N
P100764,4,2024-10-06,90,Other,33.2,0.5,81,collected,scheduled,146,81,90,0,N
P100765,1,2024-10-10,69,Pneumonia,19.8,-0.1,62,missed,missed,148,95,98,1,N
P100765,2,2024-10-17,69,Pneumonia,19.8,-0.4,52,collected,attended,130,86,96,1,N
P100765,3,2024-10-24,69,Pneumonia,19.8,0.5,62,late,scheduled,145,96,93,1,Y
P100765,4,2024-10-31,69,Pneumonia,19.8,0.4,85,collected,attended,142,80,94,1,Y
P100766,1,2024-11-26,28,Heart failure,11.9,0.7,86,late,scheduled,128,60,97,0,N
P100766,2,2024-12-03,28,Heart failure,11.9,0.2,80,collected,attended,146,78,97,0,N
P100766,3,2024-12-10,28,Heart failure,11.9,-0.2,65,collected,missed,118,66,94,0,N
P100766,4,2024-12-17,28,Heart failure,11.9,-0.4,92,collected,missed,135,78,96,0,N
P100767,1,2025-07-14,68,Heart failure,18.2,0.3,81,collected,attended,120,78,98,0,N
P100767,2,2025-07-21,68,Heart failure,18.2,1.4,77,collected,attended,141,46,93,0,N
P100767,3,2025-07-28,68,Heart failure,18.2,2.1,74,collected,scheduled,123,81,95,0,N
P100767,4,2025-08-04,68,Heart failure,18.2,1.8,86,collected,attended,122,86,98,0,N
P100768,1,2024-09-16,66,Sepsis,16.8,-0.3,86,collected,missed,156,117,95,0,N
P100768,2,2024-09-23,66,Sepsis,16.8,-0.7,66,collected,attended,133,68,96,0,N
P100768,3,2024-09-30,66,Sepsis,16.8,-0.9,91,late,scheduled,168,76,96,0,N
P100768,4,2024-10-07,66,Sepsis,16.8,0.1,95,collected,attended,119,70,96,0,N
P100769,1,2025-07-11,89,Other,16.8,0.8,81,missed,missed,149,73,93,0,N
P100769,2,2025-07-18,89,Other,16.8,1.3,81,collected,attended,131,87,94,0,N
P100769,3,2025-07-25,89,Other,16.8,1.7,91,collected,scheduled,144,80,93,0,N
P100769,4,2025-08-01,89,Other,16.8,1.2,96,missed,attended,153,86,96,0,N
P100770,1,2025-08-16,86,COPD,13.0,-0.2,84,collected,attended,125,67,97,0,N
P100770,2,2025-08-23,86,COPD,13.0,-0.1,96,collected,attended,125,72,95,0,N
P100770,3,2025-08-30,86,COPD,13.0,-0.3,68,collected,scheduled,133,80,96,0,N
P100770,4,2025-09-06,86,COPD,13.0,0.0,89,collected,attended,134,80,96,0,N
P100771,1,2024-05-18,93,Other,28.9,0.5,96,collected,attended,121,78,95,0,N
P100771,2,2024-05-25,93,Other,28.9,-0.3,92,collected,attended,138,78,94,0,N
P100771,3,2024-06-01,93,Other,28.9,-0.2,82,collected,attended,128,74,97,0,N
P100771,4,2024-06-08,93,Other,28.9,0.3,92,collected,scheduled,152,79,92,0,N
P100772,1,2025-07-01,66,Pneumonia,16.8,-1.0,82,collected,attended,131,86,99,0,N
P100772,2,2025-07-08,66,Pneumonia,16.8,-0.2,96,collected,attended,142,67,95,0,N
P100772,3,2025-07-15,66,Pneumonia,16.8,0.2,86,collected,attended,136,71,96,0,N
P100772,4,2025-07-22,66,Pneumonia,16.8,0.2,72,collected,missed,164,76,98,0,N
P100773,1,2025-04-30,57,Other,18.2,0.9,83,collected,missed,146,67,96,1,N
P100773,2,2025-05-07,57,Other,18.2,0.4,84,collected,scheduled,134,79,96,1,N
P100773,3,2025-05-14,57,Other,18.2,1.3,98,late,attended,127,66,98,1,Y
P100773,4,2025-05-21,57,Other,18.2,2.1,86,collected,missed,158,72,96,1,Y
P100774,1,2025-05-21,39,Kidney disease,19.8,-0.4,81,collected,scheduled,129,74,99,0,N
P100774,2,2025-05-28,39,Kidney disease,19.8,-0.3,92,collected,attended,144,72,95,0,N
P100774,3,2025-06-04,39,Kidney disease,19.8,-0.2,81,collected,attended,144,83,97,0,N
P100774,4,2025-06-11,39,Kidney disease,19.8,0.7,87,collected,attended,148,75,96,0,N
P100775,1,2025-04-21,77,Pneumonia,26.9,-1.1,100,collected,scheduled,136,87,96,1,N
P100775,2,2025-04-28,77,Pneumonia,26.9,-0.3,73,late,attended,141,71,97,1,N
P100775,3,2025-05-05,77,Pneumonia,26.9,0.3,87,collected,attended,145,69,96,1,Y
P100775,4,2025-05-12,77,Pneumonia,26.9,0.1,88,collected,attended,158,73,96,1,Y
P100776,1,2024-06-23,45,COPD,11.9,0.7,94,collected,attended,145,94,96,0,N
P100776,2,2024-06-30,45,COPD,11.9,2.5,100,collected,attended,139,89,100,0,N
P100776,3,2024-07-07,45,COPD,11.9,2.0,82,collected,attended,142,61,93,0,N
P100776,4,2024-07-14,45,COPD,11.9,1.5,96,collected,scheduled,167,62,96,0,N
P100777,1,2025-05-08,75,COPD,21.4,0.7,78,collected,scheduled,149,61,94,0,N
P100777,2,2025-05-15,75,COPD,21.4,1.6,86,collected,attended,125,80,97,0,N
P100777,3,2025-05-22,75,COPD,21.4,0.6,82,collected,attended,145,87,95,0,N
P100777,4,2025-05-29,75,COPD,21.4,0.6,99,collected,missed,131,78,98,0,N
P100778,1,2025-01-22,93,Other,23.1,-0.0,97,collected,attended,114,95,94,1,N
P100778,2,2025-01-29,93,Other,23.1,0.7,93,collected,scheduled,129,72,95,1,N
P100778,3,2025-02-05,93,Other,23.1,1.7,90,collected,missed,138,71,99,1,Y
P100778,4,2025-02-12,93,Other,23.1,2.2,61,collected,attended,130,60,97,1,Y
P100779,1,2024-06-02,96,Heart failure,26.9,0.6,89,collected,attended,123,86,98,0,N
P100779,2,2024-06-09,96,Heart failure,26.9,0.3,98,collected,attended,121,82,96,0,N
P100779,3,2024-06-16,96,Heart failure,26.9,-0.2,89,collected,scheduled,160,71,96,0,N
P100779,4,2024-06-23,96,Heart failure,26.9,0.8,81,missed,attended,156,80,100,0,N
P100780,1,2024-06-26,63,Kidney disease,15.4,0.0,88,collected,missed,132,81,94,0,N
P100780,2,2024-07-03,63,Kidney disease,15.4,-1.1,64,collected,scheduled,131,88,95,0,N
P100780,3,2024-07-10,63,Kidney disease,15.4,-0.7,93,collected,attended,133,82,99,0,N
P100780,4,2024-07-17,63,Kidney disease,15.4,-0.7,88,late,attended,123,60,96,0,N
P100781,1,2025-05-02,82,Stroke,18.2,0.1,75,late,attended,132,102,94,0,N
P100781,2,2025-05-09,82,Stroke,18.2,1.0,86,collected,attended,143,75,93,0,N
P100781,3,2025-05-16,82,Stroke,18.2,1.2,80,collected,attended,154,87,95,0,N
P100781,4,2025-05-23,82,Stroke,18.2,0.7,96,missed,attended,138,67,96,0,N
P100782,1,2024-12-27,69,Stroke,19.8,-0.2,62,collected,attended,147,77,99,0,N
P100782,2,2025-01-03,69,Stroke,19.8,0.2,75,collected,attended,148,87,94,0,N
P100782,3,2025-01-10,69,Stroke,19.8,1.0,76,late,missed,130,68,95,0,N
P100782,4,2025-01-17,69,Stroke,19.8,1.1,65,collected,missed,148,73,98,0,N
P100783,1,2024-02-11,67,Other,25.0,-0.9,83,collected,attended,123,76,97,0,N
P100783,2,2024-02-18,67,Other,25.0,-0.9,96,collected,scheduled,149,78,98,0,N
P100783,3,2024-02-25,67,Other,25.0,-0.6,94,collected,scheduled,119,77,99,0,N
P100783,4,2024-03-03,67,Other,25.0,-0.6,88,collected,missed,136,95,96,0,N
P100784,1,2025-01-17,74,Heart failure,23.1,0.4,80,collected,attended,128,75,95,0,N
P100784,2,2025-01-24,74,Heart failure,23.1,0.1,84,missed,attended,121,82,96,0,N
P100784,3,2025-01-31,74,Heart failure,23.1,0.7,99,late,missed,103,98,97,0,N
P100784,4,2025-02-07,74,Heart failure,23.1,0.8,91,collected,scheduled,142,58,99,0,N
P100785,1,2025-07-11,73,COPD,18.2,0.6,98,collected,scheduled,144,94,94,0,N
P100785,2,2025-07-18,73,COPD,18.2,0.6,100,collected,attended,115,60,96,0,N
P100785,3,2025-07-25,73,COPD,18.2,1.0,91,collected,attended,128,79,95,0,N
P100785,4,2025-08-01,73,COPD,18.2,0.2,77,collected,attended,129,63,97,0,N
P100786,1,2024-07-06,87,COPD,18.2,-0.3,100,collected,scheduled,113,84,95,0,N
P100786,2,2024-07-13,87,COPD,18.2,-0.2,100,collected,attended,124,78,95,0,N
P100786,3,2024-07-20,87,COPD,18.2,0.1,77,late,attended,130,72,91,0,N
P100786,4,2024-07-27,87,COPD,18.2,1.2,100,missed,attended,119,66,96,0,N
P100787,1,2024-03-25,52,COPD,13.0,0.1,96,collected,scheduled,118,84,98,0,N
P100787,2,2024-04-01,52,COPD,13.0,0.7,100,missed,attended,124,80,96,0,N
P100787,3,2024-04-08,52,COPD,13.0,0.4,93,collected,scheduled,124,82,97,0,N
P100787,4,2024-04-15,52,COPD,13.0,0.4,72,collected,scheduled,120,73,95,0,N
P100788,1,2025-03-06,67,Other,18.2,-0.3,87,late,attended,126,60,97,0,N
P100788,2,2025-03-13,67,Other,18.2,-1.0,88,collected,scheduled,130,79,95,0,N
P100788,3,2025-03-20,67,Other,18.2,-0.6,78,collected,missed,140,93,95,0,N
P100788,4,2025-03-27,67,Other,18.2,-0.4,75,collected,attended,123,78,97,0,N
P100789,1,2024-11-03,57,Other,14.2,0.0,79,collected,scheduled,131,75,95,1,N
P100789,2,2024-11-10,57,Other,14.2,0.0,70,collected,missed,157,88,92,1,N
P100789,3,2024-11-17,57,Other,14.2,0.0,85,late,scheduled,141,95,96,1,Y
P100789,4,2024-11-24,57,Other,14.2,-0.1,89,collected,missed,125,93,95,1,Y
P100790,1,2025-07-27,100,Pneumonia,26.9,0.9,63,late,attended,124,83,96,0,N
P100790,2,2025-08-03,100,Pneumonia,26.9,0.3,92,missed,attended,160,83,98,0,N
P100790,3,2025-08-10,100,Pneumonia,26.9,0.2,83,collected,scheduled,144,77,93,0,N
P100790,4,2025-08-17,100,Pneumonia,26.9,-0.6,49,late,attended,139,90,96,0,N
P100791,1,2024-04-28,55,Kidney disease,13.0,-0.0,83,collected,scheduled,125,63,95,0,N
P100791,2,2024-05-05,55,Kidney disease,13.0,0.1,97,collected,attended,135,68,95,0,N
P100791,3,2024-05-12,55,Kidney disease,13.0,-0.1,80,collected,attended,129,79,96,0,N
P100791,4,2024-05-19,55,Kidney disease,13.0,0.2,83,late,attended,152,82,93,0,N
P100792,1,2025-06-05,70,Diabetes,16.8,1.0,81,collected,attended,114,92,99,0,N
P100792,2,2025-06-12,70,Diabetes,16.8,1.1,76,collected,attended,137,71,97,0,N
P100792,3,2025-06-19,70,Diabetes,16.8,0.5,95,late,attended,149,67,94,0,N
P100792,4,2025-06-26,70,Diabetes,16.8,0.1,83,collected,attended,132,69,96,0,N
P100793,1,2025-06-12,64,Other,16.8,0.1,88,collected,scheduled,122,95,95,0,N
P100793,2,2025-06-19,64,Other,16.8,-0.4,87,collected,attended,141,79,94,0,N
P100793,3,2025-06-26,64,Other,16.8,-0.8,80,collected,attended,122,78,94,0,N
P100793,4,2025-07-03,64,Other,16.8,-0.2,100,collected,attended,130,60,98,0,N
P100794,1,2024-04-10,92,Kidney disease,31.0,0.0,68,missed,scheduled,118,80,95,0,N
P100794,2,2024-04-17,92,Kidney disease,31.0,-0.3,84,collected,attended,128,78,98,0,N
P100794,3,2024-04-24,92,Kidney disease,31.0,-0.4,85,collected,attended,128,78,97,0,N
P100794,4,2024-05-01,92,Kidney disease,31.0,-0.3,100,collected,attended,137,74,95,0,N
P100795,1,2024-02-22,65,Kidney disease,13.0,0.6,99,collected,attended,115,85,94,0,N
P100795,2,2024-02-29,65,Kidney disease,13.0,0.9,94,collected,scheduled,142,79,96,0,N
P100795,3,2024-03-07,65,Kidney disease,13.0,0.3,87,collected,attended,130,57,95,0,N
P100795,4,2024-03-14,65,Kidney disease,13.0,0.2,100,collected,attended,118,85,94,0,N
P100796,1,2024-06-30,80,Pneumonia,18.2,0.6,81,collected,scheduled,133,66,96,0,N
P100796,2,2024-07-07,80,Pneumonia,18.2,0.5,89,collected,attended,131,62,96,0,N
P100796,3,2024-07-14,80,Pneumonia,18.2,0.0,88,late,attended,122,67,96,0,N
P100796,4,2024-07-21,80,Pneumonia,18.2,-0.8,69,collected,missed,138,81,94,0,N
P100797,1,2024-03-29,62,Other,14.2,-0.6,80,late,attended,125,74,98,0,N
P100797,2,2024-04-05,62,Other,14.2,0.4,100,collected,attended,136,70,95,0,N
P100797,3,2024-04-12,62,Other,14.2,0.4,77,late,attended,125,78,93,0,N
P100797,4,2024-04-19,62,Other,14.2,1.2,83,collected,attended,130,98,96,0,N
P100798,1,2025-02-13,83,Diabetes,16.8,-0.5,95,late,attended,145,78,95,0,N
P100798,2,2025-02-20,83,Diabetes,16.8,-0.7,86,collected,scheduled,139,72,96,0,N
P100798,3,2025-02-27,83,Diabetes,16.8,-0.5,81,collected,scheduled,153,89,95,0,N
P100798,4,2025-03-06,83,Diabetes,16.8,0.2,96,collected,scheduled,146,68,96,0,N
P100799,1,2024-03-13,57,Other,16.8,0.3,61,collected,attended,127,77,96,0,N
P100799,2,2024-03-20,57,Other,16.8,0.3,93,collected,missed,152,64,97,0,N
P100799,3,2024-03-27,57,Other,16.8,0.5,91,collected,scheduled,132,72,95,0,N
P100799,4,2024-04-03,57,Other,16.8,0.3,80,collected,scheduled,141,87,94,0,N
P100800,1,2025-06-09,79,Heart failure,21.4,0.7,96,collected,attended,136,72,94,0,N
P100800,2,2025-06-16,79,Heart failure,21.4,1.2,75,collected,attended,137,66,97,0,N
P100800,3,2025-06-23,79,Heart failure,21.4,1.0,67,late,scheduled,155,79,96,0,N
P100800,4,2025-06-30,79,Heart failure,21.4,2.3,89,late,scheduled,140,74,93,0,N
P100801,1,2024-05-14,67,Heart failure,16.8,-0.1,92,collected,missed,132,70,96,0,N
P100801,2,2024-05-21,67,Heart failure,16.8,-0.1,96,collected,attended,135,96,97,0,N
P100801,3,2024-05-28,67,Heart failure,16.8,-0.4,90,collected,scheduled,107,80,92,0,N
P100801,4,2024-06-04,67,Heart failure,16.8,-0.1,74,late,attended,116,71,97,0,N
P100802,1,2024-12-08,100,Pneumonia,18.2,-0.4,82,collected,missed,123,95,96,1,N
P100802,2,2024-12-15,100,Pneumonia,18.2,-1.0,74,collected,missed,147,100,95,1,N
P100802,3,2024-12-22,100,Pneumonia,18.2,-1.1,70,missed,missed,126,91,95,1,Y
P100802,4,2024-12-29,100,Pneumonia,18.2,-1.3,85,collected,missed,156,78,95,1,Y
P100803,1,2024-04-02,63,COPD,18.2,0.4,93,collected,attended,122,80,95,0,N
P100803,2,2024-04-09,63,COPD,18.2,0.4,100,collected,attended,136,66,96,0,N
P100803,3,2024-04-16,63,COPD,18.2,0.7,73,late,attended,144,74,97,0,N
P100803,4,2024-04-23,63,COPD,18.2,0.6,96,collected,attended,146,70,96,0,N
P100804,1,2024-01-15,62,Other,15.4,0.4,100,collected,missed,119,79,95,0,N
P100804,2,2024-01-22,62,Other,15.4,0.1,85,collected,scheduled,140,86,92,0,N
P100804,3,2024-01-29,62,Other,15.4,-0.1,80,collected,attended,171,66,97,0,N
P100804,4,2024-02-05,62,Other,15.4,-0.5,94,collected,scheduled,127,65,97,0,N
P100805,1,2024-12-22,88,Other,19.8,0.9,97,collected,scheduled,135,70,99,0,N
P100805,2,2024-12-29,88,Other,19.8,1.2,94,missed,scheduled,159,87,97,0,N
P100805,3,2025-01-05,88,Other,19.8,1.3,83,collected,attended,123,70,97,0,N
P100805,4,2025-01-12,88,Other,19.8,1.0,75,collected,attended,144,86,95,0,N
P100806,1,2025-04-04,62,Sepsis,11.9,-0.4,89,collected,attended,142,52,96,0,N
P100806,2,2025-04-11,62,Sepsis,11.9,0.6,81,missed,attended,109,77,97,0,N
P100806,3,2025-04-18,62,Sepsis,11.9,0.4,64,late,attended,145,80,99,0,N
P100806,4,2025-04-25,62,Sepsis,11.9,1.4,89,collected,scheduled,124,85,97,0,N
P100807,1,2025-07-28,80,Other,26.9,-1.0,94,collected,attended,143,77,97,0,N
P100807,2,2025-08-04,80,Other,26.9,-0.8,91,collected,attended,124,77,96,0,N
P100807,3,2025-08-11,80,Other,26.9,-2.2,90,missed,attended,136,101,92,0,N
P100807,4,2025-08-18,80,Other,26.9,-3.1,82,collected,attended,137,84,97,0,N
P100808,1,2024-11-11,54,Other,26.9,-1.2,86,late,attended,153,88,96,0,N
P100808,2,2024-11-18,54,Other,26.9,-0.2,78,collected,scheduled,138,85,94,0,N
P100808,3,2024-11-25,54,Other,26.9,-0.1,69,collected,scheduled,142,98,98,0,N
P100808,4,2024-12-02,54,Other,26.9,0.8,80,collected,attended,144,76,98,0,N
P100809,1,2024-11-15,46,COPD,16.8,-0.1,78,collected,attended,102,71,96,0,N
P100809,2,2024-11-22,46,COPD,16.8,-0.2,98,collected,attended,134,72,95,0,N
P100809,3,2024-11-29,46,COPD,16.8,-0.2,86,missed,scheduled,137,82,95,0,N
P100809,4,2024-12-06,46,COPD,16.8,-0.8,97,collected,attended,138,83,99,0,N
P100810,1,2025-04-23,61,Sepsis,18.2,-0.6,79,collected,scheduled,124,57,98,1,N
P100810,2,2025-04-30,61,Sepsis,18.2,-0.6,94,collected,missed,164,66,94,1,N
P100810,3,2025-05-07,61,Sepsis,18.2,0.0,97,late,attended,155,80,95,1,Y
P100810,4,2025-05-14,61,Sepsis,18.2,0.5,87,collected,scheduled,150,66,98,1,Y
P100811,1,2025-02-23,71,Hip fracture,18.2,0.1,95,late,attended,151,72,98,0,N
P100811,2,2025-03-02,71,Hip fracture,18.2,0.6,73,missed,attended,146,81,94,0,N
P100811,3,2025-03-09,71,Hip fracture,18.2,0.8,98,collected,scheduled,124,72,94,0,N
P100811,4,2025-03-16,71,Hip fracture,18.2,1.5,95,collected,attended,131,100,97,0,N
P100812,1,2025-04-03,77,Stroke,26.9,-1.1,100,collected,scheduled,151,89,95,0,N
P100812,2,2025-04-10,77,Stroke,26.9,-0.9,97,collected,missed,140,80,97,0,N
P100812,3,2025-04-17,77,Stroke,26.9,-0.5,100,collected,missed,126,74,95,0,N
P100812,4,2025-04-24,77,Stroke,26.9,-0.2,66,collected,scheduled,137,76,97,0,N
P100813,1,2024-10-11,63,Kidney disease,19.8,0.4,100,missed,attended,122,63,94,1,N
P100813,2,2024-10-18,63,Kidney disease,19.8,0.1,66,collected,missed,130,105,99,1,N
P100813,3,2024-10-25,63,Kidney disease,19.8,-0.6,88,collected,missed,151,76,97,1,Y
P100813,4,2024-11-01,63,Kidney disease,19.8,-0.3,90,collected,missed,119,63,96,1,Y
P100814,1,2025-07-30,75,Pneumonia,18.2,-1.0,99,collected,scheduled,122,88,96,0,N
P100814,2,2025-08-06,75,Pneumonia,18.2,-0.7,87,missed,attended,151,71,96,0,N
P100814,3,2025-08-13,75,Pneumonia,18.2,-1.1,89,collected,attended,136,91,96,0,N
P100814,4,2025-08-20,75,Pneumonia,18.2,-1.5,78,collected,attended,115,79,96,0,N
P100815,1,2024-11-30,58,Diabetes,13.0,-0.7,79,late,missed,104,112,96,0,N
P100815,2,2024-12-07,58,Diabetes,13.0,-1.0,63,collected,attended,155,70,97,0,N
P100815,3,2024-12-14,58,Diabetes,13.0,-1.3,68,late,scheduled,154,67,99,0,N
P100815,4,2024-12-21,58,Diabetes,13.0,-0.9,72,late,missed,131,75,97,0,N
P100816,1,2024-05-22,70,Heart failure,23.1,0.1,87,collected,scheduled,136,75,95,0,N
P100816,2,2024-05-29,70,Heart failure,23.1,0.4,95,late,attended,130,68,94,0,N
P100816,3,2024-06-05,70,Heart failure,23.1,0.8,86,collected,missed,109,89,94,0,N
P100816,4,2024-06-12,70,Heart failure,23.1,0.8,76,missed,scheduled,148,91,96,0,N
P100817,1,2025-07-28,73,Heart failure,15.4,0.9,77,collected,missed,145,84,95,1,N
P100817,2,2025-08-04,73,Heart failure,15.4,1.6,90,collected,attended,158,78,97,1,N
P100817,3,2025-08-11,73,Heart failure,15.4,1.8,63,missed,attended,152,80,96,1,Y
P100817,4,2025-08-18,73,Heart failure,15.4,2.6,91,missed,attended,140,94,95,1,Y
P100818,1,2024-07-12,55,Sepsis,11.9,1.2,94,collected,attended,113,56,95,0,N
P100818,2,2024-07-19,55,Sepsis,11.9,1.4,81,collected,attended,128,89,93,0,N
P100818,3,2024-07-26,55,Sepsis,11.9,0.9,82,collected,attended,146,70,95,0,N
P100818,4,2024-08-02,55,Sepsis,11.9,-0.2,81,collected,attended,143,70,95,0,N
P100819,1,2025-01-24,71,Kidney disease,16.8,0.8,87,collected,scheduled,124,80,96,0,N
P100819,2,2025-01-31,71,Kidney disease,16.8,1.3,87,collected,attended,124,69,97,0,N
P100819,3,2025-02-07,71,Kidney disease,16.8,0.9,84,collected,attended,102,50,97,0,N
P100819,4,2025-02-14,71,Kidney disease,16.8,0.4,87,collected,attended,106,76,100,0,N
P100820,1,2024-07-10,91,Sepsis,25.0,-0.6,61,collected,missed,122,72,93,0,N
P100820,2,2024-07-17,91,Sepsis,25.0,-0.5,83,collected,attended,161,92,92,0,N
P100820,3,2024-07-24,91,Sepsis,25.0,0.3,71,collected,missed,140,78,93,0,N
P100820,4,2024-07-31,91,Sepsis,25.0,0.2,76,missed,attended,169,105,96,0,N
P100821,1,2024-10-05,68,Diabetes,14.2,0.2,100,late,missed,135,65,97,0,N
P100821,2,2024-10-12,68,Diabetes,14.2,0.2,95,collected,attended,108,72,97,0,N
P100821,3,2024-10-19,68,Diabetes,14.2,0.8,79,collected,scheduled,136,91,97,0,N
P100821,4,2024-10-26,68,Diabetes,14.2,0.9,89,collected,attended,146,53,94,0,N
P100822,1,2024-01-16,51,Heart failure,11.9,0.3,98,collected,attended,135,81,96,0,N
P100822,2,2024-01-23,51,Heart failure,11.9,0.5,98,late,missed,110,87,93,0,N
P100822,3,2024-01-30,51,Heart failure,11.9,1.7,90,collected,scheduled,139,68,97,0,N
P100822,4,2024-02-06,51,Heart failure,11.9,1.3,97,late,attended,138,79,94,0,N
P100823,1,2024-03-01,61,Diabetes,13.0,-1.0,78,missed,attended,128,86,95,0,N
P100823,2,2024-03-08,61,Diabetes,13.0,-0.6,96,collected,scheduled,139,66,95,0,N
P100823,3,2024-03-15,61,Diabetes,13.0,-0.5,96,collected,attended,137,87,98,0,N
P100823,4,2024-03-22,61,Diabetes,13.0,-0.3,94,collected,attended,119,88,95,0,N
P100824,1,2025-04-10,71,Sepsis,15.4,-0.4,88,collected,scheduled,129,65,94,0,N
P100824,2,2025-04-17,71,Sepsis,15.4,-0.4,89,collected,scheduled,138,77,96,0,N
P100824,3,2025-04-24,71,Sepsis,15.4,-1.0,84,collected,attended,125,87,95,0,N
P100824,4,2025-05-01,71,Sepsis,15.4,-0.5,92,collected,attended,118,68,98,0,N
P100825,1,2024-11-16,69,Diabetes,18.2,-0.1,94,collected,attended,141,90,95,0,N
P100825,2,2024-11-23,69,Diabetes,18.2,-0.1,77,collected,attended,135,92,98,0,N
P100825,3,2024-11-30,69,Diabetes,18.2,-1.2,84,collected,attended,137,83,97,0,N
P100825,4,2024-12-07,69,Diabetes,18.2,-0.0,64,collected,attended,156,87,95,0,N
P100826,1,2025-04-05,60,Kidney disease,19.8,-0.5,79,collected,attended,149,81,97,0,N
P100826,2,2025-04-12,60,Kidney disease,19.8,-0.1,69,collected,scheduled,137,95,96,0,N
P100826,3,2025-04-19,60,Kidney disease,19.8,-1.1,84,collected,attended,144,70,97,0,N
P100826,4,2025-04-26,60,Kidney disease,19.8,-1.6,85,missed,attended,135,90,95,0,N
P100827,1,2024-09-12,82,Kidney disease,18.2,-0.2,100,collected,attended,125,99,96,0,N
P100827,2,2024-09-19,82,Kidney disease,18.2,0.5,97,collected,attended,143,87,99,0,N
P100827,3,2024-09-26,82,Kidney disease,18.2,0.5,99,missed,scheduled,155,80,97,0,N
P100827,4,2024-10-03,82,Kidney disease,18.2,-0.1,89,collected,attended,150,67,95,0,N
P100828,1,2024-11-03,69,Other,26.9,-0.1,76,late,attended,146,78,96,1,N
P100828,2,2024-11-10,69,Other,26.9,0.1,88,missed,missed,138,75,96,1,N
P100828,3,2024-11-17,69,Other,26.9,1.4,88,collected,missed,149,77,96,1,Y
P100828,4,2024-11-24,69,Other,26.9,1.6,72,collected,missed,133,103,95,1,Y
P100829,1,2024-01-22,68,Kidney disease,13.0,0.1,74,collected,scheduled,128,88,93,0,N
P100829,2,2024-01-29,68,Kidney disease,13.0,0.6,62,collected,scheduled,161,107,94,0,N
P100829,3,2024-02-05,68,Kidney disease,13.0,0.7,78,late,scheduled,132,89,98,0,N
P100829,4,2024-02-12,68,Kidney disease,13.0,0.6,82,missed,attended,125,74,97,0,N
P100830,1,2025-08-22,62,Diabetes,11.9,-0.1,71,collected,scheduled,138,89,95,1,N
P100830,2,2025-08-29,62,Diabetes,11.9,-0.0,86,collected,scheduled,131,70,99,1,N
P100830,3,2025-09-05,62,Diabetes,11.9,0.4,100,collected,attended,144,63,95,1,Y
P100830,4,2025-09-12,62,Diabetes,11.9,0.3,91,collected,attended,122,109,95,1,Y
P100831,1,2025-08-12,81,Heart failure,18.2,0.2,84,collected,attended,133,89,98,1,N
P100831,2,2025-08-19,81,Heart failure,18.2,0.4,90,missed,attended,132,65,96,1,N
P100831,3,2025-08-26,81,Heart failure,18.2,-0.2,74,collected,attended,141,91,93,1,Y
P100831,4,2025-09-02,81,Heart failure,18.2,0.2,84,collected,attended,160,85,98,1,Y
P100832,1,2025-03-10,55,COPD,14.2,0.1,76,missed,attended,129,62,94,0,N
P100832,2,2025-03-17,55,COPD,14.2,1.0,98,collected,attended,143,72,99,0,N
P100832,3,2025-03-24,55,COPD,14.2,1.7,96,collected,attended,149,67,95,0,N
P100832,4,2025-03-31,55,COPD,14.2,1.7,76,collected,scheduled,147,75,98,0,N
P100833,1,2024-02-01,52,Heart failure,18.2,-0.5,100,collected,missed,158,62,91,0,N
P100833,2,2024-02-08,52,Heart failure,18.2,0.6,70,missed,attended,125,95,98,0,N
P100833,3,2024-02-15,52,Heart failure,18.2,0.9,69,late,attended,147,73,97,0,N
P100833,4,2024-02-22,52,Heart failure,18.2,1.5,99,missed,scheduled,131,70,94,0,N
P100834,1,2025-02-21,93,Kidney disease,18.2,1.0,78,collected,attended,141,72,93,0,N
P100834,2,2025-02-28,93,Kidney disease,18.2,0.8,85,missed,attended,159,64,98,0,N
P100834,3,2025-03-07,93,Kidney disease,18.2,0.9,92,collected,attended,148,70,94,0,N
P100834,4,2025-03-14,93,Kidney disease,18.2,-0.1,86,collected,attended,133,71,94,0,N
P100835,1,2025-06-22,77,Diabetes,45.0,-0.5,82,collected,attended,126,68,97,0,N
P100835,2,2025-06-29,77,Diabetes,45.0,-0.2,75,collected,attended,138,69,99,0,N
P100835,3,2025-07-06,77,Diabetes,45.0,0.5,94,collected,attended,145,75,93,0,N
P100835,4,2025-07-13,77,Diabetes,45.0,-0.4,78,collected,attended,138,68,95,0,N
P100836,1,2025-03-09,48,Hip fracture,21.4,-0.4,91,collected,attended,144,71,96,0,N
P100836,2,2025-03-16,48,Hip fracture,21.4,0.1,72,late,attended,140,82,97,0,N
P100836,3,2025-03-23,48,Hip fracture,21.4,-1.5,81,collected,scheduled,135,83,95,0,N
P100836,4,2025-03-30,48,Hip fracture,21.4,-2.0,72,late,scheduled,156,74,96,0,N
P100837,1,2024-08-06,33,Sepsis,11.9,0.3,98,collected,scheduled,155,84,96,0,N
P100837,2,2024-08-13,33,Sepsis,11.9,0.5,95,collected,scheduled,112,57,95,0,N
P100837,3,2024-08-20,33,Sepsis,11.9,0.4,65,missed,missed,108,82,97,0,N
P100837,4,2024-08-27,33,Sepsis,11.9,-0.5,95,collected,attended,138,63,100,0,N
P100838,1,2024-06-12,99,Kidney disease,25.0,0.2,99,collected,attended,157,102,98,0,N
P100838,2,2024-06-19,99,Kidney disease,25.0,-0.1,87,collected,attended,139,66,96,0,N
P100838,3,2024-06-26,99,Kidney disease,25.0,0.8,90,collected,attended,117,75,95,0,N
P100838,4,2024-07-03,99,Kidney disease,25.0,1.1,82,collected,scheduled,107,82,98,0,N
P100839,1,2025-04-09,98,Diabetes,19.8,0.5,84,collected,attended,123,66,97,0,N
P100839,2,2025-04-16,98,Diabetes,19.8,1.4,88,collected,scheduled,118,91,95,0,N
P100839,3,2025-04-23,98,Diabetes,19.8,1.2,90,late,attended,146,66,96,0,N
P100839,4,2025-04-30,98,Diabetes,19.8,0.9,96,collected,attended,131,67,99,0,N
P100840,1,2024-07-08,70,Other,15.4,1.3,90,missed,scheduled,127,62,93,0,N
P100840,2,2024-07-15,70,Other,15.4,1.7,93,collected,attended,122,59,99,0,N
P100840,3,2024-07-22,70,Other,15.4,0.9,98,collected,missed,145,86,93,0,N
P100840,4,2024-07-29,70,Other,15.4,1.5,100,collected,attended,129,68,96,0,N
P100841,1,2024-08-19,54,COPD,14.2,-0.4,81,collected,scheduled,126,96,94,0,N
P100841,2,2024-08-26,54,COPD,14.2,-1.0,68,collected,missed,151,72,96,0,N
P100841,3,2024-09-02,54,COPD,14.2,-2.1,68,collected,attended,137,69,94,0,N
P100841,4,2024-09-09,54,COPD,14.2,-1.7,76,collected,missed,160,72,97,0,N
P100842,1,2025-08-18,79,Sepsis,31.0,-0.1,93,collected,scheduled,152,73,96,0,N
P100842,2,2025-08-25,79,Sepsis,31.0,0.4,95,missed,attended,126,75,95,0,N
P100842,3,2025-09-01,79,Sepsis,31.0,0.4,99,late,attended,121,71,99,0,N
P100842,4,2025-09-08,79,Sepsis,31.0,0.2,91,collected,scheduled,124,74,96,0,N
P100843,1,2024-01-08,54,Diabetes,11.9,1.8,85,collected,scheduled,130,68,95,0,N
P100843,2,2024-01-15,54,Diabetes,11.9,1.7,58,collected,attended,106,92,93,0,N
P100843,3,2024-01-22,54,Diabetes,11.9,1.1,75,collected,missed,147,89,96,0,N
P100843,4,2024-01-29,54,Diabetes,11.9,1.2,63,collected,scheduled,148,77,93,0,N
P100844,1,2025-05-07,100,Diabetes,28.9,-0.5,95,collected,scheduled,127,80,100,0,N
P100844,2,2025-05-14,100,Diabetes,28.9,-0.1,93,collected,scheduled,154,58,95,0,N
P100844,3,2025-05-21,100,Diabetes,28.9,0.0,85,missed,attended,131,75,94,0,N
P100844,4,2025-05-28,100,Diabetes,28.9,0.3,83,collected,attended,150,50,95,0,N
P100845,1,2024-04-07,90,Pneumonia,40.1,-0.3,73,late,attended,130,89,93,0,N
P100845,2,2024-04-14,90,Pneumonia,40.1,-0.0,79,collected,attended,135,68,93,0,N
P100845,3,2024-04-21,90,Pneumonia,40.1,0.4,57,collected,scheduled,149,93,94,0,N
P100845,4,2024-04-28,90,Pneumonia,40.1,0.7,73,collected,scheduled,134,80,94,0,N
P100846,1,2024-02-10,83,Kidney disease,26.9,0.4,82,late,attended,127,70,96,0,N
P100846,2,2024-02-17,83,Kidney disease,26.9,0.0,91,collected,missed,111,81,92,0,N
P100846,3,2024-02-24,83,Kidney disease,26.9,0.7,91,collected,missed,105,85,98,0,N
P100846,4,2024-03-02,83,Kidney disease,26.9,0.6,82,collected,attended,149,77,94,0,N
P100847,1,2025-03-09,66,Sepsis,13.0,0.0,64,late,scheduled,155,79,97,0,N
P100847,2,2025-03-16,66,Sepsis,13.0,-0.2,84,collected,attended,174,78,95,0,N
P100847,3,2025-03-23,66,Sepsis,13.0,-1.0,99,collected,attended,158,67,94,0,N
P100847,4,2025-03-30,66,Sepsis,13.0,0.3,62,collected,missed,130,90,96,0,N
P100848,1,2024-09-21,42,Kidney disease,19.8,-0.6,84,collected,attended,111,82,99,0,N
P100848,2,2024-09-28,42,Kidney disease,19.8,-0.3,87,collected,attended,103,71,99,0,N
P100848,3,2024-10-05,42,Kidney disease,19.8,-1.0,81,collected,attended,126,92,96,0,N
P100848,4,2024-10-12,42,Kidney disease,19.8,-0.8,83,collected,scheduled,101,76,93,0,N
P100849,1,2024-03-04,89,Stroke,42.6,0.3,100,collected,scheduled,140,85,100,1,N
P100849,2,2024-03-11,89,Stroke,42.6,0.5,81,missed,attended,122,95,94,1,N
P100849,3,2024-03-18,89,Stroke,42.6,0.3,75,collected,scheduled,130,74,97,1,Y
P100849,4,2024-03-25,89,Stroke,42.6,0.9,85,late,scheduled,128,75,99,1,Y
P100850,1,2024-02-21,82,Heart failure,21.4,-1.5,92,missed,attended,167,90,98,0,N
P100850,2,2024-02-28,82,Heart failure,21.4,-1.4,83,collected,attended,141,81,96,0,N
P100850,3,2024-03-06,82,Heart failure,21.4,-1.2,81,missed,scheduled,123,74,96,0,N
P100850,4,2024-03-13,82,Heart failure,21.4,-0.8,84,collected,missed,150,75,99,0,N
P100851,1,2025-06-20,66,COPD,14.2,-0.1,85,collected,attended,136,103,96,0,N
P100851,2,2025-06-27,66,COPD,14.2,0.4,100,collected,attended,139,80,92,0,N
P100851,3,2025-07-04,66,COPD,14.2,0.8,92,collected,scheduled,134,67,93,0,N
P100851,4,2025-07-11,66,COPD,14.2,1.1,65,collected,attended,125,87,97,0,N
P100852,1,2025-06-27,71,Hip fracture,16.8,0.8,91,collected,scheduled,141,73,93,0,N
P100852,2,2025-07-04,71,Hip fracture,16.8,0.2,83,collected,attended,104,82,96,0,N
P100852,3,2025-07-11,71,Hip fracture,16.8,-0.1,96,collected,attended,126,68,96,0,N
P100852,4,2025-07-18,71,Hip fracture,16.8,-0.1,91,late,scheduled,124,81,93,0,N
P100853,1,2024-06-29,81,Heart failure,23.1,0.2,99,collected,attended,132,75,95,0,N
P100853,2,2024-07-06,81,Heart failure,23.1,0.0,91,collected,scheduled,146,74,99,0,N
P100853,3,2024-07-13,81,Heart failure,23.1,2.6,100,collected,scheduled,146,94,96,0,N
P100853,4,2024-07-20,81,Heart failure,23.1,2.4,82,collected,missed,130,87,95,0,N
P100854,1,2025-07-08,34,Kidney disease,11.9,0.7,90,collected,attended,119,92,94,0,N
P100854,2,2025-07-15,34,Kidney disease,11.9,1.4,92,collected,attended,162,83,95,0,N
P100854,3,2025-07-22,34,Kidney disease,11.9,1.3,81,collected,attended,122,79,99,0,N
P100854,4,2025-07-29,34,Kidney disease,11.9,1.0,99,collected,attended,167,92,98,0,N
P100855,1,2025-06-19,41,Kidney disease,31.0,-0.4,72,collected,scheduled,118,79,96,0,N
P100855,2,2025-06-26,41,Kidney disease,31.0,0.9,84,collected,scheduled,134,71,95,0,N
P100855,3,2025-07-03,41,Kidney disease,31.0,0.5,88,collected,attended,135,84,97,0,N
P100855,4,2025-07-10,41,Kidney disease,31.0,0.8,93,collected,attended,114,92,97,0,N
P100856,1,2024-12-24,81,Heart failure,15.4,-0.6,91,collected,scheduled,139,89,96,0,N
P100856,2,2024-12-31,81,Heart failure,15.4,-0.5,86,collected,attended,121,61,96,0,N
P100856,3,2025-01-07,81,Heart failure,15.4,-0.8,74,collected,attended,149,89,97,0,N
P100856,4,2025-01-14,81,Heart failure,15.4,-0.8,82,collected,missed,143,73,95,0,N
P100857,1,2025-01-28,58,Sepsis,21.4,1.1,86,collected,scheduled,115,63,92,0,N
P100857,2,2025-02-04,58,Sepsis,21.4,0.4,85,late,scheduled,131,56,95,0,N
P100857,3,2025-02-11,58,Sepsis,21.4,1.2,86,missed,attended,129,78,97,0,N
P100857,4,2025-02-18,58,Sepsis,21.4,2.3,84,collected,scheduled,147,67,95,0,N
P100858,1,2024-06-09,56,Kidney disease,31.0,0.6,74,collected,scheduled,121,81,94,1,N
P100858,2,2024-06-16,56,Kidney disease,31.0,0.6,80,collected,scheduled,119,86,95,1,N
P100858,3,2024-06-23,56,Kidney disease,31.0,1.2,59,missed,missed,132,89,95,1,Y
P100858,4,2024-06-30,56,Kidney disease,31.0,1.6,74,collected,missed,155,87,94,1,Y
P100859,1,2024-04-16,79,Kidney disease,31.0,-0.3,83,collected,missed,127,92,97,0,N
P100859,2,2024-04-23,79,Kidney disease,31.0,-1.0,83,collected,attended,107,91,95,0,N
P100859,3,2024-04-30,79,Kidney disease,31.0,-1.1,83,collected,scheduled,124,85,98,0,N
P100859,4,2024-05-07,79,Kidney disease,31.0,-0.3,89,collected,attended,146,97,96,0,N
P100860,1,2024-06-26,67,Heart failure,23.1,-0.2,76,collected,scheduled,128,88,96,0,N
P100860,2,2024-07-03,67,Heart failure,23.1,-0.7,87,collected,scheduled,122,91,96,0,N
P100860,3,2024-07-10,67,Heart failure,23.1,-1.5,99,collected,scheduled,134,72,95,0,N
P100860,4,2024-07-17,67,Heart failure,23.1,-2.0,96,collected,attended,122,67,95,0,N
P100861,1,2024-05-07,66,Pneumonia,23.1,-0.9,92,late,scheduled,137,68,94,0,N
P100861,2,2024-05-14,66,Pneumonia,23.1,-0.9,90,collected,scheduled,153,60,94,0,N
P100861,3,2024-05-21,66,Pneumonia,23.1,-0.7,88,collected,attended,119,93,94,0,N
P100861,4,2024-05-28,66,Pneumonia,23.1,-0.3,100,collected,scheduled,151,69,95,0,N
P100862,1,2024-06-20,74,Stroke,16.8,0.1,82,missed,scheduled,121,98,99,0,N
P100862,2,2024-06-27,74,Stroke,16.8,-0.3,100,collected,attended,134,65,94,0,N
P100862,3,2024-07-04,74,Stroke,16.8,-0.4,95,late,attended,108,90,97,0,N
P100862,4,2024-07-11,74,Stroke,16.8,-1.7,100,collected,scheduled,122,81,99,0,N
P100863,1,2025-05-02,77,Hip fracture,23.1,-0.3,86,collected,attended,133,101,97,0,N
P100863,2,2025-05-09,77,Hip fracture,23.1,-0.3,94,collected,scheduled,111,70,95,0,N
P100863,3,2025-05-16,77,Hip fracture,23.1,0.2,95,collected,scheduled,139,85,98,0,N
P100863,4,2025-05-23,77,Hip fracture,23.1,0.7,68,collected,scheduled,128,81,94,0,N
P100864,1,2025-04-23,55,Diabetes,19.8,-0.3,81,collected,attended,144,85,96,0,N
P100864,2,2025-04-30,55,Diabetes,19.8,-0.7,71,collected,attended,129,82,94,0,N
P100864,3,2025-05-07,55,Diabetes,19.8,-1.7,82,collected,attended,113,59,98,0,N
P100864,4,2025-05-14,55,Diabetes,19.8,-1.6,69,collected,attended,119,77,98,0,N
P100865,1,2024-08-01,96,Other,19.8,-1.0,77,missed,scheduled,125,65,94,1,N
P100865,2,2024-08-08,96,Other,19.8,-1.7,85,collected,scheduled,154,81,96,1,N
P100865,3,2024-08-15,96,Other,19.8,-1.7,100,collected,missed,154,66,97,1,Y
P100865,4,2024-08-22,96,Other,19.8,-1.0,94,collected,scheduled,133,84,93,1,Y
P100866,1,2024-02-16,76,Diabetes,16.8,0.1,74,late,scheduled,143,79,95,1,N
P100866,2,2024-02-23,76,Diabetes,16.8,-0.2,91,collected,attended,136,94,95,1,N
P100866,3,2024-03-01,76,Diabetes,16.8,0.3,100,missed,attended,143,65,100,1,Y
P100866,4,2024-03-08,76,Diabetes,16.8,1.2,74,collected,missed,152,76,95,1,Y
P100867,1,2024-10-06,100,COPD,18.2,-0.2,76,collected,attended,123,78,97,0,N
P100867,2,2024-10-13,100,COPD,18.2,0.2,94,collected,attended,149,74,92,0,N
P100867,3,2024-10-20,100,COPD,18.2,-0.8,78,missed,attended,153,80,97,0,N
P100867,4,2024-10-27,100,COPD,18.2,-2.2,82,collected,scheduled,111,60,95,0,N
P100868,1,2024-10-26,56,Hip fracture,18.2,-0.6,90,collected,attended,111,74,97,0,N
P100868,2,2024-11-02,56,Hip fracture,18.2,-0.4,88,collected,scheduled,121,60,96,0,N
P100868,3,2024-11-09,56,Hip fracture,18.2,-0.4,99,collected,scheduled,136,94,94,0,N
P100868,4,2024-11-16,56,Hip fracture,18.2,0.3,87,collected,attended,116,54,99,0,N
P100869,1,2025-08-07,72,COPD,18.2,0.1,78,missed,attended,130,62,97,0,N
P100869,2,2025-08-14,72,COPD,18.2,-0.2,68,late,attended,134,81,98,0,N
P100869,3,2025-08-21,72,COPD,18.2,-0.4,92,collected,scheduled,125,85,96,0,N
P100869,4,2025-08-28,72,COPD,18.2,-0.4,83,collected,scheduled,127,82,98,0,N
P100870,1,2024-08-04,71,Diabetes,18.2,0.2,94,late,attended,147,104,95,0,N
P100870,2,2024-08-11,71,Diabetes,18.2,-0.3,83,collected,attended,140,85,96,0,N
P100870,3,2024-08-18,71,Diabetes,18.2,-0.9,84,collected,attended,169,63,96,0,N
P100870,4,2024-08-25,71,Diabetes,18.2,-1.2,86,collected,attended,147,75,95,0,N
P100871,1,2024-04-29,74,Heart failure,15.4,-0.7,87,collected,scheduled,132,82,99,0,N
P100871,2,2024-05-06,74,Heart failure,15.4,0.2,92,collected,scheduled,131,77,97,0,N
P100871,3,2024-05-13,74,Heart failure,15.4,0.4,100,collected,attended,138,95,97,0,N
P100871,4,2024-05-20,74,Heart failure,15.4,0.4,83,late,attended,112,65,98,0,N
P100872,1,2024-08-16,67,Other,21.4,1.5,66,late,missed,132,111,95,1,N
P100872,2,2024-08-23,67,Other,21.4,2.0,71,collected,attended,128,91,96,1,N
P100872,3,2024-08-30,67,Other,21.4,1.2,70,collected,missed,138,82,95,1,Y
P100872,4,2024-09-06,67,Other,21.4,0.4,67,late,missed,123,72,99,1,Y
P100873,1,2024-06-27,75,COPD,33.2,-0.2,82,missed,scheduled,129,90,98,0,N
P100873,2,2024-07-04,75,COPD,33.2,-1.1,70,late,scheduled,139,95,95,0,N
P100873,3,2024-07-11,75,COPD,33.2,-0.7,88,late,attended,125,71,95,0,N
P100873,4,2024-07-18,75,COPD,33.2,-0.7,49,late,scheduled,148,69,96,0,N
P100874,1,2024-10-08,64,COPD,19.8,0.3,80,collected,attended,149,91,100,0,N
P100874,2,2024-10-15,64,COPD,19.8,0.2,97,collected,attended,122,75,94,0,N
P100874,3,2024-10-22,64,COPD,19.8,-0.3,100,collected,attended,116,75,95,0,N
P100874,4,2024-10-29,64,COPD,19.8,-0.3,77,collected,attended,121,73,94,0,N
P100875,1,2024-12-19,56,Diabetes,18.2,-0.5,84,collected,attended,129,67,95,0,N
P100875,2,2024-12-26,56,Diabetes,18.2,0.5,88,collected,missed,144,70,95,0,N
P100875,3,2025-01-02,56,Diabetes,18.2,-0.4,81,collected,attended,132,74,95,0,N
P100875,4,2025-01-09,56,Diabetes,18.2,-0.3,98,late,attended,139,92,96,0,N
P100876,1,2025-01-14,74,Heart failure,19.8,-0.9,79,late,attended,148,73,95,0,N
P100876,2,2025-01-21,74,Heart failure,19.8,-1.0,81,collected,scheduled,123,62,97,0,N
P100876,3,2025-01-28,74,Heart failure,19.8,-0.6,91,missed,scheduled,126,62,93,0,N
P100876,4,2025-02-04,74,Heart failure,19.8,-0.2,100,collected,scheduled,121,94,99,0,N
P100877,1,2024-09-03,57,Other,19.8,-0.1,80,collected,attended,130,78,99,0,N
P100877,2,2024-09-10,57,Other,19.8,0.3,91,collected,scheduled,129,85,95,0,N
P100877,3,2024-09-17,57,Other,19.8,1.2,100,collected,attended,128,90,98,0,N
P100877,4,2024-09-24,57,Other,19.8,2.1,76,collected,attended,119,86,92,0,N
P100878,1,2024-03-04,41,Diabetes,15.4,0.7,77,collected,attended,141,90,99,0,N
P100878,2,2024-03-11,41,Diabetes,15.4,1.4,95,collected,attended,161,65,100,0,N
P100878,3,2024-03-18,41,Diabetes,15.4,0.7,85,collected,attended,132,81,94,0,N
P100878,4,2024-03-25,41,Diabetes,15.4,1.2,78,collected,scheduled,135,92,98,0,N
P100879,1,2024-09-22,76,Pneumonia,13.0,-0.5,94,collected,attended,139,99,95,0,N
P100879,2,2024-09-29,76,Pneumonia,13.0,-1.2,94,collected,attended,148,61,99,0,N
P100879,3,2024-10-06,76,Pneumonia,13.0,0.1,93,collected,scheduled,138,82,94,0,N
P100879,4,2024-10-13,76,Pneumonia,13.0,0.3,80,collected,scheduled,122,84,96,0,N
P100880,1,2024-04-06,62,Pneumonia,15.4,0.3,96,collected,attended,151,78,97,0,N
P100880,2,2024-04-13,62,Pneumonia,15.4,-0.3,88,collected,attended,129,55,100,0,N
P100880,3,2024-04-20,62,Pneumonia,15.4,-0.1,65,collected,attended,128,77,96,0,N
P100880,4,2024-04-27,62,Pneumonia,15.4,-1.2,100,collected,missed,138,73,93,0,N
P100881,1,2024-07-12,78,Other,13.0,0.9,95,collected,attended,131,64,97,0,N
P100881,2,2024-07-19,78,Other,13.0,0.4,100,collected,scheduled,105,81,95,0,N
P100881,3,2024-07-26,78,Other,13.0,0.6,94,collected,attended,127,75,93,0,N
P100881,4,2024-08-02,78,Other,13.0,0.5,85,collected,attended,133,82,96,0,N
P100882,1,2025-02-19,68,Heart failure,21.4,-0.4,89,collected,attended,130,76,96,1,N
P100882,2,2025-02-26,68,Heart failure,21.4,-0.0,91,collected,attended,99,73,97,1,N
P100882,3,2025-03-05,68,Heart failure,21.4,0.4,98,missed,attended,149,72,94,1,Y
P100882,4,2025-03-12,68,Heart failure,21.4,0.6,72,late,missed,142,97,92,1,Y
P100883,1,2024-08-19,75,Other,18.2,-0.4,100,collected,attended,124,73,94,0,N
P100883,2,2024-08-26,75,Other,18.2,-0.8,93,collected,attended,145,72,94,0,N
P100883,3,2024-09-02,75,Other,18.2,-0.2,85,collected,scheduled,103,78,96,0,N
P100883,4,2024-09-09,75,Other,18.2,-0.5,87,collected,attended,158,73,93,0,N
P100884,1,2024-05-23,64,Pneumonia,26.9,0.6,72,late,scheduled,142,81,96,1,N
P100884,2,2024-05-30,64,Pneumonia,26.9,0.7,62,late,scheduled,151,67,93,1,N
P100884,3,2024-06-06,64,Pneumonia,26.9,1.2,77,missed,attended,124,71,96,1,Y
P100884,4,2024-06-13,64,Pneumonia,26.9,0.2,70,late,attended,151,76,96,1,Y
P100885,1,2025-05-17,57,Stroke,25.0,0.2,96,collected,attended,121,68,98,0,N
P100885,2,2025-05-24,57,Stroke,25.0,0.5,95,collected,attended,120,88,94,0,N
P100885,3,2025-05-31,57,Stroke,25.0,0.4,90,collected,attended,115,72,92,0,N
P100885,4,2025-06-07,57,Stroke,25.0,0.6,87,late,attended,127,78,94,0,N
P100886,1,2024-07-31,71,Kidney disease,21.4,-0.0,84,collected,attended,142,70,94,0,N
P100886,2,2024-08-07,71,Kidney disease,21.4,-0.1,75,collected,attended,169,97,92,0,N
P100886,3,2024-08-14,71,Kidney disease,21.4,-0.1,81,collected,attended,133,90,98,0,N
P100886,4,2024-08-21,71,Kidney disease,21.4,-0.2,95,late,missed,137,89,92,0,N
P100887,1,2024-08-19,46,Pneumonia,21.4,-0.4,100,late,missed,127,62,97,0,N
P100887,2,2024-08-26,46,Pneumonia,21.4,0.5,80,missed,attended,131,79,96,0,N
P100887,3,2024-09-02,46,Pneumonia,21.4,-0.5,89,collected,scheduled,115,75,97,0,N
P100887,4,2024-09-09,46,Pneumonia,21.4,-0.4,82,collected,attended,144,76,99,0,N
P100888,1,2024-09-16,80,Hip fracture,16.8,-0.2,86,collected,scheduled,133,81,98,0,N
P100888,2,2024-09-23,80,Hip fracture,16.8,0.1,100,collected,attended,120,78,97,0,N
P100888,3,2024-09-30,80,Hip fracture,16.8,-1.0,90,collected,missed,146,65,93,0,N
P100888,4,2024-10-07,80,Hip fracture,16.8,-1.8,100,collected,attended,120,73,92,0,N
P100889,1,2024-08-09,67,Kidney disease,16.8,0.3,99,collected,scheduled,123,92,98,0,N
P100889,2,2024-08-16,67,Kidney disease,16.8,-0.3,88,collected,attended,133,83,95,0,N
P100889,3,2024-08-23,67,Kidney disease,16.8,0.5,91,late,scheduled,126,82,98,0,N
P100889,4,2024-08-30,67,Kidney disease,16.8,-0.9,92,collected,scheduled,128,99,96,0,N
P100890,1,2024-10-28,41,Diabetes,15.4,0.5,100,collected,attended,140,68,96,0,N
P100890,2,2024-11-04,41,Diabetes,15.4,1.2,99,collected,attended,129,73,95,0,N
P100890,3,2024-11-11,41,Diabetes,15.4,1.7,83,collected,attended,117,70,98,0,N
P100890,4,2024-11-18,41,Diabetes,15.4,2.6,83,collected,attended,140,81,96,0,N
P100891,1,2025-08-28,59,Other,19.8,1.5,100,collected,attended,133,88,94,1,N
P100891,2,2025-09-04,59,Other,19.8,2.1,76,collected,missed,136,89,98,1,N
P100891,3,2025-09-11,59,Other,19.8,1.9,88,late,attended,114,74,94,1,Y
P100891,4,2025-09-18,59,Other,19.8,2.8,85,collected,attended,143,74,94,1,Y
P100892,1,2025-04-06,60,Other,13.0,0.6,95,collected,attended,115,95,97,0,N
P100892,2,2025-04-13,60,Other,13.0,0.7,96,collected,attended,165,76,94,0,N
P100892,3,2025-04-20,60,Other,13.0,0.5,100,collected,scheduled,145,91,97,0,N
P100892,4,2025-04-27,60,Other,13.0,0.4,93,missed,attended,113,80,97,0,N
P100893,1,2025-08-15,80,COPD,31.0,-0.8,68,collected,missed,122,86,96,0,N
P100893,2,2025-08-22,80,COPD,31.0,-1.3,75,collected,attended,145,86,95,0,N
P100893,3,2025-08-29,80,COPD,31.0,-1.4,82,collected,attended,132,85,98,0,N
P100893,4,2025-09-05,80,COPD,31.0,-1.5,84,collected,scheduled,127,77,93,0,N
P100894,1,2024-12-02,61,Hip fracture,23.1,0.3,99,collected,attended,131,89,95,0,N
P100894,2,2024-12-09,61,Hip fracture,23.1,0.9,100,missed,scheduled,104,88,95,0,N
P100894,3,2024-12-16,61,Hip fracture,23.1,1.5,86,collected,attended,130,88,94,0,N
P100894,4,2024-12-23,61,Hip fracture,23.1,1.0,82,collected,scheduled,109,83,96,0,N
P100895,1,2024-11-02,66,Other,19.8,-0.2,96,collected,scheduled,139,95,95,0,N
P100895,2,2024-11-09,66,Other,19.8,-1.8,95,collected,attended,111,94,94,0,N
P100895,3,2024-11-16,66,Other,19.8,-1.5,87,late,scheduled,118,80,95,0,N
P100895,4,2024-11-23,66,Other,19.8,-1.7,87,collected,attended,154,85,96,0,N
P100896,1,2025-06-06,88,Heart failure,14.2,-0.9,89,collected,attended,117,80,94,0,N
P100896,2,2025-06-13,88,Heart failure,14.2,-0.4,94,collected,attended,121,74,96,0,N
P100896,3,2025-06-20,88,Heart failure,14.2,-0.4,87,collected,attended,146,84,97,0,N
P100896,4,2025-06-27,88,Heart failure,14.2,0.8,75,late,scheduled,137,88,96,0,N
P100897,1,2025-08-11,87,Diabetes,28.9,0.5,45,collected,scheduled,142,110,97,0,N
P100897,2,2025-08-18,87,Diabetes,28.9,0.3,76,collected,scheduled,161,93,96,0,N
P100897,3,2025-08-25,87,Diabetes,28.9,0.1,75,collected,missed,132,90,97,0,N
P100897,4,2025-09-01,87,Diabetes,28.9,-0.7,84,late,scheduled,125,76,93,0,N
P100898,1,2025-01-23,100,COPD,18.2,-0.1,71,collected,attended,144,85,98,0,N
P100898,2,2025-01-30,100,COPD,18.2,0.9,87,collected,attended,126,72,94,0,N
P100898,3,2025-02-06,100,COPD,18.2,1.6,81,late,scheduled,134,92,96,0,N
P100898,4,2025-02-13,100,COPD,18.2,1.5,96,collected,attended,138,77,98,0,N
P100899,1,2024-06-24,60,Stroke,11.9,0.4,73,collected,attended,137,97,95,0,N
P100899,2,2024-07-01,60,Stroke,11.9,-0.3,96,collected,attended,130,71,96,0,N
P100899,3,2024-07-08,60,Stroke,11.9,0.4,100,collected,attended,144,81,97,0,N
P100899,4,2024-07-15,60,Stroke,11.9,0.3,98,collected,scheduled,133,66,97,0,N
P100900,1,2024-10-31,77,Kidney disease,25.0,-1.2,93,missed,attended,131,84,93,0,N
P100900,2,2024-11-07,77,Kidney disease,25.0,-0.9,85,late,attended,139,75,96,0,N
P100900,3,2024-11-14,77,Kidney disease,25.0,-1.7,81,collected,scheduled,145,81,96,0,N
P100900,4,2024-11-21,77,Kidney disease,25.0,-2.8,94,collected,attended,131,59,97,0,N
P100901,1,2024-10-10,72,Other,16.8,-0.6,76,late,missed,148,97,95,0,N
P100901,2,2024-10-17,72,Other,16.8,-0.8,66,collected,missed,142,74,93,0,N
P100901,3,2024-10-24,72,Other,16.8,-1.4,85,missed,missed,127,95,94,0,N
P100901,4,2024-10-31,72,Other,16.8,-0.9,91,late,attended,150,87,98,0,N
P100902,1,2024-03-14,47,Heart failure,18.2,-0.8,100,collected,scheduled,146,88,95,0,N
P100902,2,2024-03-21,47,Heart failure,18.2,-1.2,100,missed,attended,143,67,97,0,N
P100902,3,2024-03-28,47,Heart failure,18.2,0.2,85,collected,attended,114,94,99,0,N
P100902,4,2024-04-04,47,Heart failure,18.2,0.8,66,collected,attended,138,76,95,0,N
P100903,1,2025-01-05,63,Heart failure,16.8,0.2,85,collected,missed,134,73,96,0,N
P100903,2,2025-01-12,63,Heart failure,16.8,-0.3,97,collected,scheduled,112,82,93,0,N
P100903,3,2025-01-19,63,Heart failure,16.8,0.2,89,collected,attended,122,105,97,0,N
P100903,4,2025-01-26,63,Heart failure,16.8,-0.1,77,missed,scheduled,118,79,94,0,N
P100904,1,2024-12-12,59,Diabetes,14.2,-1.0,97,late,attended,121,94,98,0,N
P100904,2,2024-12-19,59,Diabetes,14.2,-1.2,100,collected,attended,140,78,95,0,N
P100904,3,2024-12-26,59,Diabetes,14.2,-1.2,82,late,attended,123,54,95,0,N
P100904,4,2025-01-02,59,Diabetes,14.2,-0.8,61,collected,scheduled,161,78,97,0,N
P100905,1,2024-07-06,83,Diabetes,21.4,-0.0,74,collected,attended,137,76,93,1,N
P100905,2,2024-07-13,83,Diabetes,21.4,-0.4,92,missed,attended,110,82,97,1,N
P100905,3,2024-07-20,83,Diabetes,21.4,0.0,100,collected,missed,132,77,98,1,Y
P100905,4,2024-07-27,83,Diabetes,21.4,0.8,66,collected,attended,126,80,97,1,Y
P100906,1,2024-06-02,60,Hip fracture,18.2,1.0,63,collected,scheduled,134,96,95,0,N
P100906,2,2024-06-09,60,Hip fracture,18.2,0.4,92,collected,attended,135,74,99,0,N
P100906,3,2024-06-16,60,Hip fracture,18.2,0.4,69,collected,attended,131,84,92,0,N
P100906,4,2024-06-23,60,Hip fracture,18.2,0.4,86,collected,attended,135,91,94,0,N
P100907,1,2025-05-19,61,Other,13.0,-1.1,74,collected,attended,109,75,96,1,N
P100907,2,2025-05-26,61,Other,13.0,-0.5,85,collected,scheduled,114,60,98,1,N
P100907,3,2025-06-02,61,Other,13.0,-1.4,72,collected,attended,137,85,96,1,Y
P100907,4,2025-06-09,61,Other,13.0,-1.5,72,collected,scheduled,128,81,96,1,Y
P100908,1,2024-09-05,71,Other,13.0,-0.2,96,collected,attended,141,92,94,0,N
P100908,2,2024-09-12,71,Other,13.0,-0.1,88,late,attended,132,80,97,0,N
P100908,3,2024-09-19,71,Other,13.0,-0.1,78,collected,scheduled,119,66,98,0,N
P100908,4,2024-09-26,71,Other,13.0,0.3,82,collected,attended,125,84,93,0,N
P100909,1,2024-08-19,79,Hip fracture,31.0,-1.2,86,collected,attended,144,63,95,0,N
P100909,2,2024-08-26,79,Hip fracture,31.0,-1.9,100,collected,attended,115,97,97,0,N
P100909,3,2024-09-02,79,Hip fracture,31.0,-3.4,90,collected,attended,129,66,96,0,N
P100909,4,2024-09-09,79,Hip fracture,31.0,-3.6,93,collected,attended,135,86,95,0,N
P100910,1,2024-06-01,61,Kidney disease,15.4,-1.2,89,collected,attended,108,64,97,0,N
P100910,2,2024-06-08,61,Kidney disease,15.4,-0.8,97,collected,attended,129,76,98,0,N
P100910,3,2024-06-15,61,Kidney disease,15.4,-1.8,70,collected,attended,134,78,93,0,N
P100910,4,2024-06-22,61,Kidney disease,15.4,-2.3,90,late,scheduled,136,82,98,0,N
P100911,1,2024-05-03,82,COPD,33.2,0.0,93,collected,missed,138,87,97,1,N
P100911,2,2024-05-10,82,COPD,33.2,0.4,98,collected,attended,136,67,98,1,N
P100911,3,2024-05-17,82,COPD,33.2,0.5,84,collected,attended,125,81,95,1,Y
P100911,4,2024-05-24,82,COPD,33.2,1.5,74,collected,scheduled,131,78,96,1,Y
P100912,1,2025-07-09,46,Other,15.4,0.8,91,collected,attended,145,82,96,0,N
P100912,2,2025-07-16,46,Other,15.4,0.9,97,collected,attended,116,74,92,0,N
P100912,3,2025-07-23,46,Other,15.4,0.1,100,collected,attended,133,58,96,0,N
P100912,4,2025-07-30,46,Other,15.4,0.5,72,collected,scheduled,116,79,99,0,N
P100913,1,2024-04-15,64,COPD,40.1,-1.3,86,collected,attended,109,91,97,0,N
P100913,2,2024-04-22,64,COPD,40.1,-2.3,86,collected,attended,137,70,98,0,N
P100913,3,2024-04-29,64,COPD,40.1,-1.8,83,late,scheduled,131,105,96,0,N
P100913,4,2024-05-06,64,COPD,40.1,-1.1,83,collected,scheduled,153,76,98,0,N
P100914,1,2024-05-22,69,Heart failure,14.2,0.0,83,collected,scheduled,136,57,98,0,N
P100914,2,2024-05-29,69,Heart failure,14.2,0.3,100,late,attended,131,78,94,0,N
P100914,3,2024-06-05,69,Heart failure,14.2,0.8,100,collected,scheduled,159,85,96,0,N
P100914,4,2024-06-12,69,Heart failure,14.2,1.3,90,collected,attended,133,57,94,0,N
P100915,1,2024-09-13,72,Heart failure,19.8,-0.1,75,late,missed,132,77,98,1,N
P100915,2,2024-09-20,72,Heart failure,19.8,-0.7,70,late,missed,125,72,92,1,N
P100915,3,2024-09-27,72,Heart failure,19.8,-0.3,71,missed,missed,159,81,93,1,Y
P100915,4,2024-10-04,72,Heart failure,19.8,0.4,67,collected,scheduled,116,84,97,1,Y
P100916,1,2025-06-23,74,Stroke,19.8,0.2,91,missed,scheduled,130,81,94,0,N
P100916,2,2025-06-30,74,Stroke,19.8,-0.9,100,collected,attended,135,88,97,0,N
P100916,3,2025-07-07,74,Stroke,19.8,-1.6,85,collected,scheduled,154,87,95,0,N
P100916,4,2025-07-14,74,Stroke,19.8,-2.6,93,collected,scheduled,136,53,95,0,N
P100917,1,2025-06-25,81,Heart failure,21.4,1.3,85,late,attended,124,77,96,0,N
P100917,2,2025-07-02,81,Heart failure,21.4,1.9,95,missed,attended,124,80,100,0,N
P100917,3,2025-07-09,81,Heart failure,21.4,1.8,82,collected,attended,139,99,96,0,N
P100917,4,2025-07-16,81,Heart failure,21.4,2.0,86,collected,attended,130,76,95,0,N
P100918,1,2025-03-08,53,Heart failure,15.4,0.1,59,collected,scheduled,165,103,97,1,N
P100918,2,2025-03-15,53,Heart failure,15.4,0.1,53,missed,missed,143,91,96,1,N
P100918,3,2025-03-22,53,Heart failure,15.4,-0.5,86,collected,missed,140,99,94,1,Y
P100918,4,2025-03-29,53,Heart failure,15.4,-0.3,86,collected,missed,142,75,96,1,Y
P100919,1,2025-08-25,79,COPD,37.8,-0.4,79,collected,attended,149,83,97,0,N
P100919,2,2025-09-01,79,COPD,37.8,0.9,89,collected,scheduled,106,72,97,0,N
P100919,3,2025-09-08,79,COPD,37.8,0.7,76,collected,attended,140,73,94,0,N
P100919,4,2025-09-15,79,COPD,37.8,0.6,87,late,attended,121,79,95,0,N
P100920,1,2025-05-15,60,Stroke,13.0,-0.1,97,missed,attended,112,71,99,0,N
P100920,2,2025-05-22,60,Stroke,13.0,-0.7,81,collected,scheduled,97,62,94,0,N
P100920,3,2025-05-29,60,Stroke,13.0,-1.6,78,collected,scheduled,153,62,97,0,N
P100920,4,2025-06-05,60,Stroke,13.0,-1.7,100,collected,attended,138,66,94,0,N
P100921,1,2024-10-01,49,Stroke,11.9,0.5,99,collected,scheduled,120,77,97,0,N
P100921,2,2024-10-08,49,Stroke,11.9,-0.1,87,late,attended,121,78,95,0,N
P100921,3,2024-10-15,49,Stroke,11.9,0.2,92,collected,missed,119,75,96,0,N
P100921,4,2024-10-22,49,Stroke,11.9,-0.5,84,collected,missed,103,78,96,0,N
P100922,1,2025-08-10,91,Other,23.1,0.0,59,collected,attended,127,73,93,0,N
P100922,2,2025-08-17,91,Other,23.1,-0.7,73,collected,attended,157,86,94,0,N
P100922,3,2025-08-24,91,Other,23.1,0.1,83,collected,attended,141,81,97,0,N
P100922,4,2025-08-31,91,Other,23.1,0.1,79,collected,attended,151,88,95,0,N
P100923,1,2025-03-23,62,Heart failure,11.9,0.6,98,missed,attended,152,72,98,1,N
P100923,2,2025-03-30,62,Heart failure,11.9,0.8,92,collected,attended,149,86,95,1,N
P100923,3,2025-04-06,62,Heart failure,11.9,0.9,94,collected,attended,134,78,96,1,Y
P100923,4,2025-04-13,62,Heart failure,11.9,-0.1,87,collected,attended,137,58,95,1,Y
P100924,1,2025-01-05,51,COPD,14.2,-0.4,97,late,scheduled,125,66,92,1,N
P100924,2,2025-01-12,51,COPD,14.2,-1.0,95,missed,attended,138,91,97,1,N
P100924,3,2025-01-19,51,COPD,14.2,-0.6,82,collected,attended,145,78,96,1,Y
P100924,4,2025-01-26,51,COPD,14.2,-1.8,89,collected,scheduled,132,79,94,1,Y
P100925,1,2024-12-01,72,Other,18.2,-0.4,88,collected,attended,139,92,96,1,N
P100925,2,2024-12-08,72,Other,18.2,-0.5,100,collected,attended,128,84,96,1,N
P100925,3,2024-12-15,72,Other,18.2,0.3,95,collected,scheduled,120,78,97,1,Y
P100925,4,2024-12-22,72,Other,18.2,-0.2,87,collected,attended,152,87,95,1,Y
P100926,1,2025-04-30,41,Kidney disease,15.4,0.1,100,collected,attended,100,84,96,0,N
P100926,2,2025-05-07,41,Kidney disease,15.4,-0.6,100,collected,attended,125,68,97,0,N
P100926,3,2025-05-14,41,Kidney disease,15.4,-1.2,74,collected,attended,140,77,95,0,N
P100926,4,2025-05-21,41,Kidney disease,15.4,-2.0,83,collected,missed,145,83,98,0,N
P100927,1,2025-01-19,64,Stroke,18.2,-0.8,95,collected,missed,130,83,92,0,N
P100927,2,2025-01-26,64,Stroke,18.2,-0.2,100,collected,scheduled,141,69,96,0,N
P100927,3,2025-02-02,64,Stroke,18.2,0.1,76,collected,attended,140,69,94,0,N
P100927,4,2025-02-09,64,Stroke,18.2,0.1,93,collected,attended,139,63,96,0,N
P100928,1,2025-08-24,85,Kidney disease,18.2,0.4,100,collected,missed,140,74,98,0,N
P100928,2,2025-08-31,85,Kidney disease,18.2,-0.1,95,collected,attended,111,73,98,0,N
P100928,3,2025-09-07,85,Kidney disease,18.2,0.8,73,collected,scheduled,122,82,98,0,N
P100928,4,2025-09-14,85,Kidney disease,18.2,0.6,85,late,attended,122,76,97,0,N
P100929,1,2024-06-19,80,Pneumonia,19.8,-0.0,73,collected,scheduled,121,65,96,0,N
P100929,2,2024-06-26,80,Pneumonia,19.8,-1.0,69,late,scheduled,143,75,97,0,N
P100929,3,2024-07-03,80,Pneumonia,19.8,-0.9,84,late,attended,130,84,96,0,N
P100929,4,2024-07-10,80,Pneumonia,19.8,-1.4,71,collected,scheduled,131,82,93,0,N
P100930,1,2025-07-28,100,Kidney disease,15.4,0.1,76,collected,scheduled,110,58,97,0,N
P100930,2,2025-08-04,100,Kidney disease,15.4,0.3,87,collected,attended,135,88,96,0,N
P100930,3,2025-08-11,100,Kidney disease,15.4,-0.1,63,collected,missed,121,83,94,0,N
P100930,4,2025-08-18,100,Kidney disease,15.4,0.5,86,collected,attended,111,90,98,0,N
P100931,1,2024-10-13,65,Kidney disease,31.0,-0.1,88,collected,missed,144,70,95,0,N
P100931,2,2024-10-20,65,Kidney disease,31.0,0.1,100,collected,scheduled,136,64,97,0,N
P100931,3,2024-10-27,65,Kidney disease,31.0,0.4,80,collected,attended,149,65,96,0,N
P100931,4,2024-11-03,65,Kidney disease,31.0,0.2,88,collected,attended,155,64,95,0,N
P100932,1,2024-05-09,81,Other,19.8,0.3,91,collected,scheduled,112,99,92,0,N
P100932,2,2024-05-16,81,Other,19.8,0.6,86,collected,missed,155,76,96,0,N
P100932,3,2024-05-23,81,Other,19.8,1.1,87,missed,attended,141,74,96,0,N
P100932,4,2024-05-30,81,Other,19.8,0.7,80,late,scheduled,129,59,98,0,N
P100933,1,2024-09-05,59,Kidney disease,11.9,0.2,65,collected,missed,164,63,96,0,N
P100933,2,2024-09-12,59,Kidney disease,11.9,1.6,77,missed,missed,151,89,97,0,N
P100933,3,2024-09-19,59,Kidney disease,11.9,0.4,83,collected,missed,134,68,96,0,N
P100933,4,2024-09-26,59,Kidney disease,11.9,1.2,79,collected,scheduled,151,94,95,0,N
P100934,1,2025-04-19,89,Hip fracture,25.0,0.9,69,collected,scheduled,122,80,95,0,N
P100934,2,2025-04-26,89,Hip fracture,25.0,1.5,99,missed,missed,151,68,94,0,N
P100934,3,2025-05-03,89,Hip fracture,25.0,0.6,87,collected,scheduled,142,80,93,0,N
P100934,4,2025-05-10,89,Hip fracture,25.0,0.2,94,late,missed,127,91,95,0,N
P100935,1,2024-10-04,73,Diabetes,21.4,0.4,96,collected,scheduled,130,71,96,0,N
P100935,2,2024-10-11,73,Diabetes,21.4,-0.3,95,collected,attended,132,81,96,0,N
P100935,3,2024-10-18,73,Diabetes,21.4,-0.1,88,collected,attended,132,67,98,0,N
P100935,4,2024-10-25,73,Diabetes,21.4,-0.4,96,collected,attended,126,75,95,0,N
P100936,1,2024-01-08,38,Other,15.4,-1.0,82,collected,attended,121,78,96,0,N
P100936,2,2024-01-15,38,Other,15.4,-1.1,78,collected,attended,131,94,97,0,N
P100936,3,2024-01-22,38,Other,15.4,-0.2,87,collected,scheduled,136,98,97,0,N
P100936,4,2024-01-29,38,Other,15.4,-0.4,83,collected,attended,122,65,97,0,N
P100937,1,2024-07-20,48,Kidney disease,13.0,0.3,91,missed,scheduled,131,82,97,0,N
P100937,2,2024-07-27,48,Kidney disease,13.0,-0.2,88,collected,scheduled,136,84,98,0,N
P100937,3,2024-08-03,48,Kidney disease,13.0,-0.2,75,collected,attended,116,86,99,0,N
P100937,4,2024-08-10,48,Kidney disease,13.0,-0.4,95,collected,scheduled,141,73,95,0,N
P100938,1,2024-09-02,44,Heart failure,16.8,0.2,82,collected,missed,141,82,95,0,N
P100938,2,2024-09-09,44,Heart failure,16.8,0.2,91,collected,attended,142,76,96,0,N
P100938,3,2024-09-16,44,Heart failure,16.8,0.9,74,late,attended,105,90,98,0,N
P100938,4,2024-09-23,44,Heart failure,16.8,0.8,87,collected,attended,137,76,95,0,N
P100939,1,2024-07-31,77,Heart failure,28.9,-0.0,91,collected,attended,142,87,99,0,N
P100939,2,2024-08-07,77,Heart failure,28.9,0.5,82,late,scheduled,146,78,96,0,N
P100939,3,2024-08-14,77,Heart failure,28.9,-0.3,82,late,missed,114,98,96,0,N
P100939,4,2024-08-21,77,Heart failure,28.9,-1.4,92,collected,scheduled,138,86,93,0,N
P100940,1,2024-11-10,87,Pneumonia,26.9,-0.3,76,collected,scheduled,130,55,94,0,N
P100940,2,2024-11-17,87,Pneumonia,26.9,-0.7,84,collected,scheduled,134,67,94,0,N
P100940,3,2024-11-24,87,Pneumonia,26.9,-0.9,94,collected,attended,140,73,97,0,N
P100940,4,2024-12-01,87,Pneumonia,26.9,-1.5,83,collected,attended,143,76,96,0,N
P100941,1,2024-01-11,69,Kidney disease,14.2,-1.0,74,collected,missed,123,100,99,0,N
P100941,2,2024-01-18,69,Kidney disease,14.2,-1.2,98,collected,attended,126,74,96,0,N
P100941,3,2024-01-25,69,Kidney disease,14.2,-1.8,92,collected,attended,147,76,97,0,N
P100941,4,2024-02-01,69,Kidney disease,14.2,-1.8,83,collected,attended,100,83,98,0,N
P100942,1,2024-07-15,64,Heart failure,23.1,-1.0,77,collected,attended,131,76,94,0,N
P100942,2,2024-07-22,64,Heart failure,23.1,-1.2,82,late,attended,148,71,94,0,N
P100942,3,2024-07-29,64,Heart failure,23.1,-1.7,75,collected,attended,123,76,100,0,N
P100942,4,2024-08-05,64,Heart failure,23.1,-1.3,80,collected,scheduled,148,84,93,0,N
P100943,1,2025-04-10,51,Other,13.0,-0.4,92,collected,attended,149,95,97,0,N
P100943,2,2025-04-17,51,Other,13.0,-1.6,91,collected,missed,164,77,97,0,N
P100943,3,2025-04-24,51,Other,13.0,-0.5,74,collected,missed,148,69,97,0,N
P100943,4,2025-05-01,51,Other,13.0,-0.2,87,collected,attended,158,75,92,0,N
P100944,1,2025-02-18,58,Hip fracture,11.9,0.3,88,collected,scheduled,145,92,96,0,N
P100944,2,2025-02-25,58,Hip fracture,11.9,-0.5,67,late,attended,146,64,94,0,N
P100944,3,2025-03-04,58,Hip fracture,11.9,-0.6,75,collected,attended,112,88,97,0,N
P100944,4,2025-03-11,58,Hip fracture,11.9,-1.7,91,collected,missed,121,62,97,0,N
P100945,1,2025-06-29,56,Other,16.8,0.2,74,collected,scheduled,142,85,95,0,N
P100945,2,2025-07-06,56,Other,16.8,0.8,93,late,attended,125,68,95,0,N
P100945,3,2025-07-13,56,Other,16.8,0.2,80,collected,scheduled,128,86,98,0,N
P100945,4,2025-07-20,56,Other,16.8,-0.1,100,collected,scheduled,127,77,99,0,N
P100946,1,2024-04-20,54,Stroke,19.8,-0.0,100,collected,scheduled,138,73,97,0,N
P100946,2,2024-04-27,54,Stroke,19.8,1.2,95,collected,scheduled,112,71,97,0,N
P100946,3,2024-05-04,54,Stroke,19.8,1.2,65,collected,attended,122,72,96,0,N
P100946,4,2024-05-11,54,Stroke,19.8,1.5,72,collected,attended,113,57,93,0,N
P100947,1,2024-02-20,41,Pneumonia,11.9,-0.1,83,collected,attended,164,83,96,1,N
P100947,2,2024-02-27,41,Pneumonia,11.9,0.2,67,collected,scheduled,153,77,97,1,N
P100947,3,2024-03-05,41,Pneumonia,11.9,0.3,95,collected,missed,149,90,91,1,Y
P100947,4,2024-03-12,41,Pneumonia,11.9,0.2,77,late,attended,131,88,93,1,Y
P100948,1,2024-05-04,84,Other,18.2,0.7,79,collected,scheduled,127,75,95,0,N
P100948,2,2024-05-11,84,Other,18.2,1.1,100,collected,scheduled,129,69,98,0,N
P100948,3,2024-05-18,84,Other,18.2,0.4,96,collected,attended,133,79,96,0,N
P100948,4,2024-05-25,84,Other,18.2,0.3,89,collected,attended,124,102,97,0,N
P100949,1,2024-12-06,58,Kidney disease,23.1,0.4,85,collected,attended,118,82,96,0,N
P100949,2,2024-12-13,58,Kidney disease,23.1,0.2,84,collected,attended,137,62,99,0,N
P100949,3,2024-12-20,58,Kidney disease,23.1,-0.2,90,collected,scheduled,121,75,92,0,N
P100949,4,2024-12-27,58,Kidney disease,23.1,-0.7,88,collected,scheduled,122,70,95,0,N
P100950,1,2024-03-08,61,Other,19.8,0.1,71,collected,missed,132,65,96,0,N
P100950,2,2024-03-15,61,Other,19.8,0.3,73,late,scheduled,152,71,96,0,N
P100950,3,2024-03-22,61,Other,19.8,0.3,57,late,scheduled,146,94,95,0,N
P100950,4,2024-03-29,61,Other,19.8,1.5,95,late,missed,144,69,96,0,N
P100951,1,2024-11-08,57,Stroke,14.2,-0.2,91,late,scheduled,131,80,95,0,N
P100951,2,2024-11-15,57,Stroke,14.2,-0.8,82,collected,missed,162,85,96,0,N
P100951,3,2024-11-22,57,Stroke,14.2,-0.9,81,missed,scheduled,151,77,95,0,N
P100951,4,2024-11-29,57,Stroke,14.2,-0.3,66,late,attended,118,68,95,0,N
P100952,1,2024-02-20,79,Hip fracture,33.2,-0.1,94,collected,scheduled,151,85,97,0,N
P100952,2,2024-02-27,79,Hip fracture,33.2,0.1,68,collected,missed,135,86,95,0,N
P100952,3,2024-03-05,79,Hip fracture,33.2,-0.8,87,collected,attended,126,75,93,0,N
P100952,4,2024-03-12,79,Hip fracture,33.2,-0.4,95,late,attended,129,79,96,0,N
P100953,1,2024-04-14,50,COPD,11.9,0.2,85,missed,attended,153,71,95,0,N
P100953,2,2024-04-21,50,COPD,11.9,0.5,100,collected,attended,155,67,98,0,N
P100953,3,2024-04-28,50,COPD,11.9,0.3,92,late,attended,129,82,98,0,N
P100953,4,2024-05-05,50,COPD,11.9,-0.5,76,collected,missed,144,77,97,0,N
P100954,1,2025-06-25,49,Diabetes,25.0,-0.0,81,late,attended,132,63,99,1,N
P100954,2,2025-07-02,49,Diabetes,25.0,-0.5,81,late,attended,123,64,95,1,N
P100954,3,2025-07-09,49,Diabetes,25.0,-1.0,99,collected,attended,127,81,97,1,Y
P100954,4,2025-07-16,49,Diabetes,25.0,-0.3,77,missed,attended,117,87,95,1,Y
P100955,1,2024-09-30,60,Heart failure,21.4,-0.1,87,collected,attended,120,79,98,0,N
P100955,2,2024-10-07,60,Heart failure,21.4,-0.3,93,collected,attended,87,68,97,0,N
P100955,3,2024-10-14,60,Heart failure,21.4,-0.1,100,collected,scheduled,140,94,94,0,N
P100955,4,2024-10-21,60,Heart failure,21.4,0.7,97,collected,attended,126,96,97,0,N
P100956,1,2024-04-09,52,Other,13.0,-0.4,80,collected,missed,145,77,98,0,N
P100956,2,2024-04-16,52,Other,13.0,0.2,90,collected,attended,123,71,97,0,N
P100956,3,2024-04-23,52,Other,13.0,-0.2,63,collected,attended,124,74,98,0,N
P100956,4,2024-04-30,52,Other,13.0,-1.0,84,collected,missed,141,79,98,0,N
P100957,1,2025-04-04,68,Kidney disease,16.8,0.1,50,collected,attended,121,86,99,0,N
P100957,2,2025-04-11,68,Kidney disease,16.8,1.4,91,late,attended,111,88,94,0,N
P100957,3,2025-04-18,68,Kidney disease,16.8,2.0,83,collected,missed,166,79,99,0,N
P100957,4,2025-04-25,68,Kidney disease,16.8,0.8,87,missed,attended,121,80,93,0,N
P100958,1,2025-06-03,74,Hip fracture,18.2,0.8,96,collected,scheduled,141,103,97,0,N
P100958,2,2025-06-10,74,Hip fracture,18.2,1.4,59,collected,attended,118,90,98,0,N
P100958,3,2025-06-17,74,Hip fracture,18.2,0.8,88,collected,missed,144,71,96,0,N
P100958,4,2025-06-24,74,Hip fracture,18.2,1.2,98,collected,scheduled,139,81,95,0,N
P100959,1,2024-07-19,54,Heart failure,15.4,-0.5,65,collected,attended,140,83,94,0,N
P100959,2,2024-07-26,54,Heart failure,15.4,-0.8,80,missed,missed,158,71,95,0,N
P100959,3,2024-08-02,54,Heart failure,15.4,-0.7,70,missed,missed,139,78,96,0,N
P100959,4,2024-08-09,54,Heart failure,15.4,-0.3,92,collected,scheduled,149,67,95,0,N
P100960,1,2025-01-17,57,Diabetes,25.0,0.6,100,collected,scheduled,156,81,97,0,N
P100960,2,2025-01-24,57,Diabetes,25.0,1.4,76,collected,attended,153,74,98,0,N
P100960,3,2025-01-31,57,Diabetes,25.0,1.1,76,late,attended,136,89,93,0,N
P100960,4,2025-02-07,57,Diabetes,25.0,1.4,92,collected,attended,138,73,95,0,N
P100961,1,2025-08-04,79,COPD,15.4,-0.6,81,collected,missed,126,71,95,0,N
P100961,2,2025-08-11,79,COPD,15.4,0.5,100,collected,missed,108,80,95,0,N
P100961,3,2025-08-18,79,COPD,15.4,0.5,94,collected,scheduled,132,69,94,0,N
P100961,4,2025-08-25,79,COPD,15.4,-0.0,87,late,scheduled,131,65,96,0,N
P100962,1,2024-10-31,68,Heart failure,15.4,-1.1,89,missed,scheduled,143,74,97,0,N
P100962,2,2024-11-07,68,Heart failure,15.4,-0.7,92,collected,attended,137,74,96,0,N
P100962,3,2024-11-14,68,Heart failure,15.4,0.3,100,collected,scheduled,140,99,98,0,N
P100962,4,2024-11-21,68,Heart failure,15.4,-0.2,79,collected,attended,124,73,96,0,N
P100963,1,2025-07-11,48,Kidney disease,13.0,-1.2,65,late,attended,145,61,95,0,N
P100963,2,2025-07-18,48,Kidney disease,13.0,-1.0,85,collected,attended,139,93,98,0,N
P100963,3,2025-07-25,48,Kidney disease,13.0,-1.1,79,collected,missed,126,88,94,0,N
P100963,4,2025-08-01,48,Kidney disease,13.0,-2.0,74,collected,missed,150,88,98,0,N
P100964,1,2025-04-22,54,Heart failure,25.0,0.2,93,collected,attended,138,70,95,0,N
P100964,2,2025-04-29,54,Heart failure,25.0,-0.1,91,collected,attended,146,94,93,0,N
P100964,3,2025-05-06,54,Heart failure,25.0,-0.5,76,collected,attended,118,74,92,0,N
P100964,4,2025-05-13,54,Heart failure,25.0,-0.9,77,late,scheduled,123,97,95,0,N
P100965,1,2024-11-10,53,Other,13.0,0.6,58,late,missed,123,68,95,1,N
P100965,2,2024-11-17,53,Other,13.0,0.6,90,late,scheduled,127,83,94,1,N
P100965,3,2024-11-24,53,Other,13.0,1.1,84,late,scheduled,138,72,97,1,Y
P100965,4,2024-12-01,53,Other,13.0,1.3,95,late,scheduled,130,87,94,1,Y
P100966,1,2025-06-16,51,Diabetes,16.8,1.3,79,late,attended,145,87,97,1,N
P100966,2,2025-06-23,51,Diabetes,16.8,1.2,68,collected,missed,105,85,99,1,N
P100966,3,2025-06-30,51,Diabetes,16.8,2.2,74,collected,missed,136,91,98,1,Y
P100966,4,2025-07-07,51,Diabetes,16.8,2.3,72,late,missed,141,71,99,1,Y
P100967,1,2024-10-01,74,Other,19.8,-0.7,100,collected,attended,146,102,97,0,N
P100967,2,2024-10-08,74,Other,19.8,-0.4,100,late,attended,129,68,97,0,N
P100967,3,2024-10-15,74,Other,19.8,0.1,71,late,attended,150,66,99,0,N
P100967,4,2024-10-22,74,Other,19.8,-0.0,90,collected,attended,143,73,95,0,N
P100968,1,2025-03-19,91,Pneumonia,42.6,-0.1,100,collected,scheduled,134,73,95,1,N
P100968,2,2025-03-26,91,Pneumonia,42.6,0.6,100,late,attended,124,79,96,1,N
P100968,3,2025-04-02,91,Pneumonia,42.6,0.2,83,collected,attended,147,88,95,1,Y
P100968,4,2025-04-09,91,Pneumonia,42.6,-0.3,85,collected,attended,103,69,96,1,Y
P100969,1,2025-08-27,72,Diabetes,11.9,0.2,87,collected,scheduled,128,98,99,0,N
P100969,2,2025-09-03,72,Diabetes,11.9,-0.2,91,collected,attended,153,66,94,0,N
P100969,3,2025-09-10,72,Diabetes,11.9,-0.4,80,missed,missed,132,59,95,0,N
P100969,4,2025-09-17,72,Diabetes,11.9,0.2,100,late,scheduled,145,67,96,0,N
P100970,1,2024-07-26,67,Other,19.8,-0.3,84,collected,attended,115,62,95,0,N
P100970,2,2024-08-02,67,Other,19.8,-0.3,81,collected,attended,128,86,96,0,N
P100970,3,2024-08-09,67,Other,19.8,-0.1,78,collected,missed,101,85,94,0,N
P100970,4,2024-08-16,67,Other,19.8,-0.7,75,collected,attended,122,98,96,0,N
P100971,1,2024-12-09,69,Other,28.9,-0.4,89,late,attended,118,66,96,0,N
P100971,2,2024-12-16,69,Other,28.9,-0.8,84,collected,attended,120,65,94,0,N
P100971,3,2024-12-23,69,Other,28.9,0.0,95,collected,missed,124,74,98,0,N
P100971,4,2024-12-30,69,Other,28.9,-0.3,93,collected,attended,154,85,96,0,N
P100972,1,2024-11-25,66,COPD,14.2,0.9,77,collected,attended,156,87,95,1,N
P100972,2,2024-12-02,66,COPD,14.2,0.2,83,collected,scheduled,151,84,93,1,N
P100972,3,2024-12-09,66,COPD,14.2,0.1,67,late,scheduled,156,70,96,1,Y
P100972,4,2024-12-16,66,COPD,14.2,-0.1,81,collected,attended,152,68,94,1,Y
P100973,1,2025-08-06,80,Heart failure,19.8,1.3,85,late,missed,133,82,95,1,N
P100973,2,2025-08-13,80,Heart failure,19.8,0.9,82,missed,attended,157,76,93,1,N
P100973,3,2025-08-20,80,Heart failure,19.8,1.7,60,collected,missed,142,90,93,1,Y
P100973,4,2025-08-27,80,Heart failure,19.8,3.0,76,collected,scheduled,153,73,97,1,Y
P100974,1,2025-06-23,73,Other,19.8,0.0,58,collected,attended,133,81,95,0,N
P100974,2,2025-06-30,73,Other,19.8,0.2,100,collected,attended,119,77,95,0,N
P100974,3,2025-07-07,73,Other,19.8,-0.1,78,collected,attended,126,81,97,0,N
P100974,4,2025-07-14,73,Other,19.8,-0.8,88,collected,attended,139,73,96,0,N
P100975,1,2025-06-12,60,Heart failure,14.2,0.0,73,collected,attended,142,75,96,0,N
P100975,2,2025-06-19,60,Heart failure,14.2,1.4,100,collected,missed,120,89,98,0,N
P100975,3,2025-06-26,60,Heart failure,14.2,1.5,99,missed,attended,147,79,98,0,N
P100975,4,2025-07-03,60,Heart failure,14.2,1.1,96,late,scheduled,114,71,98,0,N
P100976,1,2024-09-13,57,Pneumonia,13.0,-0.6,82,collected,attended,105,79,95,0,N
P100976,2,2024-09-20,57,Pneumonia,13.0,-0.8,82,collected,attended,142,85,100,0,N
P100976,3,2024-09-27,57,Pneumonia,13.0,-0.5,85,collected,attended,131,70,92,0,N
P100976,4,2024-10-04,57,Pneumonia,13.0,-0.2,84,late,attended,114,82,97,0,N
P100977,1,2024-08-16,62,Stroke,21.4,0.7,75,late,attended,134,77,90,0,N
P100977,2,2024-08-23,62,Stroke,21.4,1.0,58,collected,attended,144,81,96,0,N
P100977,3,2024-08-30,62,Stroke,21.4,0.3,77,missed,attended,145,78,94,0,N
P100977,4,2024-09-06,62,Stroke,21.4,-0.7,87,missed,missed,154,93,94,0,N
P100978,1,2024-02-29,57,Other,23.1,0.2,92,collected,attended,156,95,99,0,N
P100978,2,2024-03-07,57,Other,23.1,-0.2,78,collected,scheduled,146,67,99,0,N
P100978,3,2024-03-14,57,Other,23.1,-1.5,80,collected,attended,115,84,97,0,N
P100978,4,2024-03-21,57,Other,23.1,-1.4,99,collected,attended,111,84,94,0,N
P100979,1,2024-04-23,71,Stroke,13.0,-0.4,93,collected,attended,111,88,94,0,N
P100979,2,2024-04-30,71,Stroke,13.0,-1.1,100,collected,attended,140,70,98,0,N
P100979,3,2024-05-07,71,Stroke,13.0,-0.7,100,collected,missed,128,86,96,0,N
P100979,4,2024-05-14,71,Stroke,13.0,-0.6,94,collected,attended,141,89,94,0,N
P100980,1,2024-08-06,69,Heart failure,14.2,0.7,95,collected,attended,113,48,94,0,N
P100980,2,2024-08-13,69,Heart failure,14.2,0.4,96,collected,attended,121,71,99,0,N
P100980,3,2024-08-20,69,Heart failure,14.2,1.0,92,collected,missed,145,88,96,0,N
P100980,4,2024-08-27,69,Heart failure,14.2,0.6,86,collected,attended,123,77,97,0,N
P100981,1,2024-10-04,69,Heart failure,19.8,-0.0,100,collected,attended,130,85,96,0,N
P100981,2,2024-10-11,69,Heart failure,19.8,0.1,86,collected,scheduled,133,95,96,0,N
P100981,3,2024-10-18,69,Heart failure,19.8,0.3,90,collected,scheduled,118,96,100,0,N
P100981,4,2024-10-25,69,Heart failure,19.8,-0.2,91,collected,missed,161,61,95,0,N
P100982,1,2024-12-16,61,Other,16.8,0.1,72,collected,attended,132,61,99,0,N
P100982,2,2024-12-23,61,Other,16.8,-1.9,77,collected,attended,119,78,95,0,N
P100982,3,2024-12-30,61,Other,16.8,-1.6,74,collected,scheduled,167,87,98,0,N
P100982,4,2025-01-06,61,Other,16.8,-1.3,90,collected,missed,133,67,93,0,N
P100983,1,2024-12-30,72,Diabetes,14.2,-0.3,89,collected,attended,139,86,95,0,N
P100983,2,2025-01-06,72,Diabetes,14.2,-0.2,88,missed,scheduled,135,80,93,0,N
P100983,3,2025-01-13,72,Diabetes,14.2,-1.2,89,late,scheduled,131,66,96,0,N
P100983,4,2025-01-20,72,Diabetes,14.2,-0.7,88,collected,attended,109,69,93,0,N
P100984,1,2025-04-16,38,Pneumonia,11.9,0.4,89,collected,attended,123,97,95,0,N
P100984,2,2025-04-23,38,Pneumonia,11.9,1.1,95,collected,scheduled,130,55,96,0,N
P100984,3,2025-04-30,38,Pneumonia,11.9,2.0,88,collected,attended,144,60,96,0,N
P100984,4,2025-05-07,38,Pneumonia,11.9,2.3,85,collected,missed,115,99,94,0,N
P100985,1,2025-02-08,69,Heart failure,28.9,0.6,93,missed,attended,133,80,96,0,N
P100985,2,2025-02-15,69,Heart failure,28.9,0.5,82,collected,scheduled,131,78,98,0,N
P100985,3,2025-02-22,69,Heart failure,28.9,-0.2,92,collected,scheduled,127,75,95,0,N
P100985,4,2025-03-01,69,Heart failure,28.9,-1.1,100,collected,attended,132,80,96,0,N
P100986,1,2024-03-19,65,Heart failure,14.2,0.5,82,collected,attended,113,78,95,0,N
P100986,2,2024-03-26,65,Heart failure,14.2,1.9,84,collected,attended,139,90,96,0,N
P100986,3,2024-04-02,65,Heart failure,14.2,1.7,91,collected,scheduled,90,93,95,0,N
P100986,4,2024-04-09,65,Heart failure,14.2,0.6,100,collected,attended,134,71,95,0,N
P100987,1,2025-08-10,65,Stroke,21.4,-0.2,70,collected,attended,131,100,93,0,N
P100987,2,2025-08-17,65,Stroke,21.4,-0.8,82,collected,attended,145,77,96,0,N
P100987,3,2025-08-24,65,Stroke,21.4,-1.7,86,collected,attended,132,75,96,0,N
P100987,4,2025-08-31,65,Stroke,21.4,-1.5,77,collected,scheduled,111,79,97,0,N
P100988,1,2024-03-25,93,Sepsis,18.2,-0.5,72,missed,scheduled,168,87,96,0,N
P100988,2,2024-04-01,93,Sepsis,18.2,-0.7,75,missed,scheduled,130,67,97,0,N
P100988,3,2024-04-08,93,Sepsis,18.2,-0.9,89,collected,attended,150,81,96,0,N
P100988,4,2024-04-15,93,Sepsis,18.2,-1.4,90,collected,attended,140,79,95,0,N
P100989,1,2025-01-28,65,Hip fracture,11.9,0.3,95,collected,attended,123,68,98,0,N
P100989,2,2025-02-04,65,Hip fracture,11.9,0.5,83,collected,attended,153,61,96,0,N
P100989,3,2025-02-11,65,Hip fracture,11.9,1.5,65,collected,attended,156,91,97,0,N
P100989,4,2025-02-18,65,Hip fracture,11.9,1.3,85,late,scheduled,115,95,96,0,N
P100990,1,2024-09-30,65,Pneumonia,25.0,0.7,69,collected,missed,152,87,94,0,N
P100990,2,2024-10-07,65,Pneumonia,25.0,0.7,52,collected,attended,145,101,96,0,N
P100990,3,2024-10-14,65,Pneumonia,25.0,0.7,78,collected,scheduled,132,85,94,0,N
P100990,4,2024-10-21,65,Pneumonia,25.0,0.4,75,late,scheduled,137,82,94,0,N
P100991,1,2025-03-23,33,Other,15.4,-0.3,76,collected,attended,162,69,98,0,N
P100991,2,2025-03-30,33,Other,15.4,-1.5,78,collected,attended,147,60,93,0,N
P100991,3,2025-04-06,33,Other,15.4,-1.3,76,collected,scheduled,151,82,95,0,N
P100991,4,2025-04-13,33,Other,15.4,-0.6,83,collected,attended,129,109,94,0,N
P100992,1,2024-11-17,68,Pneumonia,16.8,-1.0,87,collected,attended,148,87,94,0,N
P100992,2,2024-11-24,68,Pneumonia,16.8,-0.6,97,collected,scheduled,154,72,94,0,N
P100992,3,2024-12-01,68,Pneumonia,16.8,-0.1,80,collected,missed,167,82,95,0,N
P100992,4,2024-12-08,68,Pneumonia,16.8,-0.4,82,collected,scheduled,131,93,97,0,N
P100993,1,2025-06-15,61,Other,18.2,-0.2,86,collected,attended,119,86,97,0,N
P100993,2,2025-06-22,61,Other,18.2,-0.9,84,collected,scheduled,112,66,99,0,N
P100993,3,2025-06-29,61,Other,18.2,-1.0,100,collected,attended,116,95,98,0,N
P100993,4,2025-07-06,61,Other,18.2,-0.7,76,collected,attended,147,84,97,0,N
P100994,1,2025-04-10,67,Other,21.4,1.1,90,collected,scheduled,121,67,99,0,N
P100994,2,2025-04-17,67,Other,21.4,1.3,99,late,attended,122,88,96,0,N
P100994,3,2025-04-24,67,Other,21.4,2.1,88,collected,attended,126,101,93,0,N
P100994,4,2025-05-01,67,Other,21.4,1.6,89,collected,attended,141,62,95,0,N
P100995,1,2024-02-25,55,Diabetes,26.9,1.0,97,late,attended,132,71,97,0,N
P100995,2,2024-03-03,55,Diabetes,26.9,1.7,85,collected,attended,148,68,96,0,N
P100995,3,2024-03-10,55,Diabetes,26.9,1.7,82,collected,scheduled,133,76,95,0,N
P100995,4,2024-03-17,55,Diabetes,26.9,2.3,87,collected,missed,126,68,98,0,N
P100996,1,2024-09-29,56,COPD,18.2,1.0,94,missed,attended,144,85,95,0,N
P100996,2,2024-10-06,56,COPD,18.2,1.7,80,collected,attended,140,91,95,0,N
P100996,3,2024-10-13,56,COPD,18.2,0.9,54,collected,attended,151,63,95,0,N
P100996,4,2024-10-20,56,COPD,18.2,1.2,87,late,attended,155,104,94,0,N
P100997,1,2024-06-13,71,Heart failure,18.2,1.0,98,collected,attended,132,66,95,0,N
P100997,2,2024-06-20,71,Heart failure,18.2,1.6,74,collected,attended,139,71,99,0,N
P100997,3,2024-06-27,71,Heart failure,18.2,1.7,89,collected,missed,130,92,100,0,N
P100997,4,2024-07-04,71,Heart failure,18.2,1.0,84,late,scheduled,135,67,95,0,N
P100998,1,2025-07-14,38,Other,19.8,-1.1,66,missed,scheduled,138,101,96,0,N
P100998,2,2025-07-21,38,Other,19.8,-0.2,73,collected,attended,142,68,92,0,N
P100998,3,2025-07-28,38,Other,19.8,-0.3,81,collected,missed,125,99,96,0,N
P100998,4,2025-08-04,38,Other,19.8,-0.2,88,collected,missed,131,76,94,0,N
P100999,1,2024-01-13,88,Other,25.0,0.2,68,late,attended,138,91,97,0,N
P100999,2,2024-01-20,88,Other,25.0,1.0,76,collected,attended,159,86,93,0,N
P100999,3,2024-01-27,88,Other,25.0,0.6,79,missed,attended,128,73,93,0,N
P100999,4,2024-02-03,88,Other,25.0,0.5,96,collected,scheduled,133,82,95,0,N
P101000,1,2024-07-01,77,Other,14.2,-0.2,100,collected,scheduled,123,86,97,0,N
P101000,2,2024-07-08,77,Other,14.2,0.4,91,collected,scheduled,141,81,97,0,N
P101000,3,2024-07-15,77,Other,14.2,1.2,97,collected,scheduled,131,92,98,0,N
P101000,4,2024-07-22,77,Other,14.2,-0.0,85,collected,scheduled,133,82,93,0,N
P101001,1,2024-10-27,76,Other,15.4,-0.3,74,collected,attended,154,92,93,0,N
P101001,2,2024-11-03,76,Other,15.4,-0.2,79,collected,scheduled,141,80,98,0,N
P101001,3,2024-11-10,76,Other,15.4,-0.3,82,collected,scheduled,142,93,95,0,N
P101001,4,2024-11-17,76,Other,15.4,0.2,83,collected,missed,118,81,97,0,N
P101002,1,2025-08-28,61,Hip fracture,14.2,-0.7,91,collected,scheduled,144,84,98,0,N
P101002,2,2025-09-04,61,Hip fracture,14.2,-0.7,78,late,missed,132,70,93,0,N
P101002,3,2025-09-11,61,Hip fracture,14.2,-1.2,87,collected,attended,132,66,97,0,N
P101002,4,2025-09-18,61,Hip fracture,14.2,-2.5,93,collected,scheduled,130,64,95,0,N
P101003,1,2025-06-28,40,Other,13.0,-1.0,80,collected,missed,157,94,93,0,N
P101003,2,2025-07-05,40,Other,13.0,-0.0,83,missed,scheduled,150,83,93,0,N
P101003,3,2025-07-12,40,Other,13.0,-0.6,68,missed,missed,142,81,94,0,N
P101003,4,2025-07-19,40,Other,13.0,-0.5,75,collected,scheduled,132,100,92,0,N
P101004,1,2025-07-22,64,Other,18.2,-1.3,96,late,attended,126,80,97,0,N
P101004,2,2025-07-29,64,Other,18.2,-1.4,100,collected,scheduled,128,69,96,0,N
P101004,3,2025-08-05,64,Other,18.2,-1.4,100,collected,scheduled,122,86,97,0,N
P101004,4,2025-08-12,64,Other,18.2,-1.3,81,collected,scheduled,145,89,96,0,N
P101005,1,2025-05-20,75,Stroke,19.8,-0.7,97,late,attended,125,90,98,0,N
P101005,2,2025-05-27,75,Stroke,19.8,0.0,100,collected,attended,119,73,97,0,N
P101005,3,2025-06-03,75,Stroke,19.8,-0.9,99,collected,attended,145,74,96,0,N
P101005,4,2025-06-10,75,Stroke,19.8,-1.2,100,collected,missed,145,67,94,0,N
P101006,1,2025-08-18,45,Stroke,16.8,-0.7,81,collected,scheduled,148,62,97,0,N
P101006,2,2025-08-25,45,Stroke,16.8,-0.5,76,collected,attended,129,71,97,0,N
P101006,3,2025-09-01,45,Stroke,16.8,0.3,95,collected,missed,137,82,97,0,N
P101006,4,2025-09-08,45,Stroke,16.8,1.2,83,late,scheduled,113,78,97,0,N
P101007,1,2024-10-17,37,Sepsis,11.9,-0.5,64,collected,missed,126,95,93,0,N
P101007,2,2024-10-24,37,Sepsis,11.9,-0.4,72,late,attended,120,67,91,0,N
P101007,3,2024-10-31,37,Sepsis,11.9,0.4,71,collected,missed,143,87,98,0,N
P101007,4,2024-11-07,37,Sepsis,11.9,-0.5,69,collected,scheduled,144,95,97,0,N
P101008,1,2025-08-12,72,Stroke,23.1,0.5,90,collected,scheduled,121,77,97,0,N
P101008,2,2025-08-19,72,Stroke,23.1,-0.4,87,collected,attended,131,85,95,0,N
P101008,3,2025-08-26,72,Stroke,23.1,-0.7,67,collected,attended,146,81,96,0,N
P101008,4,2025-09-02,72,Stroke,23.1,-1.0,92,collected,attended,119,62,94,0,N
P101009,1,2024-08-17,98,COPD,15.4,-0.2,97,late,missed,140,81,94,1,N
P101009,2,2024-08-24,98,COPD,15.4,-0.3,74,missed,attended,132,103,98,1,N
P101009,3,2024-08-31,98,COPD,15.4,-0.1,83,missed,scheduled,117,76,95,1,Y
P101009,4,2024-09-07,98,COPD,15.4,0.3,83,collected,scheduled,112,90,97,1,Y
P101010,1,2025-07-25,88,Diabetes,15.4,1.6,98,collected,attended,134,84,95,0,N
P101010,2,2025-08-01,88,Diabetes,15.4,0.7,96,collected,attended,120,72,98,0,N
P101010,3,2025-08-08,88,Diabetes,15.4,0.1,83,collected,scheduled,115,83,99,0,N
P101010,4,2025-08-15,88,Diabetes,15.4,1.0,77,collected,scheduled,143,89,94,0,N
P101011,1,2025-07-26,61,Diabetes,15.4,0.2,100,collected,scheduled,132,63,97,0,N
P101011,2,2025-08-02,61,Diabetes,15.4,-0.6,83,collected,attended,109,82,95,0,N
P101011,3,2025-08-09,61,Diabetes,15.4,-0.9,77,collected,attended,123,99,96,0,N
P101011,4,2025-08-16,61,Diabetes,15.4,-0.9,97,collected,missed,134,62,96,0,N
P101012,1,2024-08-01,47,Kidney disease,13.0,0.4,83,collected,scheduled,144,83,98,0,N
P101012,2,2024-08-08,47,Kidney disease,13.0,0.3,83,collected,missed,143,77,95,0,N
P101012,3,2024-08-15,47,Kidney disease,13.0,-0.4,81,collected,scheduled,125,71,94,0,N
P101012,4,2024-08-22,47,Kidney disease,13.0,-1.3,89,collected,attended,150,102,94,0,N
P101013,1,2024-05-16,63,Other,19.8,-0.1,92,collected,attended,137,77,98,0,N
P101013,2,2024-05-23,63,Other,19.8,-0.8,92,collected,attended,149,74,99,0,N
P101013,3,2024-05-30,63,Other,19.8,-1.1,96,collected,attended,124,76,97,0,N
P101013,4,2024-06-06,63,Other,19.8,-1.7,76,collected,scheduled,112,77,94,0,N
P101014,1,2024-05-12,75,Diabetes,23.1,-0.4,73,missed,scheduled,147,83,95,1,N
P101014,2,2024-05-19,75,Diabetes,23.1,-0.5,52,missed,scheduled,144,91,93,1,N
P101014,3,2024-05-26,75,Diabetes,23.1,-1.0,60,collected,scheduled,174,69,99,1,Y
P101014,4,2024-06-02,75,Diabetes,23.1,-1.2,86,late,missed,151,78,95,1,Y
P101015,1,2024-04-13,53,COPD,21.4,-0.1,90,collected,attended,144,59,97,0,N
P101015,2,2024-04-20,53,COPD,21.4,0.4,92,collected,attended,127,82,96,0,N
P101015,3,2024-04-27,53,COPD,21.4,0.4,100,collected,scheduled,143,84,96,0,N
P101015,4,2024-05-04,53,COPD,21.4,0.9,93,collected,attended,127,56,96,0,N
P101016,1,2024-02-19,100,Hip fracture,18.2,-0.3,77,late,attended,136,86,98,0,N
P101016,2,2024-02-26,100,Hip fracture,18.2,0.6,80,collected,scheduled,134,95,95,0,N
P101016,3,2024-03-04,100,Hip fracture,18.2,0.1,68,collected,attended,120,66,100,0,N
P101016,4,2024-03-11,100,Hip fracture,18.2,0.7,80,collected,attended,126,83,100,0,N
P101017,1,2025-08-14,53,Pneumonia,18.2,-0.2,97,collected,attended,126,84,91,1,N
P101017,2,2025-08-21,53,Pneumonia,18.2,-0.7,91,missed,attended,140,100,98,1,N
P101017,3,2025-08-28,53,Pneumonia,18.2,-0.5,82,collected,attended,165,73,94,1,Y
P101017,4,2025-09-04,53,Pneumonia,18.2,-0.5,84,collected,missed,120,88,94,1,Y
P101018,1,2025-02-03,77,Pneumonia,21.4,0.4,100,missed,scheduled,142,78,93,1,N
P101018,2,2025-02-10,77,Pneumonia,21.4,-0.9,91,collected,attended,126,83,96,1,N
P101018,3,2025-02-17,77,Pneumonia,21.4,-0.2,97,missed,scheduled,128,77,99,1,Y
P101018,4,2025-02-24,77,Pneumonia,21.4,0.9,76,collected,attended,156,67,94,1,Y
P101019,1,2024-08-07,52,Heart failure,19.8,0.5,73,collected,attended,134,73,92,1,N
P101019,2,2024-08-14,52,Heart failure,19.8,1.8,78,collected,missed,127,79,98,1,N
P101019,3,2024-08-21,52,Heart failure,19.8,1.8,82,collected,attended,123,75,97,1,Y
P101019,4,2024-08-28,52,Heart failure,19.8,1.7,86,collected,attended,128,97,97,1,Y
P101020,1,2024-12-17,73,Heart failure,23.1,1.2,66,missed,scheduled,146,78,95,1,N
P101020,2,2024-12-24,73,Heart failure,23.1,0.4,79,collected,attended,127,101,97,1,N
P101020,3,2024-12-31,73,Heart failure,23.1,0.8,81,late,scheduled,151,81,96,1,Y
P101020,4,2025-01-07,73,Heart failure,23.1,1.5,86,missed,missed,97,83,95,1,Y
P101021,1,2024-07-13,71,COPD,19.8,-0.5,90,collected,attended,148,61,94,0,N
P101021,2,2024-07-20,71,COPD,19.8,-0.1,90,collected,attended,149,73,96,0,N
P101021,3,2024-07-27,71,COPD,19.8,0.1,84,collected,attended,156,78,98,0,N
P101021,4,2024-08-03,71,COPD,19.8,-0.2,100,collected,missed,141,70,94,0,N
P101022,1,2025-07-30,40,Stroke,14.2,-0.1,78,collected,scheduled,139,96,97,0,N
P101022,2,2025-08-06,40,Stroke,14.2,-0.1,80,collected,attended,147,91,99,0,N
P101022,3,2025-08-13,40,Stroke,14.2,0.1,100,late,attended,134,85,99,0,N
P101022,4,2025-08-20,40,Stroke,14.2,0.3,84,collected,attended,101,73,96,0,N
P101023,1,2024-11-17,60,Other,25.0,-1.3,100,collected,attended,124,84,93,0,N
P101023,2,2024-11-24,60,Other,25.0,-2.3,95,late,attended,119,92,96,0,N
P101023,3,2024-12-01,60,Other,25.0,-2.5,90,collected,attended,123,106,94,0,N
P101023,4,2024-12-08,60,Other,25.0,-1.9,97,collected,missed,134,88,97,0,N
P101024,1,2025-05-24,72,COPD,16.8,0.4,74,collected,attended,118,74,95,0,N
P101024,2,2025-05-31,72,COPD,16.8,0.4,77,collected,attended,131,89,94,0,N
P101024,3,2025-06-07,72,COPD,16.8,0.1,81,collected,attended,113,83,94,0,N
P101024,4,2025-06-14,72,COPD,16.8,-0.7,93,collected,missed,159,69,97,0,N
P101025,1,2024-03-24,61,COPD,26.9,-0.7,99,collected,missed,131,98,97,0,N
P101025,2,2024-03-31,61,COPD,26.9,-0.6,96,collected,attended,138,78,94,0,N
P101025,3,2024-04-07,61,COPD,26.9,0.8,68,collected,attended,120,63,95,0,N
P101025,4,2024-04-14,61,COPD,26.9,1.4,98,collected,attended,149,63,95,0,N
P101026,1,2025-02-23,35,Pneumonia,11.9,-0.0,88,collected,attended,109,78,97,0,N
P101026,2,2025-03-02,35,Pneumonia,11.9,-0.1,71,collected,attended,140,82,98,0,N
P101026,3,2025-03-09,35,Pneumonia,11.9,-0.2,100,missed,attended,128,61,96,0,N
P101026,4,2025-03-16,35,Pneumonia,11.9,0.2,92,late,attended,113,79,95,0,N
P101027,1,2024-05-26,100,COPD,37.8,0.6,90,collected,attended,152,65,98,0,N
P101027,2,2024-06-02,100,COPD,37.8,0.3,83,collected,attended,127,71,95,0,N
P101027,3,2024-06-09,100,COPD,37.8,0.4,93,late,attended,126,85,94,0,N
P101027,4,2024-06-16,100,COPD,37.8,-0.0,96,collected,attended,138,87,96,0,N
P101028,1,2024-10-29,23,Pneumonia,19.8,0.0,90,collected,attended,135,93,98,0,N
P101028,2,2024-11-05,23,Pneumonia,19.8,-0.6,78,collected,attended,137,80,94,0,N
P101028,3,2024-11-12,23,Pneumonia,19.8,-0.7,80,collected,scheduled,151,80,96,0,N
P101028,4,2024-11-19,23,Pneumonia,19.8,-1.0,80,collected,scheduled,159,69,96,0,N
P101029,1,2025-04-24,80,Other,28.9,-0.1,81,collected,missed,136,97,95,0,N
P101029,2,2025-05-01,80,Other,28.9,-0.4,92,collected,missed,137,81,94,0,N
P101029,3,2025-05-08,80,Other,28.9,-0.3,84,collected,attended,152,106,97,0,N
P101029,4,2025-05-15,80,Other,28.9,-0.8,95,collected,attended,103,92,94,0,N
P101030,1,2025-06-09,64,Sepsis,18.2,-1.0,86,late,attended,133,76,96,1,N
P101030,2,2025-06-16,64,Sepsis,18.2,-1.4,84,late,scheduled,131,95,96,1,N
P101030,3,2025-06-23,64,Sepsis,18.2,-1.5,63,late,scheduled,139,73,97,1,Y
P101030,4,2025-06-30,64,Sepsis,18.2,-2.3,71,collected,missed,130,89,97,1,Y
P101031,1,2025-05-26,80,Diabetes,23.1,-0.5,86,collected,attended,141,66,100,0,N
P101031,2,2025-06-02,80,Diabetes,23.1,-0.6,84,collected,attended,141,91,97,0,N
P101031,3,2025-06-09,80,Diabetes,23.1,0.1,82,collected,attended,155,71,98,0,N
P101031,4,2025-06-16,80,Diabetes,23.1,-0.0,87,collected,attended,133,73,98,0,N
P101032,1,2024-12-29,70,Other,23.1,0.9,90,collected,missed,134,89,96,0,N
P101032,2,2025-01-05,70,Other,23.1,0.1,84,collected,attended,133,75,94,0,N
P101032,3,2025-01-12,70,Other,23.1,-0.2,80,collected,scheduled,138,55,94,0,N
P101032,4,2025-01-19,70,Other,23.1,-0.8,90,collected,attended,134,73,97,0,N
P101033,1,2025-08-08,89,Pneumonia,31.0,0.4,81,collected,scheduled,162,68,99,1,N
P101033,2,2025-08-15,89,Pneumonia,31.0,1.0,97,collected,attended,131,91,96,1,N
P101033,3,2025-08-22,89,Pneumonia,31.0,0.4,100,collected,attended,128,72,94,1,Y
P101033,4,2025-08-29,89,Pneumonia,31.0,1.2,81,collected,scheduled,134,81,98,1,Y
P101034,1,2025-03-10,88,Other,26.9,-0.0,65,late,scheduled,143,99,95,1,N
P101034,2,2025-03-17,88,Other,26.9,0.4,70,late,attended,152,70,95,1,N
P101034,3,2025-03-24,88,Other,26.9,0.6,80,missed,attended,143,88,95,1,Y
P101034,4,2025-03-31,88,Other,26.9,0.9,77,collected,attended,148,83,94,1,Y
P101035,1,2025-07-07,69,Other,16.8,-1.0,81,missed,scheduled,140,93,97,0,N
P101035,2,2025-07-14,69,Other,16.8,-1.2,85,collected,attended,122,82,95,0,N
P101035,3,2025-07-21,69,Other,16.8,-0.7,75,collected,scheduled,156,64,96,0,N
P101035,4,2025-07-28,69,Other,16.8,0.6,79,collected,attended,148,68,95,0,N
P101036,1,2024-05-07,69,Heart failure,15.4,0.6,94,collected,attended,141,66,95,0,N
P101036,2,2024-05-14,69,Heart failure,15.4,1.2,97,late,scheduled,138,62,99,0,N
P101036,3,2024-05-21,69,Heart failure,15.4,0.0,98,late,scheduled,128,80,97,0,N
P101036,4,2024-05-28,69,Heart failure,15.4,0.5,78,collected,attended,107,76,98,0,N
P101037,1,2025-05-04,66,Other,16.8,-0.0,67,missed,missed,155,87,93,1,N
P101037,2,2025-05-11,66,Other,16.8,-0.3,75,missed,attended,144,70,96,1,N
P101037,3,2025-05-18,66,Other,16.8,-0.8,81,collected,scheduled,137,74,96,1,Y
P101037,4,2025-05-25,66,Other,16.8,-0.7,73,collected,missed,159,76,95,1,Y
P101038,1,2025-05-15,70,Diabetes,14.2,0.0,79,collected,attended,140,68,98,0,N
P101038,2,2025-05-22,70,Diabetes,14.2,0.1,79,collected,attended,129,65,93,0,N
P101038,3,2025-05-29,70,Diabetes,14.2,0.8,79,collected,missed,123,89,98,0,N
P101038,4,2025-06-05,70,Diabetes,14.2,0.8,80,collected,scheduled,125,83,96,0,N
P101039,1,2025-01-21,62,Stroke,16.8,-0.9,92,collected,attended,104,70,95,0,N
P101039,2,2025-01-28,62,Stroke,16.8,-1.1,85,collected,attended,119,89,94,0,N
P101039,3,2025-02-04,62,Stroke,16.8,-1.1,76,collected,attended,140,66,92,0,N
P101039,4,2025-02-11,62,Stroke,16.8,-1.8,94,collected,attended,137,86,100,0,N
P101040,1,2024-02-05,94,Heart failure,19.8,-0.0,73,collected,attended,112,73,92,0,N
P101040,2,2024-02-12,94,Heart failure,19.8,-0.1,97,collected,scheduled,130,91,94,0,N
P101040,3,2024-02-19,94,Heart failure,19.8,0.1,86,collected,attended,149,83,97,0,N
P101040,4,2024-02-26,94,Heart failure,19.8,0.1,100,collected,scheduled,132,69,92,0,N
P101041,1,2024-06-23,61,Heart failure,25.0,-0.8,74,collected,attended,116,67,99,0,N
P101041,2,2024-06-30,61,Heart failure,25.0,-1.2,100,collected,scheduled,148,89,96,0,N
P101041,3,2024-07-07,61,Heart failure,25.0,-0.3,94,late,scheduled,124,102,95,0,N
P101041,4,2024-07-14,61,Heart failure,25.0,-0.3,99,collected,scheduled,132,79,96,0,N
P101042,1,2024-04-03,66,COPD,16.8,-0.8,90,collected,attended,121,84,96,0,N
P101042,2,2024-04-10,66,COPD,16.8,-1.1,95,collected,attended,120,59,96,0,N
P101042,3,2024-04-17,66,COPD,16.8,-2.3,81,collected,missed,135,56,97,0,N
P101042,4,2024-04-24,66,COPD,16.8,-2.5,90,collected,attended,130,82,95,0,N
P101043,1,2024-11-17,57,Pneumonia,15.4,-0.6,92,collected,attended,131,89,94,0,N
P101043,2,2024-11-24,57,Pneumonia,15.4,-0.9,77,collected,missed,122,86,96,0,N
P101043,3,2024-12-01,57,Pneumonia,15.4,-1.4,76,collected,attended,133,83,97,0,N
P101043,4,2024-12-08,57,Pneumonia,15.4,-1.8,69,late,scheduled,143,73,94,0,N
P101044,1,2024-02-10,68,COPD,18.2,1.1,95,collected,attended,142,77,100,0,N
P101044,2,2024-02-17,68,COPD,18.2,0.1,96,late,scheduled,135,61,93,0,N
P101044,3,2024-02-24,68,COPD,18.2,-1.0,86,collected,scheduled,136,87,96,0,N
P101044,4,2024-03-02,68,COPD,18.2,-0.1,100,late,scheduled,134,76,92,0,N
P101045,1,2024-09-02,73,Pneumonia,33.2,0.3,100,collected,attended,144,72,95,0,N
P101045,2,2024-09-09,73,Pneumonia,33.2,0.9,81,collected,attended,138,80,97,0,N
P101045,3,2024-09-16,73,Pneumonia,33.2,1.0,86,collected,attended,150,76,97,0,N
P101045,4,2024-09-23,73,Pneumonia,33.2,0.9,98,collected,attended,122,85,96,0,N
P101046,1,2025-02-13,73,Other,18.2,0.1,87,collected,attended,138,76,95,0,N
P101046,2,2025-02-20,73,Other,18.2,1.7,96,collected,attended,115,69,92,0,N
P101046,3,2025-02-27,73,Other,18.2,1.7,96,collected,attended,136,82,95,0,N
P101046,4,2025-03-06,73,Other,18.2,1.8,95,collected,attended,134,60,97,0,N
P101047,1,2025-06-15,67,Other,15.4,0.2,83,missed,missed,131,90,92,1,N
P101047,2,2025-06-22,67,Other,15.4,0.8,70,collected,scheduled,141,73,94,1,N
P101047,3,2025-06-29,67,Other,15.4,0.7,88,collected,scheduled,151,63,94,1,Y
P101047,4,2025-07-06,67,Other,15.4,0.8,78,collected,attended,169,87,95,1,Y
P101048,1,2025-08-04,55,Stroke,13.0,1.1,83,collected,attended,135,76,95,0,N
P101048,2,2025-08-11,55,Stroke,13.0,1.4,83,collected,attended,118,72,97,0,N
P101048,3,2025-08-18,55,Stroke,13.0,0.4,100,collected,scheduled,142,79,99,0,N
P101048,4,2025-08-25,55,Stroke,13.0,0.6,95,missed,scheduled,146,86,99,0,N
P101049,1,2024-07-13,74,Pneumonia,21.4,-0.4,82,collected,scheduled,151,77,97,0,N
P101049,2,2024-07-20,74,Pneumonia,21.4,0.4,86,collected,attended,143,79,94,0,N
P101049,3,2024-07-27,74,Pneumonia,21.4,0.0,77,collected,attended,130,78,98,0,N
P101049,4,2024-08-03,74,Pneumonia,21.4,0.6,97,late,attended,146,89,96,0,N
P101050,1,2025-04-11,97,Other,25.0,0.2,69,missed,attended,127,88,97,0,N
P101050,2,2025-04-18,97,Other,25.0,-1.3,92,collected,attended,126,65,98,0,N
P101050,3,2025-04-25,97,Other,25.0,-2.5,85,collected,attended,122,58,95,0,N
P101050,4,2025-05-02,97,Other,25.0,-2.1,98,collected,attended,146,65,95,0,N
P101051,1,2025-02-01,61,Heart failure,16.8,-0.2,84,collected,attended,128,86,94,0,N
P101051,2,2025-02-08,61,Heart failure,16.8,-1.1,86,collected,attended,145,72,94,0,N
P101051,3,2025-02-15,61,Heart failure,16.8,-1.4,90,collected,scheduled,121,74,93,0,N
P101051,4,2025-02-22,61,Heart failure,16.8,-1.3,74,collected,scheduled,142,78,95,0,N
P101052,1,2024-12-11,69,Heart failure,23.1,0.5,98,collected,scheduled,129,64,98,0,N
P101052,2,2024-12-18,69,Heart failure,23.1,-0.1,86,collected,attended,120,69,97,0,N
P101052,3,2024-12-25,69,Heart failure,23.1,-1.0,88,collected,scheduled,118,76,96,0,N
P101052,4,2025-01-01,69,Heart failure,23.1,-1.0,98,collected,attended,124,82,95,0,N
P101053,1,2024-12-31,58,Other,15.4,0.4,100,collected,attended,137,77,99,0,N
P101053,2,2025-01-07,58,Other,15.4,0.4,100,late,attended,150,82,97,0,N
P101053,3,2025-01-14,58,Other,15.4,1.3,73,late,attended,137,62,98,0,N
P101053,4,2025-01-21,58,Other,15.4,1.2,69,collected,attended,135,90,99,0,N
P101054,1,2025-07-24,46,Pneumonia,21.4,-0.3,82,collected,scheduled,158,56,96,0,N
P101054,2,2025-07-31,46,Pneumonia,21.4,-0.5,99,collected,missed,149,84,96,0,N
P101054,3,2025-08-07,46,Pneumonia,21.4,-0.8,100,collected,missed,140,77,96,0,N
P101054,4,2025-08-14,46,Pneumonia,21.4,-1.3,85,late,scheduled,158,75,98,0,N
P101055,1,2025-03-11,77,Diabetes,18.2,-0.6,74,collected,attended,125,92,94,0,N
P101055,2,2025-03-18,77,Diabetes,18.2,0.5,84,collected,scheduled,137,99,95,0,N
P101055,3,2025-03-25,77,Diabetes,18.2,1.4,84,late,attended,133,74,94,0,N
P101055,4,2025-04-01,77,Diabetes,18.2,0.8,69,collected,scheduled,151,85,95,0,N
P101056,1,2025-07-13,80,Diabetes,18.2,0.1,87,collected,attended,153,85,94,0,N
P101056,2,2025-07-20,80,Diabetes,18.2,-0.1,85,collected,scheduled,139,91,95,0,N
P101056,3,2025-07-27,80,Diabetes,18.2,-0.9,100,collected,scheduled,122,76,98,0,N
P101056,4,2025-08-03,80,Diabetes,18.2,-0.5,76,collected,scheduled,122,78,96,0,N
P101057,1,2025-07-28,86,COPD,26.9,1.2,73,collected,attended,140,92,98,1,N
P101057,2,2025-08-04,86,COPD,26.9,1.5,86,collected,attended,108,81,97,1,N
P101057,3,2025-08-11,86,COPD,26.9,1.3,89,collected,missed,126,84,95,1,Y
P101057,4,2025-08-18,86,COPD,26.9,1.4,79,collected,attended,142,53,96,1,Y
P101058,1,2024-05-29,76,Pneumonia,15.4,0.1,84,collected,scheduled,119,74,91,0,N
P101058,2,2024-06-05,76,Pneumonia,15.4,-0.5,98,collected,attended,144,97,97,0,N
P101058,3,2024-06-12,76,Pneumonia,15.4,-0.4,84,collected,attended,145,88,94,0,N
P101058,4,2024-06-19,76,Pneumonia,15.4,0.5,80,collected,missed,141,93,96,0,N
P101059,1,2024-10-24,70,Sepsis,26.9,1.3,84,collected,attended,132,68,98,0,N
P101059,2,2024-10-31,70,Sepsis,26.9,1.8,93,collected,scheduled,130,64,96,0,N
P101059,3,2024-11-07,70,Sepsis,26.9,1.5,89,collected,scheduled,148,93,93,0,N
P101059,4,2024-11-14,70,Sepsis,26.9,2.3,89,collected,scheduled,131,82,96,0,N
P101060,1,2024-08-18,59,Pneumonia,21.4,0.9,91,collected,attended,143,80,99,0,N
P101060,2,2024-08-25,59,Pneumonia,21.4,1.7,88,collected,scheduled,115,86,92,0,N
P101060,3,2024-09-01,59,Pneumonia,21.4,1.9,96,collected,attended,126,75,96,0,N
P101060,4,2024-09-08,59,Pneumonia,21.4,2.3,85,collected,attended,125,76,96,0,N
P101061,1,2024-02-01,65,Pneumonia,19.8,-0.2,84,late,missed,132,88,96,0,N
P101061,2,2024-02-08,65,Pneumonia,19.8,0.2,82,collected,attended,150,78,96,0,N
P101061,3,2024-02-15,65,Pneumonia,19.8,-0.2,81,collected,scheduled,164,77,97,0,N
P101061,4,2024-02-22,65,Pneumonia,19.8,0.2,83,collected,missed,166,80,97,0,N
P101062,1,2024-08-24,56,Hip fracture,18.2,-0.5,83,collected,scheduled,121,73,97,0,N
P101062,2,2024-08-31,56,Hip fracture,18.2,-1.4,86,collected,missed,139,66,98,0,N
P101062,3,2024-09-07,56,Hip fracture,18.2,-1.1,95,late,scheduled,133,74,99,0,N
P101062,4,2024-09-14,56,Hip fracture,18.2,-0.1,97,collected,attended,118,69,94,0,N
P101063,1,2024-04-24,56,Pneumonia,13.0,-0.2,97,collected,attended,160,95,95,1,N
P101063,2,2024-05-01,56,Pneumonia,13.0,0.2,72,collected,scheduled,148,69,97,1,N
P101063,3,2024-05-08,56,Pneumonia,13.0,1.1,100,collected,attended,139,76,96,1,Y
P101063,4,2024-05-15,56,Pneumonia,13.0,1.7,88,collected,attended,103,75,99,1,Y
P101064,1,2024-01-31,91,Other,16.8,0.4,62,late,missed,136,92,94,0,N
P101064,2,2024-02-07,91,Other,16.8,-0.1,71,collected,scheduled,140,90,92,0,N
P101064,3,2024-02-14,91,Other,16.8,-0.8,56,collected,scheduled,133,91,94,0,N
P101064,4,2024-02-21,91,Other,16.8,0.3,96,late,attended,123,82,92,0,N
P101065,1,2025-03-24,72,Other,26.9,-0.2,81,late,attended,125,92,96,1,N
P101065,2,2025-03-31,72,Other,26.9,1.0,55,collected,attended,156,76,94,1,N
P101065,3,2025-04-07,72,Other,26.9,1.1,71,collected,attended,145,79,93,1,Y
P101065,4,2025-04-14,72,Other,26.9,0.7,91,late,attended,124,83,95,1,Y
P101066,1,2024-11-29,74,Heart failure,18.2,0.7,66,collected,missed,135,82,94,0,N
P101066,2,2024-12-06,74,Heart failure,18.2,1.3,55,late,attended,141,84,94,0,N
P101066,3,2024-12-13,74,Heart failure,18.2,2.4,74,missed,scheduled,138,83,97,0,N
P101066,4,2024-12-20,74,Heart failure,18.2,2.7,68,late,scheduled,138,78,95,0,N
P101067,1,2024-09-15,66,Kidney disease,16.8,0.6,79,late,scheduled,129,61,94,0,N
P101067,2,2024-09-22,66,Kidney disease,16.8,1.0,100,collected,scheduled,127,84,98,0,N
P101067,3,2024-09-29,66,Kidney disease,16.8,0.6,88,collected,missed,158,74,94,0,N
P101067,4,2024-10-06,66,Kidney disease,16.8,0.9,85,collected,scheduled,146,73,95,0,N
P101068,1,2025-02-27,74,Diabetes,14.2,0.6,76,collected,attended,139,80,97,1,N
P101068,2,2025-03-06,74,Diabetes,14.2,1.2,97,collected,attended,165,77,93,1,N
P101068,3,2025-03-13,74,Diabetes,14.2,2.0,85,collected,attended,154,68,95,1,Y
P101068,4,2025-03-20,74,Diabetes,14.2,2.5,78,collected,attended,154,79,93,1,Y
P101069,1,2024-03-07,76,Diabetes,16.8,-0.4,100,collected,attended,131,62,95,0,N
P101069,2,2024-03-14,76,Diabetes,16.8,0.1,84,missed,missed,125,91,95,0,N
P101069,3,2024-03-21,76,Diabetes,16.8,0.8,86,collected,scheduled,115,67,99,0,N
P101069,4,2024-03-28,76,Diabetes,16.8,0.8,100,collected,attended,123,93,96,0,N
P101070,1,2024-12-25,81,Other,19.8,-0.5,92,late,attended,134,71,93,0,N
P101070,2,2025-01-01,81,Other,19.8,-1.1,91,collected,attended,133,73,100,0,N
P101070,3,2025-01-08,81,Other,19.8,-1.5,94,collected,attended,136,81,95,0,N
P101070,4,2025-01-15,81,Other,19.8,-2.0,83,collected,attended,130,66,94,0,N
P101071,1,2024-06-11,78,Heart failure,23.1,-0.5,91,collected,attended,126,57,98,0,N
P101071,2,2024-06-18,78,Heart failure,23.1,-0.4,94,collected,attended,123,70,96,0,N
P101071,3,2024-06-25,78,Heart failure,23.1,-0.3,96,collected,attended,129,66,95,0,N
P101071,4,2024-07-02,78,Heart failure,23.1,-0.3,75,collected,scheduled,136,67,96,0,N
P101072,1,2025-03-19,81,Diabetes,21.4,0.7,99,collected,attended,123,87,96,0,N
P101072,2,2025-03-26,81,Diabetes,21.4,0.8,79,collected,attended,120,61,97,0,N
P101072,3,2025-04-02,81,Diabetes,21.4,0.5,86,collected,missed,139,85,91,0,N
P101072,4,2025-04-09,81,Diabetes,21.4,2.0,100,collected,attended,119,72,96,0,N
P101073,1,2025-03-08,85,Other,40.1,-0.3,91,collected,scheduled,127,75,99,1,N
P101073,2,2025-03-15,85,Other,40.1,-0.3,92,late,scheduled,125,76,98,1,N
P101073,3,2025-03-22,85,Other,40.1,-0.3,91,collected,attended,138,76,93,1,Y
P101073,4,2025-03-29,85,Other,40.1,0.8,98,collected,attended,117,86,94,1,Y
P101074,1,2024-01-10,54,Other,15.4,0.6,94,collected,attended,114,84,96,0,N
P101074,2,2024-01-17,54,Other,15.4,0.3,81,collected,attended,116,82,95,0,N
P101074,3,2024-01-24,54,Other,15.4,0.6,99,collected,attended,121,69,97,0,N
P101074,4,2024-01-31,54,Other,15.4,0.1,89,collected,attended,139,56,95,0,N
P101075,1,2024-08-08,71,Kidney disease,21.4,1.4,80,collected,attended,123,73,100,0,N
P101075,2,2024-08-15,71,Kidney disease,21.4,1.5,90,collected,attended,124,101,95,0,N
P101075,3,2024-08-22,71,Kidney disease,21.4,1.6,91,collected,attended,140,79,97,0,N
P101075,4,2024-08-29,71,Kidney disease,21.4,1.9,98,late,missed,128,98,98,0,N
P101076,1,2025-08-04,79,Heart failure,19.8,0.3,84,collected,scheduled,127,94,97,0,N
P101076,2,2025-08-11,79,Heart failure,19.8,-0.2,84,late,attended,136,70,97,0,N
P101076,3,2025-08-18,79,Heart failure,19.8,-0.3,88,collected,attended,125,79,94,0,N
P101076,4,2025-08-25,79,Heart failure,19.8,-1.7,91,collected,missed,131,86,95,0,N
P101077,1,2025-07-10,54,Heart failure,21.4,0.8,80,collected,scheduled,148,80,98,0,N
P101077,2,2025-07-17,54,Heart failure,21.4,0.4,75,collected,attended,171,96,97,0,N
P101077,3,2025-07-24,54,Heart failure,21.4,0.8,77,collected,missed,145,76,96,0,N
P101077,4,2025-07-31,54,Heart failure,21.4,1.9,84,collected,attended,135,77,96,0,N
P101078,1,2025-06-29,44,Other,15.4,-0.3,54,collected,attended,157,76,97,0,N
P101078,2,2025-07-06,44,Other,15.4,-0.8,89,collected,attended,104,92,96,0,N
P101078,3,2025-07-13,44,Other,15.4,-1.2,78,collected,attended,124,84,97,0,N
P101078,4,2025-07-20,44,Other,15.4,-1.7,100,collected,attended,137,66,95,0,N
P101079,1,2025-02-26,94,Pneumonia,37.8,0.1,88,collected,attended,150,84,95,0,N
P101079,2,2025-03-05,94,Pneumonia,37.8,0.5,71,collected,missed,133,73,96,0,N
P101079,3,2025-03-12,94,Pneumonia,37.8,0.3,65,late,attended,130,84,93,0,N
P101079,4,2025-03-19,94,Pneumonia,37.8,-0.3,84,collected,scheduled,164,88,93,0,N
P101080,1,2024-05-01,62,Sepsis,14.2,-0.1,92,collected,attended,112,80,97,1,N
P101080,2,2024-05-08,62,Sepsis,14.2,0.2,91,collected,attended,135,82,95,1,N
P101080,3,2024-05-15,62,Sepsis,14.2,-0.6,92,collected,attended,150,70,98,1,Y
P101080,4,2024-05-22,62,Sepsis,14.2,-1.3,90,collected,attended,135,76,95,1,Y
P101081,1,2024-11-07,69,Heart failure,19.8,-0.8,91,collected,missed,111,75,95,0,N
P101081,2,2024-11-14,69,Heart failure,19.8,-0.9,91,late,attended,142,85,93,0,N
P101081,3,2024-11-21,69,Heart failure,19.8,-1.8,88,collected,scheduled,135,81,93,0,N
P101081,4,2024-11-28,69,Heart failure,19.8,-1.8,100,collected,missed,147,65,97,0,N
P101082,1,2024-08-20,92,Other,19.8,0.4,86,collected,scheduled,139,89,97,0,N
P101082,2,2024-08-27,92,Other,19.8,0.9,53,missed,attended,142,75,92,0,N
P101082,3,2024-09-03,92,Other,19.8,1.3,70,missed,attended,129,97,95,0,N
P101082,4,2024-09-10,92,Other,19.8,1.2,74,collected,missed,123,78,93,0,N
P101083,1,2025-07-11,45,Diabetes,15.4,0.5,100,collected,scheduled,172,63,97,0,N
P101083,2,2025-07-18,45,Diabetes,15.4,0.4,83,collected,scheduled,147,51,100,0,N
P101083,3,2025-07-25,45,Diabetes,15.4,0.5,68,collected,attended,134,66,97,0,N
P101083,4,2025-08-01,45,Diabetes,15.4,0.2,88,collected,missed,129,75,96,0,N
P101084,1,2024-01-24,73,Diabetes,14.2,0.0,85,collected,missed,157,92,95,1,N
P101084,2,2024-01-31,73,Diabetes,14.2,0.5,91,collected,attended,138,82,94,1,N
P101084,3,2024-02-07,73,Diabetes,14.2,-0.2,78,collected,attended,117,81,98,1,Y
P101084,4,2024-02-14,73,Diabetes,14.2,-0.1,91,collected,attended,122,72,97,1,Y
P101085,1,2024-11-30,73,Stroke,14.2,-0.1,84,collected,scheduled,141,84,94,0,N
P101085,2,2024-12-07,73,Stroke,14.2,-0.0,76,collected,missed,147,69,91,0,N
P101085,3,2024-12-14,73,Stroke,14.2,-0.2,89,late,missed,134,81,95,0,N
P101085,4,2024-12-21,73,Stroke,14.2,-0.5,64,collected,missed,148,70,93,0,N
P101086,1,2024-07-10,76,Other,23.1,-0.8,91,collected,scheduled,127,72,96,0,N
P101086,2,2024-07-17,76,Other,23.1,-0.5,94,collected,attended,154,68,94,0,N
P101086,3,2024-07-24,76,Other,23.1,-0.4,82,collected,attended,115,90,98,0,N
P101086,4,2024-07-31,76,Other,23.1,0.2,82,collected,scheduled,125,80,98,0,N
P101087,1,2024-10-05,70,Kidney disease,18.2,-0.2,91,collected,attended,146,86,95,0,N
P101087,2,2024-10-12,70,Kidney disease,18.2,-0.5,91,collected,attended,148,76,98,0,N
P101087,3,2024-10-19,70,Kidney disease,18.2,0.5,77,collected,scheduled,112,64,96,0,N
P101087,4,2024-10-26,70,Kidney disease,18.2,0.2,70,collected,scheduled,131,90,99,0,N
P101088,1,2025-02-17,52,COPD,15.4,0.5,91,collected,attended,106,92,96,1,N
P101088,2,2025-02-24,52,COPD,15.4,-0.1,84,late,scheduled,122,59,93,1,N
P101088,3,2025-03-03,52,COPD,15.4,0.3,73,collected,scheduled,148,66,96,1,Y
P101088,4,2025-03-10,52,COPD,15.4,-0.3,89,collected,attended,138,93,95,1,Y
P101089,1,2025-08-16,78,Heart failure,21.4,-0.7,92,late,scheduled,128,64,94,0,N
P101089,2,2025-08-23,78,Heart failure,21.4,-1.1,82,collected,attended,128,60,94,0,N
P101089,3,2025-08-30,78,Heart failure,21.4,-0.4,89,collected,attended,120,86,97,0,N
P101089,4,2025-09-06,78,Heart failure,21.4,-0.9,91,collected,scheduled,110,71,95,0,N
P101090,1,2025-05-10,100,Other,45.0,1.0,85,late,attended,154,91,96,1,N
P101090,2,2025-05-17,100,Other,45.0,0.9,90,collected,scheduled,151,63,95,1,N
P101090,3,2025-05-24,100,Other,45.0,-0.2,79,collected,scheduled,128,82,94,1,Y
P101090,4,2025-05-31,100,Other,45.0,0.0,100,collected,attended,121,94,96,1,Y
P101091,1,2024-06-07,73,Sepsis,33.2,1.2,86,collected,attended,106,80,96,0,N
P101091,2,2024-06-14,73,Sepsis,33.2,1.5,74,collected,scheduled,125,87,100,0,N
P101091,3,2024-06-21,73,Sepsis,33.2,1.6,78,collected,attended,161,75,94,0,N
P101091,4,2024-06-28,73,Sepsis,33.2,2.9,69,collected,attended,102,70,94,0,N
P101092,1,2024-11-29,78,COPD,21.4,0.7,81,collected,scheduled,126,56,94,0,N
P101092,2,2024-12-06,78,COPD,21.4,1.6,91,collected,attended,84,71,97,0,N
P101092,3,2024-12-13,78,COPD,21.4,1.7,71,collected,missed,135,69,94,0,N
P101092,4,2024-12-20,78,COPD,21.4,2.0,98,collected,attended,133,90,94,0,N
P101093,1,2024-10-09,67,Stroke,18.2,0.2,100,collected,missed,123,77,96,0,N
P101093,2,2024-10-16,67,Stroke,18.2,-0.4,77,collected,attended,140,79,96,0,N
P101093,3,2024-10-23,67,Stroke,18.2,-0.2,83,collected,scheduled,122,89,97,0,N
P101093,4,2024-10-30,67,Stroke,18.2,-0.1,100,late,missed,141,82,97,0,N
P101094,1,2024-09-06,53,Diabetes,13.0,0.4,96,collected,attended,140,68,95,0,N
P101094,2,2024-09-13,53,Diabetes,13.0,0.7,100,collected,missed,117,84,97,0,N
P101094,3,2024-09-20,53,Diabetes,13.0,1.2,97,collected,attended,147,67,98,0,N
P101094,4,2024-09-27,53,Diabetes,13.0,0.9,82,collected,missed,131,62,96,0,N
P101095,1,2025-04-11,44,Heart failure,19.8,0.2,93,missed,missed,132,88,96,0,N
P101095,2,2025-04-18,44,Heart failure,19.8,1.8,83,collected,attended,136,89,94,0,N
P101095,3,2025-04-25,44,Heart failure,19.8,1.5,82,collected,attended,134,84,92,0,N
P101095,4,2025-05-02,44,Heart failure,19.8,1.5,88,collected,attended,125,71,95,0,N
P101096,1,2025-01-12,57,Heart failure,19.8,-0.9,90,collected,attended,131,64,97,1,N
P101096,2,2025-01-19,57,Heart failure,19.8,-0.8,94,collected,attended,142,88,99,1,N
P101096,3,2025-01-26,57,Heart failure,19.8,-0.7,95,collected,attended,123,84,97,1,Y
P101096,4,2025-02-02,57,Heart failure,19.8,-1.3,88,late,scheduled,100,81,93,1,Y
P101097,1,2025-04-30,55,Other,13.0,0.7,100,collected,scheduled,137,85,100,0,N
P101097,2,2025-05-07,55,Other,13.0,-0.6,88,collected,missed,137,74,99,0,N
P101097,3,2025-05-14,55,Other,13.0,-0.5,85,collected,attended,159,68,95,0,N
P101097,4,2025-05-21,55,Other,13.0,-0.1,91,collected,attended,127,82,98,0,N
P101098,1,2025-06-03,65,COPD,25.0,-0.1,96,collected,attended,127,79,97,0,N
P101098,2,2025-06-10,65,COPD,25.0,-0.1,94,late,missed,132,93,97,0,N
P101098,3,2025-06-17,65,COPD,25.0,-0.4,89,late,attended,135,89,96,0,N
P101098,4,2025-06-24,65,COPD,25.0,-0.9,100,collected,attended,125,78,97,0,N
P101099,1,2024-08-08,70,COPD,16.8,0.1,79,collected,attended,158,50,98,0,N
P101099,2,2024-08-15,70,COPD,16.8,-0.0,98,collected,attended,134,84,91,0,N
P101099,3,2024-08-22,70,COPD,16.8,-0.2,91,collected,scheduled,113,79,99,0,N
P101099,4,2024-08-29,70,COPD,16.8,0.0,75,late,missed,130,77,97,0,N
P101100,1,2024-05-01,69,Stroke,18.2,0.0,81,collected,attended,94,87,96,0,N
P101100,2,2024-05-08,69,Stroke,18.2,-0.1,81,collected,attended,146,63,96,0,N
P101100,3,2024-05-15,69,Stroke,18.2,-1.2,84,collected,attended,147,69,98,0,N
P101100,4,2024-05-22,69,Stroke,18.2,-1.7,93,collected,attended,142,58,97,0,N
P101101,1,2025-06-28,94,Pneumonia,21.4,0.4,89,collected,attended,121,108,92,0,N
P101101,2,2025-07-05,94,Pneumonia,21.4,0.5,86,collected,attended,133,86,97,0,N
P101101,3,2025-07-12,94,Pneumonia,21.4,-0.7,100,collected,attended,146,85,97,0,N
P101101,4,2025-07-19,94,Pneumonia,21.4,-1.1,71,collected,attended,135,73,99,0,N
P101102,1,2024-09-28,90,Sepsis,31.0,0.7,81,collected,missed,112,81,96,1,N
P101102,2,2024-10-05,90,Sepsis,31.0,1.0,85,collected,attended,133,87,95,1,N
P101102,3,2024-10-12,90,Sepsis,31.0,0.9,89,collected,scheduled,113,63,96,1,Y
P101102,4,2024-10-19,90,Sepsis,31.0,0.8,75,collected,scheduled,129,73,96,1,Y
P101103,1,2024-09-24,60,Pneumonia,11.9,-0.2,80,collected,scheduled,151,76,96,0,N
P101103,2,2024-10-01,60,Pneumonia,11.9,-1.1,83,late,attended,128,66,97,0,N
P101103,3,2024-10-08,60,Pneumonia,11.9,-1.8,82,collected,scheduled,117,66,95,0,N
P101103,4,2024-10-15,60,Pneumonia,11.9,-1.9,86,collected,scheduled,144,63,94,0,N
P101104,1,2025-04-11,87,Diabetes,28.9,0.0,86,collected,attended,110,72,97,0,N
P101104,2,2025-04-18,87,Diabetes,28.9,0.3,99,collected,attended,145,85,97,0,N
P101104,3,2025-04-25,87,Diabetes,28.9,-0.3,77,late,attended,133,74,98,0,N
P101104,4,2025-05-02,87,Diabetes,28.9,-0.7,100,late,attended,92,62,96,0,N
P101105,1,2024-09-28,67,Other,14.2,-0.4,88,collected,attended,112,86,96,0,N
P101105,2,2024-10-05,67,Other,14.2,-0.1,90,missed,attended,145,77,94,0,N
P101105,3,2024-10-12,67,Other,14.2,-0.2,82,late,attended,138,78,96,0,N
P101105,4,2024-10-19,67,Other,14.2,0.1,96,collected,missed,139,106,97,0,N
P101106,1,2024-04-15,47,Stroke,16.8,-0.8,96,collected,scheduled,139,68,91,0,N
P101106,2,2024-04-22,47,Stroke,16.8,-0.7,81,missed,scheduled,150,57,94,0,N
P101106,3,2024-04-29,47,Stroke,16.8,-1.5,91,collected,attended,147,66,98,0,N
P101106,4,2024-05-06,47,Stroke,16.8,-1.3,99,collected,attended,120,76,95,0,N
P101107,1,2024-12-08,42,Kidney disease,13.0,-0.4,100,late,attended,158,75,94,0,N
P101107,2,2024-12-15,42,Kidney disease,13.0,-0.8,94,collected,attended,140,85,92,0,N
P101107,3,2024-12-22,42,Kidney disease,13.0,-1.9,94,missed,scheduled,109,97,96,0,N
P101107,4,2024-12-29,42,Kidney disease,13.0,-2.3,81,collected,attended,113,71,93,0,N
P101108,1,2024-06-13,81,Other,40.1,-0.3,88,missed,attended,155,68,96,0,N
P101108,2,2024-06-20,81,Other,40.1,-0.3,100,collected,scheduled,127,75,97,0,N
P101108,3,2024-06-27,81,Other,40.1,0.1,72,late,attended,126,70,97,0,N
P101108,4,2024-07-04,81,Other,40.1,0.2,92,late,scheduled,126,64,97,0,N
P101109,1,2024-08-03,87,Other,18.2,-0.6,93,collected,scheduled,104,72,97,0,N
P101109,2,2024-08-10,87,Other,18.2,-1.2,78,collected,attended,141,74,92,0,N
P101109,3,2024-08-17,87,Other,18.2,-0.7,80,collected,attended,157,69,94,0,N
P101109,4,2024-08-24,87,Other,18.2,-0.2,83,collected,scheduled,113,68,94,0,N
P101110,1,2025-07-14,55,Hip fracture,21.4,0.2,74,collected,attended,114,67,99,0,N
P101110,2,2025-07-21,55,Hip fracture,21.4,0.6,95,missed,scheduled,124,100,97,0,N
P101110,3,2025-07-28,55,Hip fracture,21.4,1.8,99,collected,attended,134,71,95,0,N
P101110,4,2025-08-04,55,Hip fracture,21.4,1.8,100,collected,missed,153,81,97,0,N
P101111,1,2025-02-14,67,Kidney disease,28.9,-0.1,99,collected,attended,136,111,97,1,N
P101111,2,2025-02-21,67,Kidney disease,28.9,-0.6,76,collected,attended,115,75,97,1,N
P101111,3,2025-02-28,67,Kidney disease,28.9,-0.5,100,collected,attended,140,70,93,1,Y
P101111,4,2025-03-07,67,Kidney disease,28.9,-0.3,87,collected,attended,140,74,94,1,Y
P101112,1,2024-08-20,45,Hip fracture,11.9,0.4,88,missed,missed,115,92,95,0,N
P101112,2,2024-08-27,45,Hip fracture,11.9,1.1,73,collected,scheduled,118,82,97,0,N
P101112,3,2024-09-03,45,Hip fracture,11.9,1.4,97,collected,attended,135,85,98,0,N
P101112,4,2024-09-10,45,Hip fracture,11.9,1.4,97,collected,scheduled,143,62,95,0,N
P101113,1,2025-05-18,82,Other,28.9,-0.7,88,missed,missed,123,72,97,0,N
P101113,2,2025-05-25,82,Other,28.9,-0.5,66,missed,attended,144,82,98,0,N
P101113,3,2025-06-01,82,Other,28.9,-1.1,85,collected,attended,135,66,94,0,N
P101113,4,2025-06-08,82,Other,28.9,-2.2,93,collected,attended,134,59,97,0,N
P101114,1,2024-03-05,78,Other,21.4,2.0,100,collected,attended,144,73,97,0,N
P101114,2,2024-03-12,78,Other,21.4,2.9,68,collected,attended,133,74,96,0,N
P101114,3,2024-03-19,78,Other,21.4,2.1,79,collected,attended,137,65,94,0,N
P101114,4,2024-03-26,78,Other,21.4,1.2,100,missed,scheduled,125,75,94,0,N
P101115,1,2024-12-26,82,Other,31.0,-0.9,99,collected,scheduled,126,69,98,0,N
P101115,2,2025-01-02,82,Other,31.0,-0.4,82,collected,attended,135,64,95,0,N
P101115,3,2025-01-09,82,Other,31.0,-0.4,80,collected,scheduled,135,79,97,0,N
P101115,4,2025-01-16,82,Other,31.0,-0.2,78,collected,attended,117,63,95,0,N
P101116,1,2024-04-29,79,Heart failure,16.8,-0.4,92,collected,attended,108,71,98,0,N
P101116,2,2024-05-06,79,Heart failure,16.8,0.1,74,collected,attended,141,85,92,0,N
P101116,3,2024-05-13,79,Heart failure,16.8,-0.0,85,collected,attended,96,72,96,0,N
P101116,4,2024-05-20,79,Heart failure,16.8,-0.0,100,collected,attended,132,55,98,0,N
P101117,1,2025-02-04,54,COPD,15.4,-0.8,88,collected,scheduled,151,78,95,0,N
P101117,2,2025-02-11,54,COPD,15.4,-0.6,72,missed,attended,127,81,94,0,N
P101117,3,2025-02-18,54,COPD,15.4,-0.8,81,collected,attended,121,83,96,0,N
P101117,4,2025-02-25,54,COPD,15.4,-0.1,91,late,attended,144,69,94,0,N
P101118,1,2025-02-13,81,Heart failure,25.0,0.2,69,collected,attended,144,82,95,0,N
P101118,2,2025-02-20,81,Heart failure,25.0,-0.3,94,collected,attended,116,74,97,0,N
P101118,3,2025-02-27,81,Heart failure,25.0,0.4,100,collected,scheduled,103,79,95,0,N
P101118,4,2025-03-06,81,Heart failure,25.0,-0.6,84,collected,attended,100,81,96,0,N
P101119,1,2024-07-01,92,Heart failure,26.9,-0.1,76,late,attended,133,81,98,0,N
P101119,2,2024-07-08,92,Heart failure,26.9,-0.5,92,collected,attended,141,51,93,0,N
P101119,3,2024-07-15,92,Heart failure,26.9,-0.4,100,late,scheduled,140,79,94,0,N
P101119,4,2024-07-22,92,Heart failure,26.9,-0.3,99,collected,attended,131,89,97,0,N
P101120,1,2024-08-09,78,Diabetes,16.8,0.4,56,collected,scheduled,138,56,96,0,N
P101120,2,2024-08-16,78,Diabetes,16.8,1.0,76,collected,scheduled,143,79,96,0,N
P101120,3,2024-08-23,78,Diabetes,16.8,1.8,88,missed,missed,118,98,98,0,N
P101120,4,2024-08-30,78,Diabetes,16.8,2.9,80,collected,missed,133,76,96,0,N
P101121,1,2024-11-11,74,Heart failure,35.4,-0.1,80,collected,attended,125,62,99,1,N
P101121,2,2024-11-18,74,Heart failure,35.4,-0.4,81,collected,attended,133,82,94,1,N
P101121,3,2024-11-25,74,Heart failure,35.4,0.6,81,collected,scheduled,126,72,99,1,Y
P101121,4,2024-12-02,74,Heart failure,35.4,0.6,100,collected,missed,135,86,98,1,Y
P101122,1,2024-11-21,97,Diabetes,16.8,0.1,74,collected,attended,147,85,96,0,N
P101122,2,2024-11-28,97,Diabetes,16.8,-1.4,96,late,attended,127,64,94,0,N
P101122,3,2024-12-05,97,Diabetes,16.8,-1.6,81,collected,attended,135,63,96,0,N
P101122,4,2024-12-12,97,Diabetes,16.8,-1.5,80,collected,attended,127,67,94,0,N
P101123,1,2024-04-01,69,Heart failure,13.0,-0.3,98,missed,attended,127,84,96,0,N
P101123,2,2024-04-08,69,Heart failure,13.0,-0.6,96,collected,attended,89,81,96,0,N
P101123,3,2024-04-15,69,Heart failure,13.0,-0.7,75,collected,attended,133,96,94,0,N
P101123,4,2024-04-22,69,Heart failure,13.0,-0.8,98,collected,scheduled,154,108,96,0,N
P101124,1,2025-01-04,85,Kidney disease,23.1,0.3,77,collected,attended,162,91,93,0,N
P101124,2,2025-01-11,85,Kidney disease,23.1,0.1,87,late,attended,142,106,94,0,N
P101124,3,2025-01-18,85,Kidney disease,23.1,0.1,100,collected,attended,113,100,99,0,N
P101124,4,2025-01-25,85,Kidney disease,23.1,0.4,95,collected,scheduled,142,93,97,0,N
P101125,1,2025-08-22,37,Stroke,19.8,0.8,91,missed,attended,143,77,100,0,N
P101125,2,2025-08-29,37,Stroke,19.8,0.3,91,collected,attended,130,92,92,0,N
P101125,3,2025-09-05,37,Stroke,19.8,0.8,96,collected,scheduled,137,93,95,0,N
P101125,4,2025-09-12,37,Stroke,19.8,0.6,81,collected,attended,161,89,98,0,N
P101126,1,2024-12-08,49,Other,11.9,0.4,94,late,attended,124,84,97,1,N
P101126,2,2024-12-15,49,Other,11.9,1.0,64,collected,attended,106,81,98,1,N
P101126,3,2024-12-22,49,Other,11.9,0.9,82,missed,attended,156,80,94,1,Y
P101126,4,2024-12-29,49,Other,11.9,1.8,93,collected,scheduled,114,72,95,1,Y
P101127,1,2025-05-22,91,Diabetes,15.4,0.3,99,collected,scheduled,124,74,96,0,N
P101127,2,2025-05-29,91,Diabetes,15.4,0.5,82,collected,attended,155,70,95,0,N
P101127,3,2025-06-05,91,Diabetes,15.4,0.7,91,collected,attended,127,86,95,0,N
P101127,4,2025-06-12,91,Diabetes,15.4,1.3,82,collected,attended,118,90,97,0,N
P101128,1,2024-04-26,73,COPD,21.4,-0.2,74,collected,attended,153,88,98,0,N
P101128,2,2024-05-03,73,COPD,21.4,0.3,72,collected,scheduled,141,74,95,0,N
P101128,3,2024-05-10,73,COPD,21.4,0.3,82,missed,attended,140,83,96,0,N
P101128,4,2024-05-17,73,COPD,21.4,0.1,68,collected,attended,116,79,93,0,N
P101129,1,2024-04-26,58,Other,14.2,-0.5,86,collected,missed,128,82,98,0,N
P101129,2,2024-05-03,58,Other,14.2,-0.2,68,collected,attended,138,62,95,0,N
P101129,3,2024-05-10,58,Other,14.2,0.2,82,late,scheduled,162,62,98,0,N
P101129,4,2024-05-17,58,Other,14.2,0.2,89,collected,scheduled,112,93,94,0,N
P101130,1,2024-04-05,93,Other,26.9,-0.2,100,collected,missed,132,68,95,0,N
P101130,2,2024-04-12,93,Other,26.9,-0.3,93,collected,attended,118,92,98,0,N
P101130,3,2024-04-19,93,Other,26.9,0.2,96,collected,attended,124,88,92,0,N
P101130,4,2024-04-26,93,Other,26.9,-0.3,99,late,attended,134,90,95,0,N
P101131,1,2024-09-05,72,Heart failure,18.2,-0.1,71,collected,scheduled,134,61,96,0,N
P101131,2,2024-09-12,72,Heart failure,18.2,0.5,76,collected,attended,127,96,97,0,N
P101131,3,2024-09-19,72,Heart failure,18.2,0.7,76,collected,attended,136,87,93,0,N
P101131,4,2024-09-26,72,Heart failure,18.2,0.9,100,collected,attended,144,82,95,0,N
P101132,1,2025-02-12,53,Heart failure,15.4,0.4,60,late,attended,144,85,96,1,N
P101132,2,2025-02-19,53,Heart failure,15.4,0.9,76,late,scheduled,149,86,94,1,N
P101132,3,2025-02-26,53,Heart failure,15.4,0.0,68,late,scheduled,137,70,94,1,Y
P101132,4,2025-03-05,53,Heart failure,15.4,0.6,86,late,attended,137,81,94,1,Y
P101133,1,2025-01-11,60,Other,45.0,-0.1,98,late,attended,130,77,94,1,N
P101133,2,2025-01-18,60,Other,45.0,-0.2,100,missed,attended,132,73,99,1,N
P101133,3,2025-01-25,60,Other,45.0,0.0,77,collected,scheduled,146,94,95,1,Y
P101133,4,2025-02-01,60,Other,45.0,0.1,85,collected,attended,146,63,94,1,Y
P101134,1,2025-07-02,75,Kidney disease,25.0,-0.4,95,collected,scheduled,113,61,96,1,N
P101134,2,2025-07-09,75,Kidney disease,25.0,-0.5,88,late,attended,143,73,95,1,N
P101134,3,2025-07-16,75,Kidney disease,25.0,-1.1,90,late,attended,129,77,96,1,Y
P101134,4,2025-07-23,75,Kidney disease,25.0,-0.5,83,late,attended,128,69,93,1,Y
P101135,1,2024-07-14,53,Diabetes,16.8,0.2,67,collected,missed,119,82,95,0,N
P101135,2,2024-07-21,53,Diabetes,16.8,1.3,88,missed,attended,123,84,93,0,N
P101135,3,2024-07-28,53,Diabetes,16.8,0.8,87,late,scheduled,139,87,95,0,N
P101135,4,2024-08-04,53,Diabetes,16.8,0.7,87,missed,scheduled,139,69,94,0,N
P101136,1,2024-04-13,45,Diabetes,19.8,-0.0,89,collected,attended,129,61,99,0,N
P101136,2,2024-04-20,45,Diabetes,19.8,0.0,90,late,attended,155,82,96,0,N
P101136,3,2024-04-27,45,Diabetes,19.8,0.3,90,collected,attended,123,80,98,0,N
P101136,4,2024-05-04,45,Diabetes,19.8,1.2,67,late,scheduled,136,74,96,0,N
P101137,1,2025-03-23,49,Other,11.9,0.6,100,collected,scheduled,148,73,93,0,N
P101137,2,2025-03-30,49,Other,11.9,1.6,96,collected,missed,131,81,93,0,N
P101137,3,2025-04-06,49,Other,11.9,1.3,100,collected,scheduled,110,84,98,0,N
P101137,4,2025-04-13,49,Other,11.9,2.1,75,collected,attended,145,59,96,0,N
P101138,1,2025-04-21,71,Pneumonia,14.2,0.1,73,collected,attended,122,84,97,1,N
P101138,2,2025-04-28,71,Pneumonia,14.2,0.9,89,collected,attended,134,76,97,1,N
P101138,3,2025-05-05,71,Pneumonia,14.2,1.4,81,collected,missed,135,81,96,1,Y
P101138,4,2025-05-12,71,Pneumonia,14.2,0.3,96,collected,attended,126,87,97,1,Y
P101139,1,2025-06-21,68,Kidney disease,11.9,-0.8,86,late,attended,123,83,95,0,N
P101139,2,2025-06-28,68,Kidney disease,11.9,-1.1,94,collected,attended,141,76,96,0,N
P101139,3,2025-07-05,68,Kidney disease,11.9,-0.8,100,collected,attended,156,86,98,0,N
P101139,4,2025-07-12,68,Kidney disease,11.9,-1.4,78,collected,attended,148,61,96,0,N
P101140,1,2024-06-26,51,Diabetes,16.8,-0.0,92,collected,missed,149,72,97,0,N
P101140,2,2024-07-03,51,Diabetes,16.8,-0.2,76,collected,scheduled,154,70,98,0,N
P101140,3,2024-07-10,51,Diabetes,16.8,-0.8,100,collected,missed,141,70,95,0,N
P101140,4,2024-07-17,51,Diabetes,16.8,-0.1,100,collected,missed,124,82,96,0,N
P101141,1,2024-12-18,42,Heart failure,19.8,0.5,92,late,attended,128,80,95,0,N
P101141,2,2024-12-25,42,Heart failure,19.8,0.4,100,collected,missed,128,82,93,0,N
P101141,3,2025-01-01,42,Heart failure,19.8,0.6,72,collected,attended,119,79,98,0,N
P101141,4,2025-01-08,42,Heart failure,19.8,0.8,80,collected,scheduled,132,101,95,0,N
P101142,1,2025-06-12,59,COPD,18.2,0.4,81,collected,scheduled,119,82,97,0,N
P101142,2,2025-06-19,59,COPD,18.2,1.5,92,collected,missed,117,90,96,0,N
P101142,3,2025-06-26,59,COPD,18.2,1.7,96,missed,attended,133,79,93,0,N
P101142,4,2025-07-03,59,COPD,18.2,1.3,93,collected,attended,142,79,94,0,N
P101143,1,2025-07-07,87,Other,31.0,0.4,63,late,scheduled,146,86,97,1,N
P101143,2,2025-07-14,87,Other,31.0,0.7,69,missed,scheduled,138,67,95,1,N
P101143,3,2025-07-21,87,Other,31.0,0.5,84,collected,scheduled,141,79,96,1,Y
P101143,4,2025-07-28,87,Other,31.0,0.4,72,collected,attended,123,96,95,1,Y
P101144,1,2024-07-10,66,Sepsis,25.0,-0.4,75,late,attended,127,96,97,1,N
P101144,2,2024-07-17,66,Sepsis,25.0,0.0,84,late,scheduled,133,96,96,1,N
P101144,3,2024-07-24,66,Sepsis,25.0,0.3,81,collected,scheduled,139,69,95,1,Y
P101144,4,2024-07-31,66,Sepsis,25.0,-0.4,94,collected,missed,144,92,99,1,Y
P101145,1,2024-12-27,78,Stroke,13.0,0.2,84,collected,attended,129,76,95,0,N
P101145,2,2025-01-03,78,Stroke,13.0,0.4,86,collected,scheduled,125,96,95,0,N
P101145,3,2025-01-10,78,Stroke,13.0,0.5,100,collected,scheduled,163,67,94,0,N
P101145,4,2025-01-17,78,Stroke,13.0,0.1,91,collected,attended,129,89,92,0,N
P101146,1,2024-10-01,82,Other,15.4,0.4,80,collected,scheduled,163,87,93,0,N
P101146,2,2024-10-08,82,Other,15.4,-0.4,97,missed,missed,150,93,98,0,N
P101146,3,2024-10-15,82,Other,15.4,-1.2,83,collected,missed,126,95,93,0,N
P101146,4,2024-10-22,82,Other,15.4,-2.9,72,late,attended,148,68,96,0,N
P101147,1,2025-04-13,68,Diabetes,15.4,0.1,65,collected,attended,150,81,95,0,N
P101147,2,2025-04-20,68,Diabetes,15.4,0.1,89,missed,attended,137,86,94,0,N
P101147,3,2025-04-27,68,Diabetes,15.4,0.1,84,collected,attended,179,92,95,0,N
P101147,4,2025-05-04,68,Diabetes,15.4,0.2,87,collected,scheduled,140,61,96,0,N
P101148,1,2025-01-15,59,Other,15.4,-0.9,78,collected,scheduled,135,82,97,0,N
P101148,2,2025-01-22,59,Other,15.4,-1.1,88,collected,scheduled,136,67,95,0,N
P101148,3,2025-01-29,59,Other,15.4,-2.2,77,collected,attended,132,85,98,0,N
P101148,4,2025-02-05,59,Other,15.4,-3.1,89,collected,attended,128,79,95,0,N
P101149,1,2024-06-29,88,Diabetes,16.8,-0.3,95,collected,scheduled,144,76,94,0,N
P101149,2,2024-07-06,88,Diabetes,16.8,0.3,84,collected,attended,132,73,97,0,N
P101149,3,2024-07-13,88,Diabetes,16.8,0.1,88,collected,missed,110,95,93,0,N
P101149,4,2024-07-20,88,Diabetes,16.8,-0.3,91,collected,attended,134,75,95,0,N
P101150,1,2024-03-25,89,Stroke,21.4,0.4,84,collected,scheduled,120,82,97,0,N
P101150,2,2024-04-01,89,Stroke,21.4,0.7,85,collected,missed,120,80,95,0,N
P101150,3,2024-04-08,89,Stroke,21.4,0.3,92,collected,attended,140,89,98,0,N
P101150,4,2024-04-15,89,Stroke,21.4,0.4,92,collected,attended,160,63,97,0,N
P101151,1,2025-07-13,68,Heart failure,16.8,-0.0,79,collected,attended,114,62,96,0,N
P101151,2,2025-07-20,68,Heart failure,16.8,0.5,80,collected,attended,121,77,98,0,N
P101151,3,2025-07-27,68,Heart failure,16.8,0.4,77,collected,scheduled,138,69,99,0,N
P101151,4,2025-08-03,68,Heart failure,16.8,0.0,86,collected,missed,115,68,95,0,N
P101152,1,2024-02-18,42,Other,16.8,0.4,79,collected,missed,132,83,94,1,N
P101152,2,2024-02-25,42,Other,16.8,0.4,77,late,attended,150,81,98,1,N
P101152,3,2024-03-03,42,Other,16.8,0.9,77,collected,missed,156,88,95,1,Y
P101152,4,2024-03-10,42,Other,16.8,-0.2,86,missed,missed,133,88,95,1,Y
P101153,1,2025-08-29,61,Other,13.0,-0.2,84,collected,attended,145,77,96,0,N
P101153,2,2025-09-05,61,Other,13.0,-0.1,82,collected,attended,153,88,97,0,N
P101153,3,2025-09-12,61,Other,13.0,-0.6,83,missed,attended,113,87,95,0,N
P101153,4,2025-09-19,61,Other,13.0,-0.7,76,collected,scheduled,143,56,95,0,N
P101154,1,2024-11-08,77,Stroke,18.2,-0.5,76,collected,attended,149,90,98,0,N
P101154,2,2024-11-15,77,Stroke,18.2,-0.5,81,collected,scheduled,131,79,95,0,N
P101154,3,2024-11-22,77,Stroke,18.2,-0.8,91,late,scheduled,146,87,97,0,N
P101154,4,2024-11-29,77,Stroke,18.2,-1.2,86,collected,attended,147,86,95,0,N
P101155,1,2024-05-21,50,COPD,11.9,0.3,80,collected,scheduled,146,85,98,0,N
P101155,2,2024-05-28,50,COPD,11.9,0.5,81,collected,attended,125,79,95,0,N
P101155,3,2024-06-04,50,COPD,11.9,1.3,95,collected,attended,129,79,99,0,N
P101155,4,2024-06-11,50,COPD,11.9,2.1,89,collected,attended,182,70,97,0,N
P101156,1,2025-07-28,90,Stroke,28.9,-0.4,77,collected,scheduled,135,87,96,0,N
P101156,2,2025-08-04,90,Stroke,28.9,-0.2,93,collected,scheduled,142,77,97,0,N
P101156,3,2025-08-11,90,Stroke,28.9,0.0,97,collected,attended,139,70,95,0,N
P101156,4,2025-08-18,90,Stroke,28.9,0.3,84,late,scheduled,156,89,94,0,N
P101157,1,2024-04-07,73,Stroke,15.4,-0.3,95,collected,attended,139,65,95,0,N
P101157,2,2024-04-14,73,Stroke,15.4,-0.1,79,collected,scheduled,130,97,96,0,N
P101157,3,2024-04-21,73,Stroke,15.4,0.3,100,missed,scheduled,107,62,95,0,N
P101157,4,2024-04-28,73,Stroke,15.4,-0.6,85,missed,scheduled,153,81,96,0,N
P101158,1,2024-12-11,71,Stroke,19.8,-0.2,79,collected,attended,113,61,96,0,N
P101158,2,2024-12-18,71,Stroke,19.8,0.1,84,missed,scheduled,134,69,100,0,N
P101158,3,2024-12-25,71,Stroke,19.8,1.4,86,collected,attended,120,96,97,0,N
P101158,4,2025-01-01,71,Stroke,19.8,0.8,76,collected,scheduled,133,64,96,0,N
P101159,1,2025-02-22,79,Heart failure,21.4,-1.0,70,collected,attended,141,97,97,0,N
P101159,2,2025-03-01,79,Heart failure,21.4,-2.1,88,collected,scheduled,152,78,94,0,N
P101159,3,2025-03-08,79,Heart failure,21.4,-2.4,84,collected,attended,144,80,100,0,N
P101159,4,2025-03-15,79,Heart failure,21.4,-2.1,100,collected,attended,124,59,98,0,N
P101160,1,2024-07-27,55,Heart failure,19.8,0.6,85,collected,attended,115,77,96,0,N
P101160,2,2024-08-03,55,Heart failure,19.8,0.6,98,collected,attended,113,92,97,0,N
P101160,3,2024-08-10,55,Heart failure,19.8,0.4,90,collected,scheduled,132,84,98,0,N
P101160,4,2024-08-17,55,Heart failure,19.8,0.6,89,collected,missed,138,88,92,0,N
P101161,1,2025-04-16,43,Pneumonia,13.0,-0.5,77,collected,attended,124,81,98,0,N
P101161,2,2025-04-23,43,Pneumonia,13.0,-0.7,81,collected,attended,135,84,94,0,N
P101161,3,2025-04-30,43,Pneumonia,13.0,-0.3,86,collected,scheduled,122,80,95,0,N
P101161,4,2025-05-07,43,Pneumonia,13.0,-1.1,96,collected,attended,140,77,96,0,N
P101162,1,2025-08-05,71,Hip fracture,14.2,-0.1,86,collected,attended,129,59,96,0,N
P101162,2,2025-08-12,71,Hip fracture,14.2,1.0,99,collected,attended,133,67,98,0,N
P101162,3,2025-08-19,71,Hip fracture,14.2,1.6,92,collected,attended,151,69,95,0,N
P101162,4,2025-08-26,71,Hip fracture,14.2,2.0,84,collected,scheduled,163,74,96,0,N
P101163,1,2025-03-25,72,Heart failure,25.0,-0.8,89,collected,attended,120,77,95,1,N
P101163,2,2025-04-01,72,Heart failure,25.0,-0.8,97,collected,attended,134,86,100,1,N
P101163,3,2025-04-08,72,Heart failure,25.0,-1.4,100,late,attended,118,55,95,1,Y
P101163,4,2025-04-15,72,Heart failure,25.0,-1.5,63,collected,scheduled,154,69,96,1,Y
P101164,1,2024-11-10,63,Diabetes,23.1,0.3,89,collected,attended,135,68,99,0,N
P101164,2,2024-11-17,63,Diabetes,23.1,0.2,82,collected,attended,165,70,94,0,N
P101164,3,2024-11-24,63,Diabetes,23.1,0.8,100,collected,attended,100,78,98,0,N
P101164,4,2024-12-01,63,Diabetes,23.1,0.5,94,collected,attended,173,89,96,0,N
P101165,1,2024-07-27,45,Sepsis,15.4,-0.8,75,collected,scheduled,104,86,94,0,N
P101165,2,2024-08-03,45,Sepsis,15.4,-2.0,99,late,missed,121,81,98,0,N
P101165,3,2024-08-10,45,Sepsis,15.4,-2.1,78,collected,scheduled,150,69,95,0,N
P101165,4,2024-08-17,45,Sepsis,15.4,-1.7,90,collected,scheduled,138,74,95,0,N
P101166,1,2025-02-16,49,Heart failure,15.4,0.4,71,collected,scheduled,141,80,97,0,N
P101166,2,2025-02-23,49,Heart failure,15.4,0.3,100,late,attended,149,96,95,0,N
P101166,3,2025-03-02,49,Heart failure,15.4,0.1,91,collected,attended,118,69,96,0,N
P101166,4,2025-03-09,49,Heart failure,15.4,0.4,98,collected,scheduled,138,88,98,0,N
P101167,1,2025-03-31,84,Other,26.9,0.4,100,missed,scheduled,136,81,93,1,N
P101167,2,2025-04-07,84,Other,26.9,-0.2,82,collected,missed,128,90,93,1,N
P101167,3,2025-04-14,84,Other,26.9,-0.6,98,collected,attended,135,68,93,1,Y
P101167,4,2025-04-21,84,Other,26.9,-1.1,86,collected,attended,127,89,93,1,Y
P101168,1,2024-01-19,57,Heart failure,19.8,0.3,89,collected,scheduled,150,80,98,0,N
P101168,2,2024-01-26,57,Heart failure,19.8,0.2,100,collected,attended,129,85,95,0,N
P101168,3,2024-02-02,57,Heart failure,19.8,-0.6,94,collected,scheduled,138,78,96,0,N
P101168,4,2024-02-09,57,Heart failure,19.8,-0.6,82,missed,attended,139,104,99,0,N
P101169,1,2024-05-06,61,Heart failure,16.8,0.5,98,late,scheduled,160,77,96,0,N
P101169,2,2024-05-13,61,Heart failure,16.8,1.1,71,late,attended,154,85,95,0,N
P101169,3,2024-05-20,61,Heart failure,16.8,1.3,96,collected,attended,155,67,96,0,N
P101169,4,2024-05-27,61,Heart failure,16.8,1.5,63,collected,missed,131,78,96,0,N
P101170,1,2024-02-24,68,Heart failure,19.8,1.5,100,collected,attended,154,70,95,0,N
P101170,2,2024-03-02,68,Heart failure,19.8,1.3,90,collected,scheduled,140,82,98,0,N
P101170,3,2024-03-09,68,Heart failure,19.8,2.2,82,late,attended,132,84,97,0,N
P101170,4,2024-03-16,68,Heart failure,19.8,2.0,84,collected,attended,123,83,94,0,N
P101171,1,2024-11-29,81,Diabetes,21.4,-0.5,81,collected,attended,129,78,94,0,N
P101171,2,2024-12-06,81,Diabetes,21.4,0.1,83,collected,attended,109,96,95,0,N
P101171,3,2024-12-13,81,Diabetes,21.4,-0.5,88,collected,attended,119,63,96,0,N
P101171,4,2024-12-20,81,Diabetes,21.4,-0.9,85,collected,attended,139,67,96,0,N
P101172,1,2025-07-14,46,Diabetes,11.9,-0.8,73,collected,scheduled,143,96,88,0,N
P101172,2,2025-07-21,46,Diabetes,11.9,-0.9,100,late,attended,129,80,96,0,N
P101172,3,2025-07-28,46,Diabetes,11.9,-1.1,93,late,missed,119,96,95,0,N
P101172,4,2025-08-04,46,Diabetes,11.9,-1.3,88,collected,attended,158,79,93,0,N
P101173,1,2025-01-18,59,Other,23.1,-0.6,100,missed,scheduled,108,62,96,1,N
P101173,2,2025-01-25,59,Other,23.1,-0.1,76,collected,attended,129,86,95,1,N
P101173,3,2025-02-01,59,Other,23.1,0.2,88,collected,scheduled,125,85,98,1,Y
P101173,4,2025-02-08,59,Other,23.1,0.6,76,collected,scheduled,108,75,94,1,Y
P101174,1,2025-05-24,81,COPD,18.2,-0.2,81,late,missed,122,82,95,0,N
P101174,2,2025-05-31,81,COPD,18.2,0.0,100,missed,attended,127,76,93,0,N
P101174,3,2025-06-07,81,COPD,18.2,0.6,91,collected,attended,148,59,96,0,N
P101174,4,2025-06-14,81,COPD,18.2,1.4,86,collected,scheduled,117,64,96,0,N
P101175,1,2024-11-01,77,Heart failure,19.8,-1.0,100,collected,scheduled,128,95,98,1,N
P101175,2,2024-11-08,77,Heart failure,19.8,-0.1,58,missed,scheduled,107,53,94,1,N
P101175,3,2024-11-15,77,Heart failure,19.8,0.0,82,collected,attended,137,81,94,1,Y
P101175,4,2024-11-22,77,Heart failure,19.8,0.7,85,collected,missed,128,92,94,1,Y
P101176,1,2024-09-22,73,Pneumonia,18.2,-0.7,79,collected,missed,145,83,95,0,N
P101176,2,2024-09-29,73,Pneumonia,18.2,-1.4,84,collected,missed,133,85,97,0,N
P101176,3,2024-10-06,73,Pneumonia,18.2,-2.2,68,collected,missed,157,70,92,0,N
P101176,4,2024-10-13,73,Pneumonia,18.2,-3.1,85,collected,missed,136,99,93,0,N
P101177,1,2024-07-17,98,Hip fracture,25.0,-0.4,66,collected,scheduled,113,93,97,0,N
P101177,2,2024-07-24,98,Hip fracture,25.0,-0.7,73,late,scheduled,120,76,95,0,N
P101177,3,2024-07-31,98,Hip fracture,25.0,-1.5,100,collected,attended,136,86,94,0,N
P101177,4,2024-08-07,98,Hip fracture,25.0,-0.8,96,collected,scheduled,141,88,98,0,N
P101178,1,2024-12-22,82,COPD,15.4,-0.0,83,collected,attended,144,77,94,0,N
P101178,2,2024-12-29,82,COPD,15.4,0.3,91,collected,missed,132,79,96,0,N
P101178,3,2025-01-05,82,COPD,15.4,0.3,86,collected,scheduled,109,68,97,0,N
P101178,4,2025-01-12,82,COPD,15.4,-0.0,91,missed,scheduled,112,77,95,0,N
P101179,1,2024-01-25,61,Kidney disease,15.4,-0.0,94,collected,scheduled,117,67,98,1,N
P101179,2,2024-02-01,61,Kidney disease,15.4,0.0,91,collected,scheduled,135,77,96,1,N
P101179,3,2024-02-08,61,Kidney disease,15.4,0.3,99,collected,scheduled,161,60,97,1,Y
P101179,4,2024-02-15,61,Kidney disease,15.4,1.3,68,missed,attended,163,95,97,1,Y
P101180,1,2024-02-04,67,Diabetes,40.1,1.0,100,late,attended,104,96,95,1,N
P101180,2,2024-02-11,67,Diabetes,40.1,1.5,94,collected,attended,109,71,95,1,N
P101180,3,2024-02-18,67,Diabetes,40.1,2.0,91,collected,scheduled,107,81,96,1,Y
P101180,4,2024-02-25,67,Diabetes,40.1,1.4,96,collected,attended,122,80,94,1,Y
P101181,1,2024-05-23,61,Pneumonia,19.8,-0.1,67,missed,missed,122,73,99,1,N
P101181,2,2024-05-30,61,Pneumonia,19.8,-0.4,75,collected,attended,147,73,99,1,N
P101181,3,2024-06-06,61,Pneumonia,19.8,-0.2,81,collected,missed,111,81,97,1,Y
P101181,4,2024-06-13,61,Pneumonia,19.8,-0.0,81,missed,missed,138,92,93,1,Y
P101182,1,2024-06-03,54,Diabetes,14.2,0.2,95,collected,scheduled,139,57,96,0,N
P101182,2,2024-06-10,54,Diabetes,14.2,0.7,98,collected,attended,132,73,94,0,N
P101182,3,2024-06-17,54,Diabetes,14.2,1.1,81,collected,attended,144,75,96,0,N
P101182,4,2024-06-24,54,Diabetes,14.2,0.3,81,collected,attended,117,85,97,0,N
P101183,1,2024-11-12,70,Other,14.2,-0.5,81,collected,attended,139,61,94,0,N
P101183,2,2024-11-19,70,Other,14.2,-0.5,87,collected,scheduled,119,76,92,0,N
P101183,3,2024-11-26,70,Other,14.2,0.1,86,missed,attended,137,86,94,0,N
P101183,4,2024-12-03,70,Other,14.2,0.4,100,collected,scheduled,163,64,100,0,N
P101184,1,2025-07-20,55,Kidney disease,16.8,-0.5,70,missed,missed,144,77,93,0,N
P101184,2,2025-07-27,55,Kidney disease,16.8,0.2,100,collected,scheduled,136,79,97,0,N
P101184,3,2025-08-03,55,Kidney disease,16.8,-1.1,72,collected,scheduled,107,75,94,0,N
P101184,4,2025-08-10,55,Kidney disease,16.8,-1.3,85,collected,scheduled,105,65,98,0,N
P101185,1,2024-05-26,67,Stroke,25.0,0.1,73,collected,attended,143,77,98,0,N
P101185,2,2024-06-02,67,Stroke,25.0,-0.5,100,collected,attended,129,83,97,0,N
P101185,3,2024-06-09,67,Stroke,25.0,-0.8,89,collected,attended,125,93,98,0,N
P101185,4,2024-06-16,67,Stroke,25.0,-1.3,91,collected,attended,109,90,97,0,N
P101186,1,2024-02-19,53,COPD,23.1,0.3,61,late,attended,150,88,92,0,N
P101186,2,2024-02-26,53,COPD,23.1,0.4,77,missed,scheduled,107,73,98,0,N
P101186,3,2024-03-04,53,COPD,23.1,0.1,51,collected,missed,154,83,92,0,N
P101186,4,2024-03-11,53,COPD,23.1,1.3,90,collected,scheduled,161,83,95,0,N
P101187,1,2024-04-27,70,Other,18.2,0.4,90,collected,attended,130,62,94,0,N
P101187,2,2024-05-04,70,Other,18.2,0.0,78,collected,attended,122,79,95,0,N
P101187,3,2024-05-11,70,Other,18.2,0.3,79,collected,scheduled,135,87,96,0,N
P101187,4,2024-05-18,70,Other,18.2,-0.7,78,collected,attended,138,70,96,0,N
P101188,1,2024-05-13,67,Pneumonia,14.2,-0.1,94,collected,attended,125,91,98,0,N
P101188,2,2024-05-20,67,Pneumonia,14.2,0.8,78,late,missed,116,88,96,0,N
P101188,3,2024-05-27,67,Pneumonia,14.2,1.7,90,collected,attended,136,66,97,0,N
P101188,4,2024-06-03,67,Pneumonia,14.2,1.6,86,collected,scheduled,125,78,96,0,N
P101189,1,2025-07-04,64,Pneumonia,18.2,0.4,79,missed,scheduled,133,84,96,0,N
P101189,2,2025-07-11,64,Pneumonia,18.2,1.0,85,collected,scheduled,135,83,100,0,N
P101189,3,2025-07-18,64,Pneumonia,18.2,2.0,94,collected,attended,114,71,96,0,N
P101189,4,2025-07-25,64,Pneumonia,18.2,1.6,95,late,attended,143,84,93,0,N
P101190,1,2025-06-14,71,Kidney disease,11.9,-0.4,89,missed,attended,145,88,95,1,N
P101190,2,2025-06-21,71,Kidney disease,11.9,-1.0,76,collected,attended,133,74,97,1,N
P101190,3,2025-06-28,71,Kidney disease,11.9,-1.4,96,collected,missed,122,82,97,1,Y
P101190,4,2025-07-05,71,Kidney disease,11.9,-2.0,86,collected,scheduled,141,71,98,1,Y
P101191,1,2025-06-27,58,Heart failure,15.4,0.4,92,collected,attended,145,61,99,0,N
P101191,2,2025-07-04,58,Heart failure,15.4,0.2,90,collected,attended,142,97,96,0,N
P101191,3,2025-07-11,58,Heart failure,15.4,0.4,100,collected,missed,103,66,92,0,N
P101191,4,2025-07-18,58,Heart failure,15.4,0.5,83,collected,attended,127,79,97,0,N
P101192,1,2025-05-07,63,Hip fracture,14.2,-0.3,94,late,scheduled,119,62,98,0,N
P101192,2,2025-05-14,63,Hip fracture,14.2,-0.3,76,late,attended,126,83,95,0,N
P101192,3,2025-05-21,63,Hip fracture,14.2,0.2,82,collected,attended,154,56,95,0,N
P101192,4,2025-05-28,63,Hip fracture,14.2,0.7,97,late,attended,151,56,96,0,N
P101193,1,2025-02-02,52,Other,13.0,-1.1,73,collected,attended,134,84,96,0,N
P101193,2,2025-02-09,52,Other,13.0,-1.5,88,collected,attended,124,68,100,0,N
P101193,3,2025-02-16,52,Other,13.0,-1.1,100,missed,attended,152,75,95,0,N
P101193,4,2025-02-23,52,Other,13.0,-1.7,90,collected,scheduled,148,81,97,0,N
P101194,1,2024-02-13,45,Heart failure,35.4,-0.9,79,collected,scheduled,129,84,98,0,N
P101194,2,2024-02-20,45,Heart failure,35.4,-0.5,69,late,missed,141,84,96,0,N
P101194,3,2024-02-27,45,Heart failure,35.4,-0.3,85,collected,scheduled,142,83,96,0,N
P101194,4,2024-03-05,45,Heart failure,35.4,0.2,91,missed,scheduled,118,69,95,0,N
P101195,1,2024-08-04,75,Diabetes,13.0,-0.1,98,collected,attended,144,70,96,1,N
P101195,2,2024-08-11,75,Diabetes,13.0,-0.8,88,late,scheduled,121,73,97,1,N
P101195,3,2024-08-18,75,Diabetes,13.0,-0.1,91,collected,attended,153,61,98,1,Y
P101195,4,2024-08-25,75,Diabetes,13.0,0.6,90,missed,scheduled,130,94,100,1,Y
P101196,1,2024-11-04,71,Other,19.8,0.7,97,collected,attended,120,79,96,0,N
P101196,2,2024-11-11,71,Other,19.8,0.3,100,collected,attended,133,71,96,0,N
P101196,3,2024-11-18,71,Other,19.8,0.9,99,missed,scheduled,128,82,100,0,N
P101196,4,2024-11-25,71,Other,19.8,0.6,92,collected,attended,138,77,98,0,N
P101197,1,2024-03-11,69,Other,28.9,0.1,74,collected,attended,119,69,96,0,N
P101197,2,2024-03-18,69,Other,28.9,0.4,95,collected,attended,101,68,95,0,N
P101197,3,2024-03-25,69,Other,28.9,0.9,100,collected,missed,143,90,96,0,N
P101197,4,2024-04-01,69,Other,28.9,0.5,76,collected,attended,136,68,92,0,N
P101198,1,2025-04-01,65,Diabetes,19.8,0.3,80,collected,scheduled,142,93,95,1,N
P101198,2,2025-04-08,65,Diabetes,19.8,0.7,94,collected,scheduled,104,77,96,1,N
P101198,3,2025-04-15,65,Diabetes,19.8,0.8,88,collected,attended,147,74,100,1,Y
P101198,4,2025-04-22,65,Diabetes,19.8,0.8,87,late,scheduled,125,76,96,1,Y
P101199,1,2025-02-01,74,Pneumonia,18.2,0.8,92,collected,missed,143,89,94,1,N
P101199,2,2025-02-08,74,Pneumonia,18.2,1.4,76,collected,scheduled,118,53,99,1,N
P101199,3,2025-02-15,74,Pneumonia,18.2,2.0,84,collected,missed,128,85,94,1,Y
P101199,4,2025-02-22,74,Pneumonia,18.2,2.3,100,collected,scheduled,142,86,97,1,Y
P101200,1,2024-08-26,40,Hip fracture,31.0,0.8,100,missed,scheduled,153,87,97,1,N
P101200,2,2024-09-02,40,Hip fracture,31.0,1.7,69,collected,scheduled,129,85,94,1,N
P101200,3,2024-09-09,40,Hip fracture,31.0,1.5,86,collected,attended,115,84,93,1,Y
P101200,4,2024-09-16,40,Hip fracture,31.0,1.6,93,collected,attended,125,66,95,1,Y
P101201,1,2024-01-25,67,Other,15.4,0.4,89,collected,missed,130,94,100,0,N
P101201,2,2024-02-01,67,Other,15.4,0.8,69,collected,attended,114,73,95,0,N
P101201,3,2024-02-08,67,Other,15.4,1.3,89,collected,attended,127,68,95,0,N
P101201,4,2024-02-15,67,Other,15.4,-0.0,85,collected,attended,136,69,98,0,N
P101202,1,2024-07-29,80,Stroke,28.9,-0.3,95,collected,attended,140,70,96,0,N
P101202,2,2024-08-05,80,Stroke,28.9,-0.1,81,missed,missed,127,84,96,0,N
P101202,3,2024-08-12,80,Stroke,28.9,-0.0,87,collected,attended,121,71,93,0,N
P101202,4,2024-08-19,80,Stroke,28.9,0.9,100,collected,scheduled,119,72,95,0,N
P101203,1,2024-01-24,90,Diabetes,11.9,-0.1,100,collected,attended,139,76,94,0,N
P101203,2,2024-01-31,90,Diabetes,11.9,0.4,88,collected,attended,121,103,94,0,N
P101203,3,2024-02-07,90,Diabetes,11.9,0.2,91,collected,attended,125,94,96,0,N
P101203,4,2024-02-14,90,Diabetes,11.9,-0.1,70,collected,attended,114,75,93,0,N
P101204,1,2024-11-21,75,Other,15.4,0.3,93,collected,attended,133,79,97,0,N
P101204,2,2024-11-28,75,Other,15.4,0.5,87,collected,scheduled,141,100,97,0,N
P101204,3,2024-12-05,75,Other,15.4,-0.2,95,collected,missed,133,88,97,0,N
P101204,4,2024-12-12,75,Other,15.4,-0.1,100,collected,attended,137,66,94,0,N
P101205,1,2025-01-02,76,Stroke,42.6,-0.4,87,collected,attended,153,87,95,0,N
P101205,2,2025-01-09,76,Stroke,42.6,-0.2,85,collected,scheduled,124,73,97,0,N
P101205,3,2025-01-16,76,Stroke,42.6,-0.2,82,collected,attended,153,90,93,0,N
P101205,4,2025-01-23,76,Stroke,42.6,-0.4,89,collected,attended,136,80,97,0,N
P101206,1,2024-04-12,57,Other,13.0,-1.2,95,late,scheduled,135,65,97,0,N
P101206,2,2024-04-19,57,Other,13.0,-1.4,85,collected,scheduled,136,76,95,0,N
P101206,3,2024-04-26,57,Other,13.0,-1.0,97,collected,scheduled,122,81,96,0,N
P101206,4,2024-05-03,57,Other,13.0,0.1,88,late,attended,130,74,98,0,N
P101207,1,2024-04-20,60,COPD,13.0,1.0,100,collected,attended,127,65,94,0,N
P101207,2,2024-04-27,60,COPD,13.0,1.7,99,collected,attended,147,75,95,0,N
P101207,3,2024-05-04,60,COPD,13.0,1.2,76,collected,scheduled,128,90,97,0,N
P101207,4,2024-05-11,60,COPD,13.0,1.8,88,collected,scheduled,129,96,96,0,N
P101208,1,2025-01-07,71,Pneumonia,13.0,0.6,95,collected,scheduled,151,77,97,0,N
P101208,2,2025-01-14,71,Pneumonia,13.0,0.0,100,collected,attended,120,68,100,0,N
P101208,3,2025-01-21,71,Pneumonia,13.0,-1.0,78,collected,missed,139,86,97,0,N
P101208,4,2025-01-28,71,Pneumonia,13.0,-1.6,79,collected,scheduled,142,70,97,0,N
P101209,1,2024-10-07,76,Other,23.1,0.0,83,collected,missed,121,69,96,0,N
P101209,2,2024-10-14,76,Other,23.1,-0.9,100,collected,scheduled,157,68,96,0,N
P101209,3,2024-10-21,76,Other,23.1,-1.9,81,collected,scheduled,146,82,97,0,N
P101209,4,2024-10-28,76,Other,23.1,-0.9,86,collected,attended,142,66,95,0,N
P101210,1,2025-03-14,48,Other,18.2,-0.2,79,collected,scheduled,127,93,96,0,N
P101210,2,2025-03-21,48,Other,18.2,-0.1,77,collected,attended,152,71,94,0,N
P101210,3,2025-03-28,48,Other,18.2,-0.6,75,collected,attended,120,78,95,0,N
P101210,4,2025-04-04,48,Other,18.2,-1.2,100,late,attended,115,68,94,0,N
P101211,1,2024-04-09,48,Pneumonia,15.4,0.2,70,collected,attended,129,64,96,0,N
P101211,2,2024-04-16,48,Pneumonia,15.4,0.2,91,collected,scheduled,144,82,95,0,N
P101211,3,2024-04-23,48,Pneumonia,15.4,-0.2,88,collected,attended,147,57,94,0,N
P101211,4,2024-04-30,48,Pneumonia,15.4,-0.4,95,collected,scheduled,101,82,96,0,N
P101212,1,2024-08-05,77,Other,31.0,-0.2,94,collected,attended,123,86,94,0,N
P101212,2,2024-08-12,77,Other,31.0,-0.5,77,collected,attended,129,79,98,0,N
P101212,3,2024-08-19,77,Other,31.0,-0.7,94,collected,scheduled,122,56,95,0,N
P101212,4,2024-08-26,77,Other,31.0,-0.1,71,collected,attended,117,86,97,0,N
P101213,1,2024-05-13,76,Heart failure,16.8,0.5,85,late,scheduled,121,80,94,0,N
P101213,2,2024-05-20,76,Heart failure,16.8,0.1,76,collected,attended,138,58,97,0,N
P101213,3,2024-05-27,76,Heart failure,16.8,0.3,75,collected,attended,135,71,96,0,N
P101213,4,2024-06-03,76,Heart failure,16.8,0.1,81,collected,attended,136,86,95,0,N
P101214,1,2025-08-04,72,Pneumonia,16.8,-0.3,59,collected,missed,139,81,99,1,N
P101214,2,2025-08-11,72,Pneumonia,16.8,-0.3,71,collected,missed,105,98,91,1,N
P101214,3,2025-08-18,72,Pneumonia,16.8,-0.9,68,collected,scheduled,161,64,96,1,Y
P101214,4,2025-08-25,72,Pneumonia,16.8,0.5,79,collected,attended,146,78,94,1,Y
P101215,1,2025-01-31,70,Other,25.0,0.8,93,collected,attended,139,69,94,1,N
P101215,2,2025-02-07,70,Other,25.0,-0.4,80,late,attended,128,83,94,1,N
P101215,3,2025-02-14,70,Other,25.0,-0.3,95,collected,attended,135,81,96,1,Y
P101215,4,2025-02-21,70,Other,25.0,0.0,99,collected,attended,134,74,94,1,Y
P101216,1,2025-01-06,81,Other,26.9,-0.3,87,collected,attended,133,69,97,0,N
P101216,2,2025-01-13,81,Other,26.9,0.2,88,late,scheduled,136,84,94,0,N
P101216,3,2025-01-20,81,Other,26.9,0.2,91,missed,attended,118,96,96,0,N
P101216,4,2025-01-27,81,Other,26.9,0.8,89,collected,attended,132,96,98,0,N
P101217,1,2024-10-01,78,COPD,21.4,0.3,96,missed,scheduled,136,94,96,0,N
P101217,2,2024-10-08,78,COPD,21.4,0.9,83,collected,attended,125,91,95,0,N
P101217,3,2024-10-15,78,COPD,21.4,1.4,79,collected,attended,123,73,94,0,N
P101217,4,2024-10-22,78,COPD,21.4,1.1,85,late,scheduled,113,87,96,0,N
P101218,1,2025-01-26,85,Sepsis,25.0,-0.1,97,collected,attended,130,79,96,0,N
P101218,2,2025-02-02,85,Sepsis,25.0,0.9,77,missed,scheduled,165,78,93,0,N
P101218,3,2025-02-09,85,Sepsis,25.0,1.2,85,collected,attended,130,67,96,0,N
P101218,4,2025-02-16,85,Sepsis,25.0,1.5,88,collected,attended,117,81,96,0,N
P101219,1,2025-04-01,64,Diabetes,13.0,0.5,91,collected,scheduled,148,90,96,0,N
P101219,2,2025-04-08,64,Diabetes,13.0,0.4,91,collected,scheduled,161,83,95,0,N
P101219,3,2025-04-15,64,Diabetes,13.0,-0.2,79,collected,attended,161,84,93,0,N
P101219,4,2025-04-22,64,Diabetes,13.0,0.7,91,late,scheduled,125,71,95,0,N
P101220,1,2024-02-07,62,Hip fracture,13.0,-0.1,73,late,scheduled,160,81,95,0,N
P101220,2,2024-02-14,62,Hip fracture,13.0,-0.6,81,collected,attended,120,75,100,0,N
P101220,3,2024-02-21,62,Hip fracture,13.0,-0.2,92,collected,missed,123,74,97,0,N
P101220,4,2024-02-28,62,Hip fracture,13.0,-0.1,93,late,attended,126,77,95,0,N
P101221,1,2025-07-28,85,Stroke,18.2,-0.0,94,collected,attended,121,67,95,0,N
P101221,2,2025-08-04,85,Stroke,18.2,-0.9,100,collected,scheduled,122,63,96,0,N
P101221,3,2025-08-11,85,Stroke,18.2,-0.8,91,collected,attended,107,82,95,0,N
P101221,4,2025-08-18,85,Stroke,18.2,-1.2,93,collected,attended,117,77,95,0,N
P101222,1,2024-11-08,54,COPD,13.0,-0.5,79,collected,scheduled,135,88,94,0,N
P101222,2,2024-11-15,54,COPD,13.0,0.2,74,collected,scheduled,132,73,95,0,N
P101222,3,2024-11-22,54,COPD,13.0,-0.7,76,late,missed,130,95,97,0,N
P101222,4,2024-11-29,54,COPD,13.0,-1.4,69,collected,scheduled,171,75,94,0,N
P101223,1,2025-07-18,63,Heart failure,25.0,-1.0,92,collected,attended,108,85,96,0,N
P101223,2,2025-07-25,63,Heart failure,25.0,-0.8,73,collected,attended,132,53,95,0,N
P101223,3,2025-08-01,63,Heart failure,25.0,-1.5,87,collected,scheduled,142,86,94,0,N
P101223,4,2025-08-08,63,Heart failure,25.0,-0.6,95,collected,attended,141,72,97,0,N
P101224,1,2024-07-08,64,Stroke,14.2,-0.6,73,collected,missed,122,75,94,0,N
P101224,2,2024-07-15,64,Stroke,14.2,0.1,73,collected,missed,145,70,97,0,N
P101224,3,2024-07-22,64,Stroke,14.2,0.4,79,late,attended,113,81,100,0,N
P101224,4,2024-07-29,64,Stroke,14.2,0.6,96,late,attended,149,49,97,0,N
P101225,1,2025-03-13,80,Stroke,11.9,-0.9,79,missed,missed,130,118,98,0,N
P101225,2,2025-03-20,80,Stroke,11.9,-0.9,71,collected,attended,120,58,94,0,N
P101225,3,2025-03-27,80,Stroke,11.9,-1.5,85,collected,scheduled,114,61,94,0,N
P101225,4,2025-04-03,80,Stroke,11.9,-1.4,91,collected,attended,144,93,93,0,N
P101226,1,2024-09-09,72,Other,16.8,0.4,77,collected,attended,134,65,95,1,N
P101226,2,2024-09-16,72,Other,16.8,0.3,80,collected,missed,132,86,97,1,N
P101226,3,2024-09-23,72,Other,16.8,0.1,86,collected,attended,129,62,98,1,Y
P101226,4,2024-09-30,72,Other,16.8,-0.0,60,collected,scheduled,127,95,90,1,Y
P101227,1,2024-07-04,57,Heart failure,13.0,0.5,72,collected,missed,144,70,94,0,N
P101227,2,2024-07-11,57,Heart failure,13.0,1.2,71,collected,missed,111,82,92,0,N
P101227,3,2024-07-18,57,Heart failure,13.0,0.4,74,late,attended,144,80,98,0,N
P101227,4,2024-07-25,57,Heart failure,13.0,0.5,84,late,missed,146,90,95,0,N
P101228,1,2024-11-13,53,Pneumonia,21.4,0.1,100,late,scheduled,147,58,96,0,N
P101228,2,2024-11-20,53,Pneumonia,21.4,-0.6,80,late,attended,166,70,95,0,N
P101228,3,2024-11-27,53,Pneumonia,21.4,-0.7,87,collected,scheduled,130,84,97,0,N
P101228,4,2024-12-04,53,Pneumonia,21.4,-1.9,93,collected,attended,126,91,96,0,N
P101229,1,2025-07-17,81,Heart failure,13.0,0.2,97,collected,scheduled,128,70,100,0,N
P101229,2,2025-07-24,81,Heart failure,13.0,-0.2,66,collected,attended,118,65,92,0,N
P101229,3,2025-07-31,81,Heart failure,13.0,0.4,90,collected,attended,151,87,100,0,N
P101229,4,2025-08-07,81,Heart failure,13.0,0.6,73,collected,attended,131,73,95,0,N
P101230,1,2024-05-26,57,Other,14.2,0.5,84,collected,scheduled,130,66,95,0,N
P101230,2,2024-06-02,57,Other,14.2,0.3,83,collected,attended,132,81,94,0,N
P101230,3,2024-06-09,57,Other,14.2,1.1,82,late,missed,120,98,95,0,N
P101230,4,2024-06-16,57,Other,14.2,2.2,86,collected,scheduled,124,56,96,0,N
P101231,1,2024-07-11,82,Sepsis,42.6,0.1,96,collected,attended,126,75,95,0,N
P101231,2,2024-07-18,82,Sepsis,42.6,0.7,90,late,attended,150,85,95,0,N
P101231,3,2024-07-25,82,Sepsis,42.6,0.8,84,collected,scheduled,114,79,96,0,N
P101231,4,2024-08-01,82,Sepsis,42.6,0.0,81,collected,scheduled,152,73,99,0,N
P101232,1,2024-09-18,69,Sepsis,16.8,-1.0,88,collected,missed,104,82,89,0,N
P101232,2,2024-09-25,69,Sepsis,16.8,-0.8,77,collected,scheduled,136,94,96,0,N
P101232,3,2024-10-02,69,Sepsis,16.8,-1.9,94,collected,attended,123,63,96,0,N
P101232,4,2024-10-09,69,Sepsis,16.8,-2.2,88,collected,attended,130,81,97,0,N
P101233,1,2024-11-10,43,Other,16.8,-0.4,82,collected,attended,135,75,97,0,N
P101233,2,2024-11-17,43,Other,16.8,-0.6,98,missed,attended,136,80,94,0,N
P101233,3,2024-11-24,43,Other,16.8,-0.8,88,collected,attended,129,70,94,0,N
P101233,4,2024-12-01,43,Other,16.8,-1.3,80,collected,attended,126,71,100,0,N
P101234,1,2024-03-01,77,Kidney disease,18.2,-0.6,100,collected,missed,130,67,96,0,N
P101234,2,2024-03-08,77,Kidney disease,18.2,-2.0,92,late,scheduled,124,78,95,0,N
P101234,3,2024-03-15,77,Kidney disease,18.2,-1.5,80,collected,scheduled,118,64,97,0,N
P101234,4,2024-03-22,77,Kidney disease,18.2,-1.9,80,missed,attended,133,87,97,0,N
P101235,1,2024-11-15,81,Hip fracture,23.1,-1.1,84,late,missed,132,82,93,1,N
P101235,2,2024-11-22,81,Hip fracture,23.1,-0.1,83,collected,missed,126,84,95,1,N
P101235,3,2024-11-29,81,Hip fracture,23.1,0.0,97,collected,missed,141,72,97,1,Y
P101235,4,2024-12-06,81,Hip fracture,23.1,0.8,59,collected,missed,137,93,97,1,Y
P101236,1,2025-02-07,78,Heart failure,13.0,0.3,90,collected,attended,135,72,96,1,N
P101236,2,2025-02-14,78,Heart failure,13.0,0.3,86,collected,scheduled,104,92,97,1,N
P101236,3,2025-02-21,78,Heart failure,13.0,-0.2,92,collected,attended,117,67,95,1,Y
P101236,4,2025-02-28,78,Heart failure,13.0,0.3,100,collected,scheduled,112,67,91,1,Y
P101237,1,2025-02-13,93,Other,31.0,0.4,82,collected,attended,123,64,96,0,N
P101237,2,2025-02-20,93,Other,31.0,-0.0,88,collected,attended,147,93,93,0,N
P101237,3,2025-02-27,93,Other,31.0,0.3,91,collected,attended,133,72,98,0,N
P101237,4,2025-03-06,93,Other,31.0,0.9,93,collected,attended,117,63,95,0,N
P101238,1,2024-11-20,96,Heart failure,19.8,0.1,71,collected,scheduled,121,74,96,1,N
P101238,2,2024-11-27,96,Heart failure,19.8,0.4,94,collected,scheduled,141,87,94,1,N
P101238,3,2024-12-04,96,Heart failure,19.8,0.7,85,collected,attended,124,95,95,1,Y
P101238,4,2024-12-11,96,Heart failure,19.8,1.3,81,late,scheduled,140,85,97,1,Y
P101239,1,2025-03-18,73,Pneumonia,13.0,0.5,81,collected,attended,126,66,96,0,N
P101239,2,2025-03-25,73,Pneumonia,13.0,1.0,100,collected,attended,116,72,98,0,N
P101239,3,2025-04-01,73,Pneumonia,13.0,0.9,94,collected,attended,122,92,96,0,N
P101239,4,2025-04-08,73,Pneumonia,13.0,0.1,82,collected,attended,124,63,95,0,N
P101240,1,2024-01-14,67,Kidney disease,16.8,-0.4,90,collected,scheduled,127,66,96,0,N
P101240,2,2024-01-21,67,Kidney disease,16.8,0.0,77,collected,attended,117,78,96,0,N
P101240,3,2024-01-28,67,Kidney disease,16.8,-0.6,88,collected,attended,120,73,94,0,N
P101240,4,2024-02-04,67,Kidney disease,16.8,-0.8,87,late,attended,141,90,97,0,N
P101241,1,2025-02-17,100,COPD,40.1,-0.1,93,collected,missed,131,99,100,1,N
P101241,2,2025-02-24,100,COPD,40.1,-0.5,74,collected,missed,116,80,93,1,N
P101241,3,2025-03-03,100,COPD,40.1,-0.3,81,collected,attended,131,91,94,1,Y
P101241,4,2025-03-10,100,COPD,40.1,-0.0,85,collected,attended,141,80,97,1,Y
P101242,1,2025-08-14,78,Kidney disease,15.4,-0.9,96,collected,scheduled,135,69,94,0,N
P101242,2,2025-08-21,78,Kidney disease,15.4,-1.2,92,collected,attended,153,92,97,0,N
P101242,3,2025-08-28,78,Kidney disease,15.4,-1.2,93,collected,attended,141,66,94,0,N
P101242,4,2025-09-04,78,Kidney disease,15.4,-1.3,85,collected,missed,136,78,96,0,N
P101243,1,2024-06-29,53,Sepsis,21.4,0.3,100,collected,attended,147,81,96,0,N
P101243,2,2024-07-06,53,Sepsis,21.4,0.3,99,collected,scheduled,131,61,98,0,N
P101243,3,2024-07-13,53,Sepsis,21.4,0.7,94,collected,attended,130,63,96,0,N
P101243,4,2024-07-20,53,Sepsis,21.4,0.8,82,collected,attended,130,75,96,0,N
P101244,1,2024-10-07,69,Kidney disease,33.2,-0.1,100,collected,attended,135,85,98,0,N
P101244,2,2024-10-14,69,Kidney disease,33.2,-0.3,88,collected,scheduled,109,91,95,0,N
P101244,3,2024-10-21,69,Kidney disease,33.2,-1.0,100,collected,scheduled,123,73,98,0,N
P101244,4,2024-10-28,69,Kidney disease,33.2,-0.9,70,collected,scheduled,131,86,100,0,N
P101245,1,2024-01-26,69,Heart failure,16.8,-0.2,85,collected,attended,111,79,98,0,N
P101245,2,2024-02-02,69,Heart failure,16.8,1.8,98,collected,attended,133,90,97,0,N
P101245,3,2024-02-09,69,Heart failure,16.8,1.3,85,collected,attended,112,56,99,0,N
P101245,4,2024-02-16,69,Heart failure,16.8,0.3,79,collected,scheduled,153,74,93,0,N
P101246,1,2025-07-04,79,Heart failure,23.1,-0.1,74,late,attended,167,88,95,1,N
P101246,2,2025-07-11,79,Heart failure,23.1,-0.3,81,late,attended,120,73,95,1,N
P101246,3,2025-07-18,79,Heart failure,23.1,-0.6,72,late,attended,146,84,95,1,Y
P101246,4,2025-07-25,79,Heart failure,23.1,-0.2,77,collected,missed,127,85,94,1,Y
P101247,1,2025-08-27,47,Heart failure,18.2,0.7,88,late,attended,131,72,95,0,N
P101247,2,2025-09-03,47,Heart failure,18.2,0.4,83,collected,scheduled,135,82,96,0,N
P101247,3,2025-09-10,47,Heart failure,18.2,0.4,85,collected,scheduled,127,77,99,0,N
P101247,4,2025-09-17,47,Heart failure,18.2,0.6,91,collected,attended,134,65,95,0,N
P101248,1,2025-06-15,60,Heart failure,16.8,0.3,91,late,attended,145,111,96,0,N
P101248,2,2025-06-22,60,Heart failure,16.8,0.2,100,collected,attended,134,72,96,0,N
P101248,3,2025-06-29,60,Heart failure,16.8,-0.5,96,collected,scheduled,129,60,96,0,N
P101248,4,2025-07-06,60,Heart failure,16.8,-0.5,88,late,scheduled,122,92,94,0,N
P101249,1,2024-03-26,66,Pneumonia,15.4,-1.3,77,collected,attended,141,79,97,0,N
P101249,2,2024-04-02,66,Pneumonia,15.4,-1.2,76,collected,attended,102,85,95,0,N
P101249,3,2024-04-09,66,Pneumonia,15.4,-0.6,100,collected,attended,143,72,95,0,N
P101249,4,2024-04-16,66,Pneumonia,15.4,-0.8,71,collected,scheduled,128,53,96,0,N
P101250,1,2025-03-31,91,Diabetes,42.6,-0.3,91,collected,attended,138,79,95,1,N
P101250,2,2025-04-07,91,Diabetes,42.6,0.3,67,collected,attended,154,78,95,1,N
P101250,3,2025-04-14,91,Diabetes,42.6,0.1,95,missed,attended,156,84,93,1,Y
P101250,4,2025-04-21,91,Diabetes,42.6,0.5,82,missed,attended,148,80,97,1,Y
P101251,1,2024-12-17,52,Heart failure,23.1,-0.6,88,collected,scheduled,153,80,99,1,N
P101251,2,2024-12-24,52,Heart failure,23.1,-0.7,86,missed,missed,107,81,98,1,N
P101251,3,2024-12-31,52,Heart failure,23.1,-0.9,66,collected,attended,148,82,94,1,Y
P101251,4,2025-01-07,52,Heart failure,23.1,0.7,87,collected,attended,132,69,99,1,Y
P101252,1,2025-06-25,96,Other,18.2,-0.1,80,missed,attended,129,65,97,0,N
P101252,2,2025-07-02,96,Other,18.2,-0.7,100,late,scheduled,149,60,98,0,N
P101252,3,2025-07-09,96,Other,18.2,-1.5,82,collected,attended,126,117,95,0,N
P101252,4,2025-07-16,96,Other,18.2,-1.3,93,missed,scheduled,144,67,93,0,N
P101253,1,2024-06-19,55,Sepsis,15.4,0.7,80,collected,attended,159,64,96,0,N
P101253,2,2024-06-26,55,Sepsis,15.4,-0.1,78,late,attended,124,76,98,0,N
P101253,3,2024-07-03,55,Sepsis,15.4,-1.0,91,collected,attended,118,85,98,0,N
P101253,4,2024-07-10,55,Sepsis,15.4,-1.3,63,collected,scheduled,134,78,93,0,N
P101254,1,2024-06-08,77,Other,21.4,-0.5,92,collected,attended,151,80,97,0,N
P101254,2,2024-06-15,77,Other,21.4,0.5,67,collected,attended,149,88,98,0,N
P101254,3,2024-06-22,77,Other,21.4,1.0,85,collected,attended,116,95,97,0,N
P101254,4,2024-06-29,77,Other,21.4,1.2,79,collected,attended,130,74,95,0,N
P101255,1,2025-07-13,61,Stroke,19.8,0.2,59,late,scheduled,134,94,98,1,N
P101255,2,2025-07-20,61,Stroke,19.8,-0.5,73,missed,scheduled,150,80,94,1,N
P101255,3,2025-07-27,61,Stroke,19.8,-0.4,60,late,missed,146,77,94,1,Y
P101255,4,2025-08-03,61,Stroke,19.8,-1.1,73,missed,attended,126,94,92,1,Y
P101256,1,2024-02-09,63,Other,15.4,-0.3,93,late,scheduled,133,86,97,0,N
P101256,2,2024-02-16,63,Other,15.4,-0.0,100,collected,scheduled,129,75,96,0,N
P101256,3,2024-02-23,63,Other,15.4,-0.3,92,collected,scheduled,132,79,98,0,N
P101256,4,2024-03-01,63,Other,15.4,-0.6,93,late,attended,154,78,99,0,N
P101257,1,2025-04-19,91,Pneumonia,13.0,1.0,77,missed,attended,130,77,95,1,N
P101257,2,2025-04-26,91,Pneumonia,13.0,1.4,94,collected,scheduled,130,85,94,1,N
P101257,3,2025-05-03,91,Pneumonia,13.0,2.9,86,missed,missed,172,67,95,1,Y
P101257,4,2025-05-10,91,Pneumonia,13.0,3.3,97,missed,scheduled,142,85,97,1,Y
P101258,1,2025-05-17,72,Other,21.4,-0.1,86,collected,scheduled,121,86,95,0,N
P101258,2,2025-05-24,72,Other,21.4,-0.2,89,collected,attended,150,92,97,0,N
P101258,3,2025-05-31,72,Other,21.4,-0.9,95,collected,attended,141,60,96,0,N
P101258,4,2025-06-07,72,Other,21.4,-0.7,87,collected,scheduled,130,82,95,0,N
P101259,1,2025-01-11,60,Heart failure,13.0,-0.0,99,collected,scheduled,130,53,94,0,N
P101259,2,2025-01-18,60,Heart failure,13.0,0.5,68,collected,attended,137,91,94,0,N
P101259,3,2025-01-25,60,Heart failure,13.0,0.1,74,collected,attended,135,77,97,0,N
P101259,4,2025-02-01,60,Heart failure,13.0,0.4,100,collected,missed,126,78,92,0,N
P101260,1,2024-05-05,44,Other,15.4,0.0,79,collected,attended,139,67,99,0,N
P101260,2,2024-05-12,44,Other,15.4,-0.0,78,collected,attended,130,47,95,0,N
P101260,3,2024-05-19,44,Other,15.4,0.3,89,collected,attended,151,96,95,0,N
P101260,4,2024-05-26,44,Other,15.4,0.2,92,collected,scheduled,108,77,95,0,N
P101261,1,2024-10-23,79,Sepsis,18.2,0.1,89,late,attended,139,47,97,0,N
P101261,2,2024-10-30,79,Sepsis,18.2,-0.8,88,collected,scheduled,102,69,97,0,N
P101261,3,2024-11-06,79,Sepsis,18.2,-0.2,98,collected,attended,122,66,98,0,N
P101261,4,2024-11-13,79,Sepsis,18.2,-0.1,95,collected,scheduled,115,90,95,0,N
P101262,1,2025-02-01,73,Stroke,14.2,-0.3,87,collected,scheduled,134,88,97,0,N
P101262,2,2025-02-08,73,Stroke,14.2,0.4,98,collected,attended,122,65,96,0,N
P101262,3,2025-02-15,73,Stroke,14.2,1.5,100,collected,attended,137,80,96,0,N
P101262,4,2025-02-22,73,Stroke,14.2,1.9,87,collected,attended,126,71,95,0,N
P101263,1,2025-02-06,72,Other,19.8,0.4,98,collected,scheduled,120,80,97,0,N
P101263,2,2025-02-13,72,Other,19.8,0.9,95,collected,scheduled,109,83,95,0,N
P101263,3,2025-02-20,72,Other,19.8,2.0,79,missed,attended,146,95,94,0,N
P101263,4,2025-02-27,72,Other,19.8,2.1,92,collected,attended,150,80,94,0,N
P101264,1,2024-03-28,64,Other,13.0,-0.9,95,late,attended,91,85,95,0,N
P101264,2,2024-04-04,64,Other,13.0,-1.4,95,collected,attended,134,86,95,0,N
P101264,3,2024-04-11,64,Other,13.0,-0.3,77,late,scheduled,125,85,95,0,N
P101264,4,2024-04-18,64,Other,13.0,0.2,78,collected,attended,146,66,98,0,N
P101265,1,2024-05-17,60,Kidney disease,14.2,0.4,72,collected,scheduled,125,74,96,0,N
P101265,2,2024-05-24,60,Kidney disease,14.2,0.4,66,collected,scheduled,121,74,100,0,N
P101265,3,2024-05-31,60,Kidney disease,14.2,0.3,100,collected,scheduled,140,75,96,0,N
P101265,4,2024-06-07,60,Kidney disease,14.2,-0.5,77,collected,scheduled,123,96,95,0,N
P101266,1,2024-05-30,66,COPD,13.0,-0.2,74,collected,attended,119,79,95,0,N
P101266,2,2024-06-06,66,COPD,13.0,-0.1,83,collected,attended,106,71,98,0,N
P101266,3,2024-06-13,66,COPD,13.0,0.8,95,collected,attended,141,88,94,0,N
P101266,4,2024-06-20,66,COPD,13.0,1.4,97,collected,scheduled,139,82,96,0,N
P101267,1,2024-07-20,77,Other,18.2,0.6,87,collected,attended,113,78,95,0,N
P101267,2,2024-07-27,77,Other,18.2,0.3,88,collected,attended,135,78,95,0,N
P101267,3,2024-08-03,77,Other,18.2,0.0,92,collected,attended,132,72,96,0,N
P101267,4,2024-08-10,77,Other,18.2,0.1,63,collected,attended,151,83,98,0,N
P101268,1,2024-08-21,66,Heart failure,16.8,0.4,87,missed,attended,156,78,97,0,N
P101268,2,2024-08-28,66,Heart failure,16.8,1.6,94,collected,attended,136,72,96,0,N
P101268,3,2024-09-04,66,Heart failure,16.8,1.5,84,collected,scheduled,141,70,96,0,N
P101268,4,2024-09-11,66,Heart failure,16.8,1.4,74,collected,attended,152,67,95,0,N
P101269,1,2024-03-14,87,Hip fracture,21.4,-1.2,79,collected,attended,108,72,96,0,N
P101269,2,2024-03-21,87,Hip fracture,21.4,-2.7,92,collected,scheduled,121,70,96,0,N
P101269,3,2024-03-28,87,Hip fracture,21.4,-2.6,85,collected,attended,146,70,93,0,N
P101269,4,2024-04-04,87,Hip fracture,21.4,-3.2,84,collected,attended,145,72,97,0,N
P101270,1,2024-03-12,67,Heart failure,15.4,-0.4,79,missed,scheduled,113,91,96,1,N
P101270,2,2024-03-19,67,Heart failure,15.4,-1.2,100,late,scheduled,128,90,96,1,N
P101270,3,2024-03-26,67,Heart failure,15.4,-1.1,100,collected,attended,136,69,95,1,Y
P101270,4,2024-04-02,67,Heart failure,15.4,-0.9,83,collected,attended,143,89,97,1,Y
P101271,1,2025-07-14,56,Heart failure,16.8,0.6,100,collected,attended,156,82,96,0,N
P101271,2,2025-07-21,56,Heart failure,16.8,-0.2,96,collected,attended,136,74,96,0,N
P101271,3,2025-07-28,56,Heart failure,16.8,0.5,88,late,attended,142,110,97,0,N
P101271,4,2025-08-04,56,Heart failure,16.8,0.9,77,collected,attended,151,73,96,0,N
P101272,1,2024-02-03,60,Other,14.2,-0.6,100,collected,scheduled,121,73,95,0,N
P101272,2,2024-02-10,60,Other,14.2,-1.4,100,collected,attended,129,71,96,0,N
P101272,3,2024-02-17,60,Other,14.2,-0.5,94,collected,attended,93,61,94,0,N
P101272,4,2024-02-24,60,Other,14.2,-0.4,88,collected,attended,142,76,95,0,N
P101273,1,2024-03-14,38,Kidney disease,11.9,0.8,84,collected,attended,144,104,98,0,N
P101273,2,2024-03-21,38,Kidney disease,11.9,0.6,87,collected,attended,130,95,97,0,N
P101273,3,2024-03-28,38,Kidney disease,11.9,-0.2,92,collected,attended,134,85,94,0,N
P101273,4,2024-04-04,38,Kidney disease,11.9,-1.0,77,collected,missed,147,42,99,0,N
P101274,1,2025-05-04,91,Heart failure,28.9,1.0,59,collected,attended,144,89,97,1,N
P101274,2,2025-05-11,91,Heart failure,28.9,1.1,82,collected,attended,149,81,94,1,N
P101274,3,2025-05-18,91,Heart failure,28.9,1.0,87,collected,scheduled,152,77,92,1,Y
P101274,4,2025-05-25,91,Heart failure,28.9,2.1,74,collected,attended,108,90,96,1,Y
P101275,1,2025-07-25,62,Stroke,19.8,0.2,86,collected,attended,117,69,100,0,N
P101275,2,2025-08-01,62,Stroke,19.8,-0.1,85,collected,scheduled,130,88,97,0,N
P101275,3,2025-08-08,62,Stroke,19.8,-0.4,82,late,scheduled,134,81,97,0,N
P101275,4,2025-08-15,62,Stroke,19.8,0.6,100,collected,attended,137,72,98,0,N
P101276,1,2025-08-04,79,Heart failure,21.4,-0.0,89,collected,attended,163,83,94,0,N
P101276,2,2025-08-11,79,Heart failure,21.4,0.6,100,missed,scheduled,129,69,97,0,N
P101276,3,2025-08-18,79,Heart failure,21.4,0.5,98,collected,missed,123,76,91,0,N
P101276,4,2025-08-25,79,Heart failure,21.4,0.7,86,collected,attended,154,80,95,0,N
P101277,1,2025-01-16,68,Hip fracture,21.4,0.1,100,collected,attended,139,75,98,0,N
P101277,2,2025-01-23,68,Hip fracture,21.4,0.4,92,missed,scheduled,143,79,96,0,N
P101277,3,2025-01-30,68,Hip fracture,21.4,0.2,78,late,scheduled,146,69,97,0,N
P101277,4,2025-02-06,68,Hip fracture,21.4,0.1,97,collected,attended,113,81,98,0,N
P101278,1,2025-02-10,65,COPD,14.2,0.4,87,collected,attended,127,80,95,0,N
P101278,2,2025-02-17,65,COPD,14.2,-0.2,85,collected,attended,140,81,96,0,N
P101278,3,2025-02-24,65,COPD,14.2,0.6,93,collected,scheduled,141,80,98,0,N
P101278,4,2025-03-03,65,COPD,14.2,0.2,100,collected,attended,145,82,92,0,N
P101279,1,2024-05-17,76,Kidney disease,18.2,-0.1,100,collected,attended,127,54,96,0,N
P101279,2,2024-05-24,76,Kidney disease,18.2,-0.0,92,collected,attended,152,77,98,0,N
P101279,3,2024-05-31,76,Kidney disease,18.2,0.2,79,collected,scheduled,133,72,94,0,N
P101279,4,2024-06-07,76,Kidney disease,18.2,0.3,100,collected,attended,112,75,96,0,N
P101280,1,2025-08-03,60,Pneumonia,11.9,0.5,88,collected,attended,128,93,95,0,N
P101280,2,2025-08-10,60,Pneumonia,11.9,0.4,88,collected,attended,138,60,96,0,N
P101280,3,2025-08-17,60,Pneumonia,11.9,1.6,93,collected,scheduled,152,86,97,0,N
P101280,4,2025-08-24,60,Pneumonia,11.9,1.5,85,late,scheduled,155,76,94,0,N
P101281,1,2024-04-25,64,Stroke,25.0,0.3,96,collected,attended,145,64,96,1,N
P101281,2,2024-05-02,64,Stroke,25.0,-0.2,100,collected,attended,134,86,93,1,N
P101281,3,2024-05-09,64,Stroke,25.0,0.1,93,collected,attended,124,84,97,1,Y
P101281,4,2024-05-16,64,Stroke,25.0,-0.0,100,collected,scheduled,127,93,97,1,Y
P101282,1,2024-05-19,87,COPD,18.2,-0.1,82,collected,scheduled,124,60,96,0,N
P101282,2,2024-05-26,87,COPD,18.2,-0.7,70,collected,scheduled,153,81,95,0,N
P101282,3,2024-06-02,87,COPD,18.2,-1.2,100,collected,attended,124,70,99,0,N
P101282,4,2024-06-09,87,COPD,18.2,-1.8,100,collected,scheduled,111,78,97,0,N
P101283,1,2024-12-15,68,Other,13.0,-0.7,89,late,scheduled,144,76,96,0,N
P101283,2,2024-12-22,68,Other,13.0,0.5,96,collected,attended,120,89,99,0,N
P101283,3,2024-12-29,68,Other,13.0,0.6,79,collected,attended,125,68,95,0,N
P101283,4,2025-01-05,68,Other,13.0,1.1,95,collected,scheduled,123,81,98,0,N
P101284,1,2024-01-10,79,Other,33.2,0.2,87,collected,attended,140,79,96,1,N
P101284,2,2024-01-17,79,Other,33.2,0.9,94,collected,missed,127,105,92,1,N
P101284,3,2024-01-24,79,Other,33.2,0.0,94,collected,missed,132,90,95,1,Y
P101284,4,2024-01-31,79,Other,33.2,0.7,91,collected,attended,132,77,100,1,Y
P101285,1,2024-07-08,69,Heart failure,13.0,-1.2,91,collected,scheduled,142,77,96,0,N
P101285,2,2024-07-15,69,Heart failure,13.0,-0.4,79,collected,scheduled,125,70,97,0,N
P101285,3,2024-07-22,69,Heart failure,13.0,-0.3,97,collected,attended,149,92,99,0,N
P101285,4,2024-07-29,69,Heart failure,13.0,0.1,97,collected,scheduled,124,76,99,0,N
P101286,1,2024-04-12,73,Pneumonia,13.0,-1.1,91,collected,scheduled,117,87,97,0,N
P101286,2,2024-04-19,73,Pneumonia,13.0,-0.6,73,collected,attended,141,69,95,0,N
P101286,3,2024-04-26,73,Pneumonia,13.0,-0.2,92,collected,attended,140,72,94,0,N
P101286,4,2024-05-03,73,Pneumonia,13.0,1.2,85,missed,missed,137,84,95,0,N
P101287,1,2024-08-04,76,Other,28.9,0.1,90,collected,scheduled,145,80,99,1,N
P101287,2,2024-08-11,76,Other,28.9,0.5,81,collected,scheduled,142,86,96,1,N
P101287,3,2024-08-18,76,Other,28.9,-0.4,100,collected,scheduled,133,70,96,1,Y
P101287,4,2024-08-25,76,Other,28.9,-0.5,78,collected,scheduled,122,62,96,1,Y
P101288,1,2024-02-22,62,Heart failure,28.9,-0.7,76,collected,scheduled,146,89,97,1,N
P101288,2,2024-02-29,62,Heart failure,28.9,-0.1,84,collected,attended,129,71,97,1,N
P101288,3,2024-03-07,62,Heart failure,28.9,0.6,71,missed,scheduled,143,82,93,1,Y
P101288,4,2024-03-14,62,Heart failure,28.9,1.4,87,collected,attended,147,93,97,1,Y
P101289,1,2025-02-15,58,Diabetes,16.8,0.8,98,collected,attended,126,74,97,0,N
P101289,2,2025-02-22,58,Diabetes,16.8,0.8,99,collected,attended,132,83,95,0,N
P101289,3,2025-03-01,58,Diabetes,16.8,0.9,76,collected,attended,145,78,95,0,N
P101289,4,2025-03-08,58,Diabetes,16.8,2.0,90,late,attended,142,92,95,0,N
P101290,1,2025-03-26,65,Kidney disease,18.2,-0.3,80,collected,attended,124,65,98,0,N
P101290,2,2025-04-02,65,Kidney disease,18.2,0.3,87,collected,scheduled,125,69,93,0,N
P101290,3,2025-04-09,65,Kidney disease,18.2,-0.2,100,collected,attended,154,74,97,0,N
P101290,4,2025-04-16,65,Kidney disease,18.2,0.2,78,collected,attended,145,88,93,0,N
P101291,1,2025-01-06,56,Hip fracture,14.2,0.1,79,collected,attended,127,80,97,0,N
P101291,2,2025-01-13,56,Hip fracture,14.2,0.1,82,collected,scheduled,120,70,94,0,N
P101291,3,2025-01-20,56,Hip fracture,14.2,-0.2,85,collected,missed,100,91,100,0,N
P101291,4,2025-01-27,56,Hip fracture,14.2,-0.7,93,collected,attended,131,74,96,0,N
P101292,1,2025-05-22,52,Hip fracture,13.0,-0.5,89,missed,scheduled,143,70,95,0,N
P101292,2,2025-05-29,52,Hip fracture,13.0,-0.1,81,collected,missed,130,85,97,0,N
P101292,3,2025-06-05,52,Hip fracture,13.0,0.5,72,missed,missed,114,78,96,0,N
P101292,4,2025-06-12,52,Hip fracture,13.0,0.8,86,collected,missed,161,66,96,0,N
P101293,1,2025-02-06,86,Sepsis,15.4,0.3,72,collected,scheduled,133,76,99,0,N
P101293,2,2025-02-13,86,Sepsis,15.4,-0.0,85,collected,attended,86,76,100,0,N
P101293,3,2025-02-20,86,Sepsis,15.4,-0.1,79,late,attended,128,74,94,0,N
P101293,4,2025-02-27,86,Sepsis,15.4,-0.4,68,collected,scheduled,138,73,95,0,N
P101294,1,2025-02-19,73,Stroke,25.0,1.0,100,collected,attended,128,99,97,0,N
P101294,2,2025-02-26,73,Stroke,25.0,1.9,85,late,attended,144,82,95,0,N
P101294,3,2025-03-05,73,Stroke,25.0,2.1,90,collected,scheduled,130,69,94,0,N
P101294,4,2025-03-12,73,Stroke,25.0,2.2,89,collected,scheduled,139,88,97,0,N
P101295,1,2024-08-06,72,Kidney disease,25.0,-0.2,97,collected,scheduled,124,71,93,0,N
P101295,2,2024-08-13,72,Kidney disease,25.0,-1.1,71,collected,attended,122,84,95,0,N
P101295,3,2024-08-20,72,Kidney disease,25.0,-0.8,100,collected,attended,137,83,94,0,N
P101295,4,2024-08-27,72,Kidney disease,25.0,0.2,83,collected,attended,134,57,97,0,N
P101296,1,2024-04-23,74,Kidney disease,23.1,-0.8,84,collected,attended,116,84,98,0,N
P101296,2,2024-04-30,74,Kidney disease,23.1,-1.0,95,late,scheduled,121,73,96,0,N
P101296,3,2024-05-07,74,Kidney disease,23.1,-0.9,86,collected,attended,140,58,96,0,N
P101296,4,2024-05-14,74,Kidney disease,23.1,-0.8,89,collected,scheduled,148,77,94,0,N
P101297,1,2024-10-01,64,Pneumonia,19.8,-0.5,96,collected,scheduled,109,70,97,0,N
P101297,2,2024-10-08,64,Pneumonia,19.8,-0.3,82,missed,scheduled,138,83,95,0,N
P101297,3,2024-10-15,64,Pneumonia,19.8,-0.2,84,collected,attended,110,91,95,0,N
P101297,4,2024-10-22,64,Pneumonia,19.8,-0.5,73,late,scheduled,141,60,98,0,N
P101298,1,2025-08-03,44,Pneumonia,11.9,-0.2,87,collected,attended,132,71,94,0,N
P101298,2,2025-08-10,44,Pneumonia,11.9,-0.2,77,collected,scheduled,133,82,93,0,N
P101298,3,2025-08-17,44,Pneumonia,11.9,-0.6,87,collected,scheduled,122,64,97,0,N
P101298,4,2025-08-24,44,Pneumonia,11.9,0.1,87,collected,missed,128,67,100,0,N
P101299,1,2024-03-31,54,COPD,15.4,-0.2,74,collected,missed,122,77,95,0,N
P101299,2,2024-04-07,54,COPD,15.4,-0.6,65,collected,scheduled,146,94,96,0,N
P101299,3,2024-04-14,54,COPD,15.4,-0.5,87,missed,missed,145,100,96,0,N
P101299,4,2024-04-21,54,COPD,15.4,-0.8,72,collected,attended,149,99,95,0,N
P101300,1,2024-07-12,58,Stroke,21.4,-0.2,87,collected,missed,137,81,93,0,N
P101300,2,2024-07-19,58,Stroke,21.4,-0.7,87,collected,scheduled,137,84,98,0,N
P101300,3,2024-07-26,58,Stroke,21.4,0.6,100,missed,attended,148,74,96,0,N
P101300,4,2024-08-02,58,Stroke,21.4,1.2,80,collected,attended,144,90,96,0,N
P101301,1,2025-04-07,75,Sepsis,25.0,-0.9,76,collected,scheduled,141,76,95,0,N
P101301,2,2025-04-14,75,Sepsis,25.0,-1.6,87,late,missed,137,93,95,0,N
P101301,3,2025-04-21,75,Sepsis,25.0,-2.0,94,missed,attended,159,92,95,0,N
P101301,4,2025-04-28,75,Sepsis,25.0,-2.7,100,collected,missed,128,100,97,0,N
P101302,1,2024-12-24,63,Other,15.4,-0.2,91,collected,missed,118,100,93,0,N
P101302,2,2024-12-31,63,Other,15.4,0.3,87,collected,scheduled,162,88,95,0,N
P101302,3,2025-01-07,63,Other,15.4,1.0,100,collected,attended,130,85,98,0,N
P101302,4,2025-01-14,63,Other,15.4,1.1,92,collected,attended,149,78,98,0,N
P101303,1,2025-07-10,68,Diabetes,19.8,0.5,91,collected,attended,121,74,96,0,N
P101303,2,2025-07-17,68,Diabetes,19.8,0.5,76,collected,attended,119,78,96,0,N
P101303,3,2025-07-24,68,Diabetes,19.8,0.7,75,missed,scheduled,130,78,94,0,N
P101303,4,2025-07-31,68,Diabetes,19.8,-0.3,78,late,attended,154,83,96,0,N
P101304,1,2024-08-16,57,Kidney disease,13.0,-1.4,78,collected,scheduled,135,65,94,0,N
P101304,2,2024-08-23,57,Kidney disease,13.0,-1.2,68,late,scheduled,143,73,93,0,N
P101304,3,2024-08-30,57,Kidney disease,13.0,-0.5,68,collected,missed,147,67,95,0,N
P101304,4,2024-09-06,57,Kidney disease,13.0,-0.4,70,late,scheduled,140,78,92,0,N
P101305,1,2025-03-12,62,COPD,19.8,-0.2,94,late,scheduled,143,68,95,0,N
P101305,2,2025-03-19,62,COPD,19.8,0.2,89,collected,attended,120,83,92,0,N
P101305,3,2025-03-26,62,COPD,19.8,0.9,93,collected,attended,125,68,97,0,N
P101305,4,2025-04-02,62,COPD,19.8,1.2,100,late,attended,136,80,93,0,N
P101306,1,2024-04-27,42,Pneumonia,13.0,-0.6,83,collected,attended,136,78,99,0,N
P101306,2,2024-05-04,42,Pneumonia,13.0,-0.4,86,collected,attended,150,75,97,0,N
P101306,3,2024-05-11,42,Pneumonia,13.0,0.4,93,missed,scheduled,121,82,99,0,N
P101306,4,2024-05-18,42,Pneumonia,13.0,0.8,100,collected,missed,145,73,95,0,N
P101307,1,2024-07-24,62,Heart failure,25.0,0.1,98,collected,missed,158,59,94,0,N
P101307,2,2024-07-31,62,Heart failure,25.0,0.4,99,collected,missed,140,77,95,0,N
P101307,3,2024-08-07,62,Heart failure,25.0,0.8,81,collected,attended,167,73,96,0,N
P101307,4,2024-08-14,62,Heart failure,25.0,0.7,82,collected,attended,142,83,95,0,N
P101308,1,2025-05-12,74,Heart failure,21.4,0.2,100,late,scheduled,127,70,97,0,N
P101308,2,2025-05-19,74,Heart failure,21.4,0.5,100,late,attended,112,65,97,0,N
P101308,3,2025-05-26,74,Heart failure,21.4,1.4,95,collected,scheduled,162,78,94,0,N
P101308,4,2025-06-02,74,Heart failure,21.4,1.4,88,collected,attended,128,74,95,0,N
P101309,1,2025-05-08,60,Heart failure,23.1,0.1,83,collected,scheduled,157,65,97,0,N
P101309,2,2025-05-15,60,Heart failure,23.1,0.4,87,collected,missed,125,77,97,0,N
P101309,3,2025-05-22,60,Heart failure,23.1,0.9,100,missed,attended,118,65,98,0,N
P101309,4,2025-05-29,60,Heart failure,23.1,0.3,90,late,attended,129,59,98,0,N
P101310,1,2024-01-14,50,Other,18.2,1.3,76,collected,attended,130,68,96,0,N
P101310,2,2024-01-21,50,Other,18.2,1.7,72,late,missed,160,74,94,0,N
P101310,3,2024-01-28,50,Other,18.2,1.0,79,missed,attended,140,71,95,0,N
P101310,4,2024-02-04,50,Other,18.2,0.8,82,late,attended,155,98,96,0,N
P101311,1,2025-04-11,58,Heart failure,16.8,-1.2,83,collected,attended,140,56,96,0,N
P101311,2,2025-04-18,58,Heart failure,16.8,-0.9,74,collected,attended,126,77,95,0,N
P101311,3,2025-04-25,58,Heart failure,16.8,-1.8,78,collected,attended,123,85,95,0,N
P101311,4,2025-05-02,58,Heart failure,16.8,-1.8,100,collected,attended,125,69,99,0,N
P101312,1,2024-11-01,66,Pneumonia,14.2,0.2,92,collected,attended,127,77,97,0,N
P101312,2,2024-11-08,66,Pneumonia,14.2,-1.1,94,collected,scheduled,115,78,96,0,N
P101312,3,2024-11-15,66,Pneumonia,14.2,-1.5,88,late,attended,130,78,100,0,N
P101312,4,2024-11-22,66,Pneumonia,14.2,-1.7,90,collected,missed,128,87,96,0,N
P101313,1,2025-05-09,61,Diabetes,13.0,0.3,100,collected,attended,119,81,96,0,N
P101313,2,2025-05-16,61,Diabetes,13.0,-0.7,91,collected,attended,142,73,99,0,N
P101313,3,2025-05-23,61,Diabetes,13.0,-1.4,95,collected,attended,131,67,96,0,N
P101313,4,2025-05-30,61,Diabetes,13.0,-1.6,99,collected,attended,130,82,93,0,N
P101314,1,2025-01-13,72,Sepsis,15.4,0.1,88,late,attended,163,71,95,0,N
P101314,2,2025-01-20,72,Sepsis,15.4,1.4,100,collected,missed,119,60,96,0,N
P101314,3,2025-01-27,72,Sepsis,15.4,1.6,80,collected,missed,127,84,96,0,N
P101314,4,2025-02-03,72,Sepsis,15.4,2.0,87,collected,scheduled,139,53,99,0,N
P101315,1,2024-06-09,60,Pneumonia,25.0,-0.5,73,collected,scheduled,125,92,94,1,N
P101315,2,2024-06-16,60,Pneumonia,25.0,0.3,91,late,missed,141,68,98,1,N
P101315,3,2024-06-23,60,Pneumonia,25.0,-0.2,69,collected,missed,122,78,96,1,Y
P101315,4,2024-06-30,60,Pneumonia,25.0,0.0,81,collected,attended,126,75,96,1,Y
P101316,1,2025-07-27,46,Other,15.4,0.9,73,late,attended,151,72,97,0,N
P101316,2,2025-08-03,46,Other,15.4,0.6,81,collected,scheduled,135,81,96,0,N
P101316,3,2025-08-10,46,Other,15.4,1.6,74,collected,missed,150,90,97,0,N
P101316,4,2025-08-17,46,Other,15.4,1.1,66,missed,attended,140,80,96,0,N
P101317,1,2025-03-01,77,Diabetes,23.1,0.7,81,collected,attended,129,76,96,0,N
P101317,2,2025-03-08,77,Diabetes,23.1,1.1,96,collected,attended,147,69,95,0,N
P101317,3,2025-03-15,77,Diabetes,23.1,1.4,87,late,attended,129,71,97,0,N
P101317,4,2025-03-22,77,Diabetes,23.1,1.1,99,late,missed,100,90,99,0,N
P101318,1,2024-07-13,50,Sepsis,14.2,0.5,88,collected,attended,109,72,95,0,N
P101318,2,2024-07-20,50,Sepsis,14.2,0.2,73,collected,scheduled,129,81,94,0,N
P101318,3,2024-07-27,50,Sepsis,14.2,0.0,85,late,attended,133,99,94,0,N
P101318,4,2024-08-03,50,Sepsis,14.2,0.3,94,late,attended,112,71,95,0,N
P101319,1,2024-11-20,81,Heart failure,26.9,0.4,79,missed,attended,150,95,97,1,N
P101319,2,2024-11-27,81,Heart failure,26.9,1.4,85,missed,attended,144,90,94,1,N
P101319,3,2024-12-04,81,Heart failure,26.9,2.6,84,missed,attended,139,69,95,1,Y
P101319,4,2024-12-11,81,Heart failure,26.9,3.5,91,missed,missed,138,95,94,1,Y
P101320,1,2024-11-28,51,Other,13.0,0.2,97,collected,missed,145,80,95,0,N
P101320,2,2024-12-05,51,Other,13.0,0.1,100,collected,missed,153,55,97,0,N
P101320,3,2024-12-12,51,Other,13.0,-0.1,88,collected,attended,148,87,90,0,N
P101320,4,2024-12-19,51,Other,13.0,0.6,92,collected,missed,135,65,100,0,N
P101321,1,2024-06-08,76,Kidney disease,11.9,-0.9,99,collected,scheduled,130,85,97,0,N
P101321,2,2024-06-15,76,Kidney disease,11.9,-2.1,90,collected,scheduled,132,74,94,0,N
P101321,3,2024-06-22,76,Kidney disease,11.9,-1.9,94,missed,attended,137,75,96,0,N
P101321,4,2024-06-29,76,Kidney disease,11.9,-2.2,75,missed,attended,117,64,94,0,N
P101322,1,2025-02-28,65,Diabetes,15.4,-1.0,71,collected,missed,113,83,98,0,N
P101322,2,2025-03-07,65,Diabetes,15.4,-0.7,93,collected,attended,138,84,94,0,N
P101322,3,2025-03-14,65,Diabetes,15.4,-1.5,91,collected,missed,143,89,96,0,N
P101322,4,2025-03-21,65,Diabetes,15.4,-2.9,74,late,missed,129,75,95,0,N
P101323,1,2025-03-11,92,Heart failure,21.4,-0.1,81,collected,scheduled,125,80,95,1,N
P101323,2,2025-03-18,92,Heart failure,21.4,1.0,73,late,scheduled,151,112,94,1,N
P101323,3,2025-03-25,92,Heart failure,21.4,0.7,75,collected,attended,148,105,96,1,Y
P101323,4,2025-04-01,92,Heart failure,21.4,1.0,72,missed,scheduled,155,85,97,1,Y
P101324,1,2024-08-23,40,Heart failure,11.9,-0.2,87,collected,scheduled,133,88,97,0,N
P101324,2,2024-08-30,40,Heart failure,11.9,-0.9,97,collected,attended,146,74,96,0,N
P101324,3,2024-09-06,40,Heart failure,11.9,-1.2,100,collected,scheduled,143,77,96,0,N
P101324,4,2024-09-13,40,Heart failure,11.9,-0.2,84,collected,attended,139,62,96,0,N
P101325,1,2025-08-16,66,COPD,26.9,-0.1,89,collected,attended,161,74,97,0,N
P101325,2,2025-08-23,66,COPD,26.9,0.3,76,collected,attended,132,80,95,0,N
P101325,3,2025-08-30,66,COPD,26.9,0.8,92,collected,attended,128,63,95,0,N
P101325,4,2025-09-06,66,COPD,26.9,0.7,96,collected,attended,127,76,96,0,N
P101326,1,2024-08-31,78,Hip fracture,21.4,-0.5,90,collected,attended,150,75,96,0,N
P101326,2,2024-09-07,78,Hip fracture,21.4,-0.8,91,collected,scheduled,146,101,96,0,N
P101326,3,2024-09-14,78,Hip fracture,21.4,-1.4,100,collected,scheduled,142,82,94,0,N
P101326,4,2024-09-21,78,Hip fracture,21.4,-0.8,93,collected,scheduled,121,82,98,0,N
P101327,1,2024-04-03,76,Sepsis,18.2,0.7,88,collected,attended,157,101,96,0,N
P101327,2,2024-04-10,76,Sepsis,18.2,0.7,82,late,attended,129,85,95,0,N
P101327,3,2024-04-17,76,Sepsis,18.2,1.0,93,missed,scheduled,125,78,95,0,N
P101327,4,2024-04-24,76,Sepsis,18.2,1.2,81,collected,attended,125,81,98,0,N
P101328,1,2025-06-01,55,Other,18.2,-0.1,61,collected,scheduled,143,77,94,0,N
P101328,2,2025-06-08,55,Other,18.2,-0.4,70,collected,attended,144,79,97,0,N
P101328,3,2025-06-15,55,Other,18.2,-0.5,82,late,attended,156,85,96,0,N
P101328,4,2025-06-22,55,Other,18.2,-1.6,66,collected,attended,122,95,98,0,N
P101329,1,2025-04-18,70,Heart failure,11.9,-0.7,86,collected,scheduled,131,80,95,0,N
P101329,2,2025-04-25,70,Heart failure,11.9,-0.3,77,collected,scheduled,135,102,95,0,N
P101329,3,2025-05-02,70,Heart failure,11.9,0.4,81,collected,scheduled,117,70,95,0,N
P101329,4,2025-05-09,70,Heart failure,11.9,0.4,82,collected,attended,115,86,97,0,N
P101330,1,2024-01-12,96,COPD,31.0,-0.1,87,collected,attended,164,80,100,0,N
P101330,2,2024-01-19,96,COPD,31.0,-1.3,78,collected,attended,136,78,97,0,N
P101330,3,2024-01-26,96,COPD,31.0,-1.4,90,collected,attended,126,75,97,0,N
P101330,4,2024-02-02,96,COPD,31.0,-1.1,86,collected,attended,125,57,100,0,N
P101331,1,2024-08-25,73,Heart failure,21.4,0.8,91,collected,scheduled,126,88,95,0,N
P101331,2,2024-09-01,73,Heart failure,21.4,0.6,81,collected,scheduled,123,106,95,0,N
P101331,3,2024-09-08,73,Heart failure,21.4,0.6,91,collected,attended,121,86,96,0,N
P101331,4,2024-09-15,73,Heart failure,21.4,0.3,96,late,attended,128,59,99,0,N
P101332,1,2024-08-31,41,COPD,11.9,-0.4,99,collected,attended,151,92,96,0,N
P101332,2,2024-09-07,41,COPD,11.9,-0.5,97,collected,attended,122,86,94,0,N
P101332,3,2024-09-14,41,COPD,11.9,-0.8,81,collected,missed,139,81,96,0,N
P101332,4,2024-09-21,41,COPD,11.9,-0.0,76,collected,attended,135,75,98,0,N
P101333,1,2025-03-19,52,Other,16.8,-0.2,100,collected,missed,104,84,98,0,N
P101333,2,2025-03-26,52,Other,16.8,-0.3,87,collected,missed,123,93,97,0,N
P101333,3,2025-04-02,52,Other,16.8,-0.2,85,late,scheduled,100,73,98,0,N
P101333,4,2025-04-09,52,Other,16.8,-0.5,82,late,missed,141,76,95,0,N
P101334,1,2025-01-01,73,Heart failure,16.8,0.8,75,collected,attended,126,89,96,0,N
P101334,2,2025-01-08,73,Heart failure,16.8,1.3,91,late,attended,154,103,100,0,N
P101334,3,2025-01-15,73,Heart failure,16.8,1.2,86,missed,attended,147,64,96,0,N
P101334,4,2025-01-22,73,Heart failure,16.8,1.4,83,collected,attended,123,84,95,0,N
P101335,1,2025-03-10,55,Other,16.8,-0.8,100,collected,attended,121,69,95,1,N
P101335,2,2025-03-17,55,Other,16.8,-1.7,80,collected,scheduled,137,96,100,1,N
P101335,3,2025-03-24,55,Other,16.8,-1.7,83,collected,attended,128,68,98,1,Y
P101335,4,2025-03-31,55,Other,16.8,-1.6,94,collected,attended,98,63,96,1,Y
P101336,1,2024-10-07,81,COPD,19.8,0.7,80,collected,attended,120,78,96,0,N
P101336,2,2024-10-14,81,COPD,19.8,-0.1,100,collected,scheduled,138,61,94,0,N
P101336,3,2024-10-21,81,COPD,19.8,-0.4,71,collected,attended,130,86,93,0,N
P101336,4,2024-10-28,81,COPD,19.8,-0.8,69,collected,attended,137,78,96,0,N
P101337,1,2025-05-05,73,COPD,18.2,1.0,93,late,scheduled,108,95,94,0,N
P101337,2,2025-05-12,73,COPD,18.2,0.7,78,collected,scheduled,130,70,97,0,N
P101337,3,2025-05-19,73,COPD,18.2,0.7,95,collected,attended,163,81,92,0,N
P101337,4,2025-05-26,73,COPD,18.2,1.1,97,collected,attended,109,69,97,0,N
P101338,1,2024-05-26,70,Other,21.4,0.4,90,collected,attended,142,73,93,0,N
P101338,2,2024-06-02,70,Other,21.4,-0.7,100,collected,attended,112,91,98,0,N
P101338,3,2024-06-09,70,Other,21.4,-0.7,92,missed,attended,125,73,100,0,N
P101338,4,2024-06-16,70,Other,21.4,-0.5,80,collected,attended,132,89,96,0,N
P101339,1,2025-01-11,68,Sepsis,18.2,-1.0,87,collected,attended,135,75,98,0,N
P101339,2,2025-01-18,68,Sepsis,18.2,-1.6,74,collected,scheduled,151,84,97,0,N
P101339,3,2025-01-25,68,Sepsis,18.2,-0.2,89,collected,scheduled,161,71,94,0,N
P101339,4,2025-02-01,68,Sepsis,18.2,-0.9,80,collected,scheduled,132,65,94,0,N
P101340,1,2025-06-30,57,Pneumonia,13.0,-0.1,86,collected,scheduled,143,93,98,0,N
P101340,2,2025-07-07,57,Pneumonia,13.0,-0.9,97,late,attended,139,72,97,0,N
P101340,3,2025-07-14,57,Pneumonia,13.0,-0.7,98,collected,attended,122,58,97,0,N
P101340,4,2025-07-21,57,Pneumonia,13.0,-0.7,84,collected,attended,147,70,100,0,N
P101341,1,2024-06-11,73,Stroke,18.2,-0.4,100,collected,scheduled,136,96,96,0,N
P101341,2,2024-06-18,73,Stroke,18.2,0.5,81,collected,attended,143,85,99,0,N
P101341,3,2024-06-25,73,Stroke,18.2,0.6,92,collected,scheduled,158,83,96,0,N
P101341,4,2024-07-02,73,Stroke,18.2,0.8,87,collected,missed,148,67,95,0,N
P101342,1,2024-06-23,78,Pneumonia,21.4,0.1,72,collected,missed,132,76,94,0,N
P101342,2,2024-06-30,78,Pneumonia,21.4,0.3,78,late,missed,127,80,97,0,N
P101342,3,2024-07-07,78,Pneumonia,21.4,0.1,73,missed,attended,144,77,92,0,N
P101342,4,2024-07-14,78,Pneumonia,21.4,-0.1,69,late,scheduled,120,81,95,0,N
P101343,1,2024-08-19,66,Heart failure,13.0,0.8,78,missed,missed,137,80,97,1,N
P101343,2,2024-08-26,66,Heart failure,13.0,0.7,62,missed,missed,169,83,97,1,N
P101343,3,2024-09-02,66,Heart failure,13.0,0.3,86,collected,missed,147,80,94,1,Y
P101343,4,2024-09-09,66,Heart failure,13.0,1.2,80,late,missed,145,59,97,1,Y
P101344,1,2025-03-12,74,COPD,19.8,-0.2,100,late,attended,132,85,100,0,N
P101344,2,2025-03-19,74,COPD,19.8,-0.1,81,missed,attended,128,87,97,0,N
P101344,3,2025-03-26,74,COPD,19.8,0.5,79,collected,attended,127,65,96,0,N
P101344,4,2025-04-02,74,COPD,19.8,1.0,83,collected,scheduled,144,76,95,0,N
P101345,1,2024-01-08,71,COPD,21.4,-0.2,86,collected,attended,120,74,94,0,N
P101345,2,2024-01-15,71,COPD,21.4,0.9,83,collected,missed,128,80,95,0,N
P101345,3,2024-01-22,71,COPD,21.4,1.4,71,collected,attended,127,74,97,0,N
P101345,4,2024-01-29,71,COPD,21.4,0.9,96,late,scheduled,121,82,95,0,N
P101346,1,2024-09-06,63,Sepsis,21.4,-0.4,88,collected,attended,126,80,96,0,N
P101346,2,2024-09-13,63,Sepsis,21.4,0.1,86,collected,attended,132,85,94,0,N
P101346,3,2024-09-20,63,Sepsis,21.4,0.3,89,collected,attended,150,79,95,0,N
P101346,4,2024-09-27,63,Sepsis,21.4,-0.1,99,collected,scheduled,145,71,96,0,N
P101347,1,2025-01-04,81,Diabetes,31.0,0.1,87,missed,missed,132,89,92,1,N
P101347,2,2025-01-11,81,Diabetes,31.0,0.2,79,collected,scheduled,134,87,93,1,N
P101347,3,2025-01-18,81,Diabetes,31.0,-0.3,87,collected,attended,132,70,95,1,Y
P101347,4,2025-01-25,81,Diabetes,31.0,-0.5,79,collected,scheduled,121,86,96,1,Y
P101348,1,2025-06-04,55,Other,18.2,0.7,81,missed,scheduled,134,70,96,0,N
P101348,2,2025-06-11,55,Other,18.2,1.4,100,collected,attended,135,81,98,0,N
P101348,3,2025-06-18,55,Other,18.2,1.1,94,collected,scheduled,128,100,96,0,N
P101348,4,2025-06-25,55,Other,18.2,0.5,89,collected,attended,136,67,98,0,N
P101349,1,2025-01-10,74,Diabetes,19.8,-0.3,74,collected,missed,137,67,96,0,N
P101349,2,2025-01-17,74,Diabetes,19.8,-0.3,89,collected,attended,121,63,100,0,N
P101349,3,2025-01-24,74,Diabetes,19.8,-0.3,74,collected,attended,144,72,96,0,N
P101349,4,2025-01-31,74,Diabetes,19.8,-0.9,73,collected,missed,124,80,95,0,N
P101350,1,2025-08-12,68,COPD,19.8,0.7,73,collected,attended,153,86,97,1,N
P101350,2,2025-08-19,68,COPD,19.8,-0.1,100,collected,scheduled,128,76,94,1,N
P101350,3,2025-08-26,68,COPD,19.8,-0.3,74,missed,missed,109,89,96,1,Y
P101350,4,2025-09-02,68,COPD,19.8,-0.2,71,collected,scheduled,94,64,95,1,Y
P101351,1,2024-09-08,90,Pneumonia,42.6,1.2,93,late,attended,122,80,98,0,N
P101351,2,2024-09-15,90,Pneumonia,42.6,1.2,70,collected,attended,139,67,95,0,N
P101351,3,2024-09-22,90,Pneumonia,42.6,1.6,88,collected,scheduled,134,63,96,0,N
P101351,4,2024-09-29,90,Pneumonia,42.6,1.7,88,missed,attended,137,96,96,0,N
P101352,1,2025-06-22,61,COPD,13.0,-0.7,79,missed,attended,117,84,96,0,N
P101352,2,2025-06-29,61,COPD,13.0,-1.0,87,collected,attended,121,74,98,0,N
P101352,3,2025-07-06,61,COPD,13.0,-1.0,87,late,attended,144,84,93,0,N
P101352,4,2025-07-13,61,COPD,13.0,-1.5,83,collected,scheduled,110,74,93,0,N
P101353,1,2024-04-18,64,Heart failure,13.0,-0.2,78,collected,scheduled,129,61,98,1,N
P101353,2,2024-04-25,64,Heart failure,13.0,0.5,98,collected,attended,143,79,95,1,N
P101353,3,2024-05-02,64,Heart failure,13.0,1.1,87,collected,scheduled,146,69,96,1,Y
P101353,4,2024-05-09,64,Heart failure,13.0,2.6,87,collected,attended,130,69,97,1,Y
P101354,1,2024-08-15,91,Other,16.8,0.3,87,late,missed,118,92,95,0,N
P101354,2,2024-08-22,91,Other,16.8,0.8,100,collected,scheduled,133,72,96,0,N
P101354,3,2024-08-29,91,Other,16.8,1.5,79,collected,attended,122,72,97,0,N
P101354,4,2024-09-05,91,Other,16.8,1.6,92,collected,attended,126,91,97,0,N
P101355,1,2024-09-16,75,Kidney disease,18.2,0.4,70,collected,scheduled,184,78,97,0,N
P101355,2,2024-09-23,75,Kidney disease,18.2,0.7,75,collected,attended,153,79,93,0,N
P101355,3,2024-09-30,75,Kidney disease,18.2,-0.3,62,collected,missed,128,80,96,0,N
P101355,4,2024-10-07,75,Kidney disease,18.2,-0.7,75,late,missed,156,78,97,0,N
P101356,1,2024-12-18,67,Stroke,26.9,0.0,86,late,scheduled,145,100,98,0,N
P101356,2,2024-12-25,67,Stroke,26.9,0.5,84,collected,scheduled,128,70,100,0,N
P101356,3,2025-01-01,67,Stroke,26.9,0.4,100,collected,scheduled,121,56,99,0,N
P101356,4,2025-01-08,67,Stroke,26.9,-0.1,86,collected,scheduled,115,82,96,0,N
P101357,1,2025-03-02,54,Heart failure,13.0,0.2,92,collected,attended,157,76,94,0,N
P101357,2,2025-03-09,54,Heart failure,13.0,0.1,76,collected,attended,117,92,95,0,N
P101357,3,2025-03-16,54,Heart failure,13.0,1.9,100,collected,missed,153,78,98,0,N
P101357,4,2025-03-23,54,Heart failure,13.0,1.3,90,missed,scheduled,114,97,95,0,N
P101358,1,2024-07-26,36,Pneumonia,15.4,0.6,100,missed,attended,135,82,100,1,N
P101358,2,2024-08-02,36,Pneumonia,15.4,-0.4,66,collected,scheduled,150,80,97,1,N
P101358,3,2024-08-09,36,Pneumonia,15.4,-0.6,93,collected,missed,140,91,96,1,Y
P101358,4,2024-08-16,36,Pneumonia,15.4,-0.8,79,collected,scheduled,115,87,96,1,Y
P101359,1,2024-08-05,54,COPD,15.4,-0.2,68,collected,attended,150,85,99,1,N
P101359,2,2024-08-12,54,COPD,15.4,-1.4,70,collected,attended,144,64,97,1,N
P101359,3,2024-08-19,54,COPD,15.4,-1.0,100,collected,missed,110,71,96,1,Y
P101359,4,2024-08-26,54,COPD,15.4,-0.5,90,collected,missed,131,74,97,1,Y
P101360,1,2025-02-28,46,Stroke,25.0,0.8,98,collected,attended,121,75,95,0,N
P101360,2,2025-03-07,46,Stroke,25.0,1.0,90,missed,scheduled,139,73,97,0,N
P101360,3,2025-03-14,46,Stroke,25.0,0.6,100,collected,scheduled,147,81,94,0,N
P101360,4,2025-03-21,46,Stroke,25.0,0.3,82,collected,attended,127,68,94,0,N
P101361,1,2025-04-24,77,Pneumonia,19.8,0.4,73,late,missed,138,83,95,0,N
P101361,2,2025-05-01,77,Pneumonia,19.8,0.4,71,collected,scheduled,160,81,97,0,N
P101361,3,2025-05-08,77,Pneumonia,19.8,-0.8,73,late,missed,128,77,96,0,N
P101361,4,2025-05-15,77,Pneumonia,19.8,-1.1,82,collected,missed,141,94,97,0,N
P101362,1,2024-07-02,35,Other,11.9,-0.3,85,collected,scheduled,139,86,93,0,N
P101362,2,2024-07-09,35,Other,11.9,-0.2,73,collected,attended,132,78,96,0,N
P101362,3,2024-07-16,35,Other,11.9,0.2,92,collected,attended,120,82,94,0,N
P101362,4,2024-07-23,35,Other,11.9,0.3,74,collected,attended,106,78,95,0,N
P101363,1,2025-05-17,85,Other,28.9,-0.3,67,collected,attended,144,86,97,0,N
P101363,2,2025-05-24,85,Other,28.9,-0.3,82,collected,attended,146,76,95,0,N
P101363,3,2025-05-31,85,Other,28.9,0.3,86,collected,scheduled,117,94,96,0,N
P101363,4,2025-06-07,85,Other,28.9,-0.8,93,collected,attended,92,65,96,0,N
P101364,1,2024-09-26,72,Sepsis,14.2,1.2,66,collected,attended,108,72,97,0,N
P101364,2,2024-10-03,72,Sepsis,14.2,1.8,78,late,missed,156,95,97,0,N
P101364,3,2024-10-10,72,Sepsis,14.2,1.2,75,collected,attended,123,93,97,0,N
P101364,4,2024-10-17,72,Sepsis,14.2,1.0,55,late,missed,134,99,94,0,N
P101365,1,2025-06-16,69,Heart failure,21.4,-0.4,86,collected,scheduled,131,93,96,0,N
P101365,2,2025-06-23,69,Heart failure,21.4,-0.1,89,collected,attended,147,77,96,0,N
P101365,3,2025-06-30,69,Heart failure,21.4,0.0,75,collected,attended,126,52,95,0,N
P101365,4,2025-07-07,69,Heart failure,21.4,-1.2,93,collected,attended,115,88,98,0,N
P101366,1,2024-09-06,97,Heart failure,23.1,-0.0,87,missed,scheduled,130,86,92,0,N
P101366,2,2024-09-13,97,Heart failure,23.1,-0.7,92,collected,scheduled,131,77,97,0,N
P101366,3,2024-09-20,97,Heart failure,23.1,-0.5,100,collected,scheduled,113,87,98,0,N
P101366,4,2024-09-27,97,Heart failure,23.1,-0.8,86,collected,attended,145,79,96,0,N
P101367,1,2025-01-17,73,Kidney disease,18.2,-0.6,95,collected,attended,139,87,96,1,N
P101367,2,2025-01-24,73,Kidney disease,18.2,-0.4,98,collected,scheduled,135,69,97,1,N
P101367,3,2025-01-31,73,Kidney disease,18.2,0.4,95,collected,scheduled,130,82,97,1,Y
P101367,4,2025-02-07,73,Kidney disease,18.2,-0.4,90,collected,scheduled,153,65,94,1,Y
P101368,1,2024-05-01,63,COPD,23.1,0.0,63,collected,attended,149,60,95,0,N
P101368,2,2024-05-08,63,COPD,23.1,0.8,88,collected,scheduled,132,89,98,0,N
P101368,3,2024-05-15,63,COPD,23.1,0.6,82,late,attended,160,75,99,0,N
P101368,4,2024-05-22,63,COPD,23.1,1.2,85,collected,attended,142,69,95,0,N
P101369,1,2024-04-28,70,Heart failure,31.0,0.2,94,collected,scheduled,139,76,94,0,N
P101369,2,2024-05-05,70,Heart failure,31.0,0.5,91,late,scheduled,129,69,95,0,N
P101369,3,2024-05-12,70,Heart failure,31.0,1.1,88,collected,missed,132,81,96,0,N
P101369,4,2024-05-19,70,Heart failure,31.0,0.4,95,late,scheduled,120,65,97,0,N
P101370,1,2024-09-04,61,Pneumonia,13.0,0.5,83,collected,scheduled,137,73,96,1,N
P101370,2,2024-09-11,61,Pneumonia,13.0,0.2,100,missed,scheduled,154,87,96,1,N
P101370,3,2024-09-18,61,Pneumonia,13.0,1.1,85,collected,missed,114,80,95,1,Y
P101370,4,2024-09-25,61,Pneumonia,13.0,2.0,81,collected,attended,131,81,96,1,Y
P101371,1,2024-08-23,47,Other,14.2,-0.1,82,collected,attended,116,77,97,1,N
P101371,2,2024-08-30,47,Other,14.2,0.3,89,collected,attended,170,83,94,1,N
P101371,3,2024-09-06,47,Other,14.2,0.7,87,collected,attended,141,65,95,1,Y
P101371,4,2024-09-13,47,Other,14.2,1.2,90,missed,missed,139,98,93,1,Y
P101372,1,2024-07-16,69,Heart failure,11.9,0.2,93,collected,attended,109,76,96,0,N
P101372,2,2024-07-23,69,Heart failure,11.9,-0.1,100,collected,scheduled,142,65,96,0,N
P101372,3,2024-07-30,69,Heart failure,11.9,0.1,81,collected,scheduled,134,77,95,0,N
P101372,4,2024-08-06,69,Heart failure,11.9,-0.0,91,late,attended,134,88,95,0,N
P101373,1,2024-02-22,70,Sepsis,35.4,0.4,100,collected,scheduled,147,85,94,0,N
P101373,2,2024-02-29,70,Sepsis,35.4,0.1,97,collected,attended,144,85,100,0,N
P101373,3,2024-03-07,70,Sepsis,35.4,-0.1,100,collected,attended,127,79,95,0,N
P101373,4,2024-03-14,70,Sepsis,35.4,-0.5,73,collected,missed,145,86,98,0,N
P101374,1,2024-03-07,58,Pneumonia,23.1,0.3,86,collected,scheduled,119,72,97,0,N
P101374,2,2024-03-14,58,Pneumonia,23.1,0.5,89,collected,attended,147,87,94,0,N
P101374,3,2024-03-21,58,Pneumonia,23.1,0.7,69,collected,attended,142,91,97,0,N
P101374,4,2024-03-28,58,Pneumonia,23.1,-0.1,100,collected,scheduled,159,73,95,0,N
P101375,1,2025-02-16,84,Kidney disease,16.8,-0.0,92,missed,scheduled,134,72,99,1,N
P101375,2,2025-02-23,84,Kidney disease,16.8,1.1,85,collected,attended,146,61,94,1,N
P101375,3,2025-03-02,84,Kidney disease,16.8,0.9,83,collected,scheduled,106,73,97,1,Y
P101375,4,2025-03-09,84,Kidney disease,16.8,0.1,82,collected,missed,95,61,96,1,Y
P101376,1,2025-05-01,40,Sepsis,11.9,-0.7,78,missed,attended,120,84,98,0,N
P101376,2,2025-05-08,40,Sepsis,11.9,-2.5,93,collected,missed,119,77,96,0,N
P101376,3,2025-05-15,40,Sepsis,11.9,-2.9,90,collected,attended,168,45,98,0,N
P101376,4,2025-05-22,40,Sepsis,11.9,-2.7,88,missed,scheduled,127,86,93,0,N
P101377,1,2024-04-20,67,Other,16.8,-0.3,91,collected,scheduled,129,68,96,0,N
P101377,2,2024-04-27,67,Other,16.8,-0.3,95,collected,scheduled,144,72,97,0,N
P101377,3,2024-05-04,67,Other,16.8,-0.3,69,missed,attended,123,75,95,0,N
P101377,4,2024-05-11,67,Other,16.8,-0.5,92,collected,attended,139,73,96,0,N
P101378,1,2024-02-10,64,Kidney disease,11.9,-0.9,92,collected,attended,105,63,96,0,N
P101378,2,2024-02-17,64,Kidney disease,11.9,-1.7,100,missed,scheduled,127,84,99,0,N
P101378,3,2024-02-24,64,Kidney disease,11.9,-1.7,92,collected,attended,158,77,93,0,N
P101378,4,2024-03-02,64,Kidney disease,11.9,-1.4,100,collected,attended,118,89,94,0,N
P101379,1,2024-04-13,65,Other,14.2,-0.1,99,collected,missed,145,74,95,0,N
P101379,2,2024-04-20,65,Other,14.2,0.1,92,late,attended,123,92,100,0,N
P101379,3,2024-04-27,65,Other,14.2,-0.7,87,collected,attended,114,95,96,0,N
P101379,4,2024-05-04,65,Other,14.2,-0.7,96,missed,missed,125,88,93,0,N
P101380,1,2024-05-22,69,Hip fracture,21.4,-0.1,100,collected,attended,141,67,94,0,N
P101380,2,2024-05-29,69,Hip fracture,21.4,-0.3,92,collected,attended,117,68,97,0,N
P101380,3,2024-06-05,69,Hip fracture,21.4,-0.4,83,collected,attended,132,88,97,0,N
P101380,4,2024-06-12,69,Hip fracture,21.4,-0.7,85,late,attended,120,80,98,0,N
P101381,1,2024-02-08,60,Diabetes,16.8,0.1,100,collected,attended,125,82,98,0,N
P101381,2,2024-02-15,60,Diabetes,16.8,-0.9,86,collected,attended,129,72,98,0,N
P101381,3,2024-02-22,60,Diabetes,16.8,-0.9,76,collected,scheduled,148,106,98,0,N
P101381,4,2024-02-29,60,Diabetes,16.8,-1.6,100,collected,attended,127,57,92,0,N
P101382,1,2024-02-27,60,Heart failure,18.2,-0.4,95,collected,scheduled,115,86,96,0,N
P101382,2,2024-03-05,60,Heart failure,18.2,-0.3,91,collected,scheduled,115,91,97,0,N
P101382,3,2024-03-12,60,Heart failure,18.2,-0.4,91,missed,attended,139,71,95,0,N
P101382,4,2024-03-19,60,Heart failure,18.2,-1.7,65,collected,scheduled,115,60,95,0,N
P101383,1,2024-04-13,78,Stroke,28.9,0.6,92,late,scheduled,122,91,97,0,N
P101383,2,2024-04-20,78,Stroke,28.9,-0.3,72,collected,scheduled,118,74,95,0,N
P101383,3,2024-04-27,78,Stroke,28.9,-0.6,90,collected,attended,146,65,96,0,N
P101383,4,2024-05-04,78,Stroke,28.9,-0.2,100,missed,scheduled,140,69,96,0,N
P101384,1,2024-03-02,86,COPD,37.8,-0.3,81,late,scheduled,134,66,97,0,N
P101384,2,2024-03-09,86,COPD,37.8,-0.8,90,collected,attended,156,73,96,0,N
P101384,3,2024-03-16,86,COPD,37.8,-1.2,78,collected,attended,125,63,96,0,N
P101384,4,2024-03-23,86,COPD,37.8,-2.0,88,collected,missed,111,82,96,0,N
P101385,1,2024-01-09,64,Diabetes,16.8,-0.1,71,collected,attended,123,82,95,0,N
P101385,2,2024-01-16,64,Diabetes,16.8,0.6,88,collected,missed,109,55,98,0,N
P101385,3,2024-01-23,64,Diabetes,16.8,1.2,88,collected,scheduled,118,89,97,0,N
P101385,4,2024-01-30,64,Diabetes,16.8,1.0,87,collected,attended,142,78,95,0,N
P101386,1,2025-08-09,86,Pneumonia,26.9,-0.5,74,collected,scheduled,128,87,94,0,N
P101386,2,2025-08-16,86,Pneumonia,26.9,0.1,94,collected,scheduled,113,91,97,0,N
P101386,3,2025-08-23,86,Pneumonia,26.9,-0.2,90,collected,attended,143,59,95,0,N
P101386,4,2025-08-30,86,Pneumonia,26.9,0.3,99,collected,attended,136,81,95,0,N
P101387,1,2025-01-13,71,Stroke,16.8,-0.2,97,missed,attended,136,85,94,0,N
P101387,2,2025-01-20,71,Stroke,16.8,0.6,71,collected,attended,132,85,99,0,N
P101387,3,2025-01-27,71,Stroke,16.8,0.9,95,collected,missed,138,63,94,0,N
P101387,4,2025-02-03,71,Stroke,16.8,1.0,76,collected,attended,123,72,95,0,N
P101388,1,2025-05-18,83,Other,35.4,-0.4,75,collected,scheduled,162,88,95,0,N
P101388,2,2025-05-25,83,Other,35.4,-0.9,96,collected,attended,137,71,95,0,N
P101388,3,2025-06-01,83,Other,35.4,-0.9,94,late,attended,113,72,96,0,N
P101388,4,2025-06-08,83,Other,35.4,-1.0,84,collected,scheduled,136,102,96,0,N
P101389,1,2025-03-02,50,Diabetes,11.9,0.2,83,collected,attended,116,75,97,0,N
P101389,2,2025-03-09,50,Diabetes,11.9,0.5,92,late,scheduled,157,86,97,0,N
P101389,3,2025-03-16,50,Diabetes,11.9,0.1,94,collected,scheduled,130,86,98,0,N
P101389,4,2025-03-23,50,Diabetes,11.9,-0.6,91,missed,attended,135,66,98,0,N
P101390,1,2024-08-02,78,Heart failure,23.1,0.3,93,late,attended,132,88,96,0,N
P101390,2,2024-08-09,78,Heart failure,23.1,0.7,84,late,attended,121,94,96,0,N
P101390,3,2024-08-16,78,Heart failure,23.1,1.2,79,collected,attended,163,82,100,0,N
P101390,4,2024-08-23,78,Heart failure,23.1,1.2,86,collected,attended,115,88,94,0,N
P101391,1,2024-01-24,60,Stroke,15.4,0.3,86,missed,attended,137,72,95,0,N
P101391,2,2024-01-31,60,Stroke,15.4,0.5,97,collected,attended,142,57,96,0,N
P101391,3,2024-02-07,60,Stroke,15.4,0.7,93,collected,attended,146,92,95,0,N
P101391,4,2024-02-14,60,Stroke,15.4,0.2,74,collected,scheduled,121,79,95,0,N
P101392,1,2025-04-01,64,Kidney disease,25.0,-0.8,95,late,attended,113,97,94,0,N
P101392,2,2025-04-08,64,Kidney disease,25.0,-2.0,89,late,scheduled,130,90,96,0,N
P101392,3,2025-04-15,64,Kidney disease,25.0,-1.7,83,late,attended,136,75,96,0,N
P101392,4,2025-04-22,64,Kidney disease,25.0,-1.2,91,collected,attended,147,83,97,0,N
P101393,1,2024-03-02,60,Other,15.4,1.2,100,missed,scheduled,138,81,97,0,N
P101393,2,2024-03-09,60,Other,15.4,1.3,75,collected,scheduled,111,69,99,0,N
P101393,3,2024-03-16,60,Other,15.4,1.5,77,collected,scheduled,131,87,93,0,N
P101393,4,2024-03-23,60,Other,15.4,1.8,98,late,scheduled,133,80,97,0,N
P101394,1,2025-02-20,81,COPD,28.9,-0.2,81,collected,missed,114,65,99,0,N
P101394,2,2025-02-27,81,COPD,28.9,0.7,84,late,attended,127,87,95,0,N
P101394,3,2025-03-06,81,COPD,28.9,2.0,94,collected,scheduled,120,82,97,0,N
P101394,4,2025-03-13,81,COPD,28.9,1.7,93,collected,scheduled,120,81,97,0,N
P101395,1,2025-06-22,75,Other,18.2,-0.2,91,collected,attended,141,91,97,0,N
P101395,2,2025-06-29,75,Other,18.2,0.0,85,collected,attended,126,84,92,0,N
P101395,3,2025-07-06,75,Other,18.2,-0.2,100,missed,scheduled,149,80,98,0,N
P101395,4,2025-07-13,75,Other,18.2,-0.8,84,collected,attended,138,66,94,0,N
P101396,1,2024-12-26,66,COPD,16.8,0.1,77,collected,attended,144,82,97,0,N
P101396,2,2025-01-02,66,COPD,16.8,-0.2,100,late,attended,151,79,99,0,N
P101396,3,2025-01-09,66,COPD,16.8,0.6,90,collected,scheduled,124,75,94,0,N
P101396,4,2025-01-16,66,COPD,16.8,0.0,96,collected,scheduled,132,89,95,0,N
P101397,1,2025-05-14,79,Stroke,28.9,0.9,100,collected,scheduled,145,92,92,1,N
P101397,2,2025-05-21,79,Stroke,28.9,0.6,84,collected,missed,114,83,100,1,N
P101397,3,2025-05-28,79,Stroke,28.9,-0.3,72,collected,missed,124,77,97,1,Y
P101397,4,2025-06-04,79,Stroke,28.9,-0.5,79,collected,attended,143,72,96,1,Y
P101398,1,2024-04-29,65,Pneumonia,18.2,-0.9,85,collected,attended,125,89,97,0,N
P101398,2,2024-05-06,65,Pneumonia,18.2,-1.9,81,missed,attended,120,81,97,0,N
P101398,3,2024-05-13,65,Pneumonia,18.2,-2.0,100,collected,scheduled,131,78,95,0,N
P101398,4,2024-05-20,65,Pneumonia,18.2,-1.8,95,collected,attended,133,68,97,0,N
P101399,1,2025-04-04,66,COPD,33.2,0.3,87,collected,attended,123,68,94,0,N
P101399,2,2025-04-11,66,COPD,33.2,0.5,75,collected,attended,137,71,98,0,N
P101399,3,2025-04-18,66,COPD,33.2,0.9,100,late,scheduled,135,66,95,0,N
P101399,4,2025-04-25,66,COPD,33.2,1.1,86,missed,scheduled,142,54,98,0,N
P101400,1,2025-07-11,53,Hip fracture,28.9,0.5,95,collected,attended,137,64,98,0,N
P101400,2,2025-07-18,53,Hip fracture,28.9,-0.1,94,collected,attended,129,97,94,0,N
P101400,3,2025-07-25,53,Hip fracture,28.9,-0.2,89,missed,attended,101,78,93,0,N
P101400,4,2025-08-01,53,Hip fracture,28.9,-1.9,100,collected,attended,135,69,98,0,N
P101401,1,2024-02-26,65,Diabetes,16.8,-1.0,88,collected,attended,129,75,96,0,N
P101401,2,2024-03-04,65,Diabetes,16.8,-1.1,84,collected,attended,137,63,94,0,N
P101401,3,2024-03-11,65,Diabetes,16.8,-0.7,88,collected,attended,128,60,97,0,N
P101401,4,2024-03-18,65,Diabetes,16.8,-0.5,91,collected,attended,131,79,98,0,N
P101402,1,2024-02-16,75,Heart failure,15.4,-0.7,75,collected,attended,109,93,95,0,N
P101402,2,2024-02-23,75,Heart failure,15.4,0.1,100,collected,attended,100,78,100,0,N
P101402,3,2024-03-01,75,Heart failure,15.4,1.5,100,collected,attended,129,79,96,0,N
P101402,4,2024-03-08,75,Heart failure,15.4,1.8,100,collected,attended,131,100,96,0,N
P101403,1,2024-11-30,80,Sepsis,18.2,-0.7,85,collected,scheduled,140,56,96,0,N
P101403,2,2024-12-07,80,Sepsis,18.2,0.5,65,collected,attended,122,71,97,0,N
P101403,3,2024-12-14,80,Sepsis,18.2,0.5,85,collected,scheduled,137,79,94,0,N
P101403,4,2024-12-21,80,Sepsis,18.2,0.4,92,collected,scheduled,131,78,100,0,N
P101404,1,2024-06-14,66,Kidney disease,26.9,-1.0,100,collected,attended,134,63,95,0,N
P101404,2,2024-06-21,66,Kidney disease,26.9,-1.1,73,collected,attended,131,82,93,0,N
P101404,3,2024-06-28,66,Kidney disease,26.9,-1.8,89,collected,attended,125,66,96,0,N
P101404,4,2024-07-05,66,Kidney disease,26.9,-1.7,85,collected,scheduled,129,66,96,0,N
P101405,1,2024-08-13,78,Diabetes,15.4,-0.0,91,collected,attended,145,59,96,0,N
P101405,2,2024-08-20,78,Diabetes,15.4,-0.1,90,missed,attended,130,71,97,0,N
P101405,3,2024-08-27,78,Diabetes,15.4,0.3,95,collected,attended,141,97,91,0,N
P101405,4,2024-09-03,78,Diabetes,15.4,-0.4,72,collected,attended,115,58,96,0,N
P101406,1,2025-02-19,58,Kidney disease,13.0,0.0,93,collected,scheduled,132,73,97,0,N
P101406,2,2025-02-26,58,Kidney disease,13.0,0.1,79,collected,scheduled,134,71,96,0,N
P101406,3,2025-03-05,58,Kidney disease,13.0,-0.2,96,collected,missed,155,90,95,0,N
P101406,4,2025-03-12,58,Kidney disease,13.0,0.1,76,late,attended,111,83,100,0,N
P101407,1,2024-09-10,49,Pneumonia,13.0,-0.1,77,collected,missed,130,88,96,0,N
P101407,2,2024-09-17,49,Pneumonia,13.0,-0.5,94,collected,scheduled,103,78,97,0,N
P101407,3,2024-09-24,49,Pneumonia,13.0,-0.6,87,collected,attended,135,79,94,0,N
P101407,4,2024-10-01,49,Pneumonia,13.0,-1.0,79,collected,attended,106,68,93,0,N
P101408,1,2025-06-18,67,Diabetes,23.1,0.1,83,collected,scheduled,126,93,95,0,N
P101408,2,2025-06-25,67,Diabetes,23.1,-0.2,90,collected,missed,125,85,96,0,N
P101408,3,2025-07-02,67,Diabetes,23.1,0.5,91,collected,attended,126,52,93,0,N
P101408,4,2025-07-09,67,Diabetes,23.1,0.7,100,collected,attended,140,69,96,0,N
P101409,1,2025-08-23,62,Other,19.8,0.5,96,missed,attended,112,78,96,0,N
P101409,2,2025-08-30,62,Other,19.8,1.2,85,late,attended,113,73,94,0,N
P101409,3,2025-09-06,62,Other,19.8,0.2,93,collected,attended,130,77,94,0,N
P101409,4,2025-09-13,62,Other,19.8,-0.0,98,missed,scheduled,114,82,97,0,N
P101410,1,2024-03-01,62,Stroke,16.8,0.2,75,collected,scheduled,141,81,95,0,N
P101410,2,2024-03-08,62,Stroke,16.8,-0.6,63,collected,scheduled,147,111,95,0,N
P101410,3,2024-03-15,62,Stroke,16.8,-1.6,76,collected,missed,140,87,96,0,N
P101410,4,2024-03-22,62,Stroke,16.8,-2.8,80,missed,attended,124,77,97,0,N
P101411,1,2025-08-17,63,COPD,23.1,0.5,76,collected,missed,130,73,96,0,N
P101411,2,2025-08-24,63,COPD,23.1,0.7,86,collected,attended,139,92,95,0,N
P101411,3,2025-08-31,63,COPD,23.1,0.9,100,collected,attended,129,82,96,0,N
P101411,4,2025-09-07,63,COPD,23.1,1.4,100,collected,attended,122,71,99,0,N
P101412,1,2025-01-08,77,COPD,18.2,-0.1,80,late,attended,127,85,97,0,N
P101412,2,2025-01-15,77,COPD,18.2,-0.5,86,collected,scheduled,105,85,95,0,N
P101412,3,2025-01-22,77,COPD,18.2,-1.5,95,collected,attended,155,88,95,0,N
P101412,4,2025-01-29,77,COPD,18.2,-1.6,91,collected,missed,140,71,100,0,N
P101413,1,2024-04-05,81,Stroke,16.8,-0.5,86,late,attended,126,84,97,0,N
P101413,2,2024-04-12,81,Stroke,16.8,-0.1,83,collected,attended,146,88,92,0,N
P101413,3,2024-04-19,81,Stroke,16.8,-0.4,98,late,missed,145,68,94,0,N
P101413,4,2024-04-26,81,Stroke,16.8,0.1,98,collected,scheduled,119,61,97,0,N
P101414,1,2024-05-26,88,Heart failure,23.1,-0.1,97,missed,missed,127,67,95,1,N
P101414,2,2024-06-02,88,Heart failure,23.1,0.1,77,late,attended,124,87,97,1,N
P101414,3,2024-06-09,88,Heart failure,23.1,0.3,100,missed,attended,143,95,93,1,Y
P101414,4,2024-06-16,88,Heart failure,23.1,0.5,82,collected,attended,105,79,94,1,Y
P101415,1,2024-02-05,51,Heart failure,13.0,0.8,92,collected,attended,152,91,96,0,N
P101415,2,2024-02-12,51,Heart failure,13.0,1.5,92,collected,attended,146,90,95,0,N
P101415,3,2024-02-19,51,Heart failure,13.0,1.6,71,collected,scheduled,137,97,95,0,N
P101415,4,2024-02-26,51,Heart failure,13.0,1.7,82,collected,scheduled,126,51,94,0,N
P101416,1,2025-08-01,63,Heart failure,16.8,0.4,92,collected,scheduled,144,78,98,0,N
P101416,2,2025-08-08,63,Heart failure,16.8,0.7,85,late,scheduled,104,84,97,0,N
P101416,3,2025-08-15,63,Heart failure,16.8,0.0,97,collected,scheduled,130,68,99,0,N
P101416,4,2025-08-22,63,Heart failure,16.8,0.4,80,late,attended,148,73,98,0,N
P101417,1,2024-07-17,64,Other,13.0,-0.7,76,collected,attended,141,92,97,0,N
P101417,2,2024-07-24,64,Other,13.0,-1.0,76,collected,scheduled,130,72,99,0,N
P101417,3,2024-07-31,64,Other,13.0,-1.2,100,collected,attended,144,74,96,0,N
P101417,4,2024-08-07,64,Other,13.0,-0.4,82,late,missed,154,67,96,0,N
P101418,1,2025-02-09,88,Sepsis,25.0,0.5,100,collected,missed,111,64,100,0,N
P101418,2,2025-02-16,88,Sepsis,25.0,1.7,84,collected,scheduled,133,83,96,0,N
P101418,3,2025-02-23,88,Sepsis,25.0,1.2,81,missed,scheduled,134,93,95,0,N
P101418,4,2025-03-02,88,Sepsis,25.0,0.6,81,collected,scheduled,120,74,95,0,N
P101419,1,2024-01-30,66,Sepsis,19.8,-0.4,84,missed,attended,143,81,96,0,N
P101419,2,2024-02-06,66,Sepsis,19.8,-0.4,89,collected,attended,140,69,96,0,N
P101419,3,2024-02-13,66,Sepsis,19.8,-0.9,95,collected,attended,118,91,99,0,N
P101419,4,2024-02-20,66,Sepsis,19.8,-1.6,91,collected,attended,141,67,97,0,N
P101420,1,2025-04-08,67,Pneumonia,14.2,0.7,90,missed,missed,145,71,94,1,N
P101420,2,2025-04-15,67,Pneumonia,14.2,0.6,93,collected,scheduled,125,77,95,1,N
P101420,3,2025-04-22,67,Pneumonia,14.2,1.6,84,collected,scheduled,138,72,95,1,Y
P101420,4,2025-04-29,67,Pneumonia,14.2,1.5,83,collected,scheduled,113,67,96,1,Y
P101421,1,2024-09-09,79,Other,18.2,-0.5,100,collected,scheduled,124,56,95,0,N
P101421,2,2024-09-16,79,Other,18.2,-0.3,88,missed,attended,134,97,96,0,N
P101421,3,2024-09-23,79,Other,18.2,-0.1,73,collected,attended,140,58,96,0,N
P101421,4,2024-09-30,79,Other,18.2,-1.2,100,collected,attended,135,80,98,0,N
P101422,1,2024-02-18,57,Heart failure,33.2,0.2,96,collected,attended,123,92,97,1,N
P101422,2,2024-02-25,57,Heart failure,33.2,0.0,97,late,attended,127,108,97,1,N
P101422,3,2024-03-03,57,Heart failure,33.2,-0.4,72,collected,scheduled,122,77,95,1,Y
P101422,4,2024-03-10,57,Heart failure,33.2,-0.7,89,missed,scheduled,121,86,95,1,Y
P101423,1,2024-12-17,82,Sepsis,40.1,-0.2,92,collected,scheduled,161,64,99,0,N
P101423,2,2024-12-24,82,Sepsis,40.1,-0.5,88,collected,attended,131,79,94,0,N
P101423,3,2024-12-31,82,Sepsis,40.1,-0.7,97,collected,attended,142,91,96,0,N
P101423,4,2025-01-07,82,Sepsis,40.1,1.1,81,collected,attended,125,78,93,0,N
P101424,1,2025-03-25,46,Other,13.0,-1.2,100,collected,attended,149,75,95,0,N
P101424,2,2025-04-01,46,Other,13.0,-1.9,73,collected,attended,160,85,95,0,N
P101424,3,2025-04-08,46,Other,13.0,-1.8,90,collected,attended,151,94,96,0,N
P101424,4,2025-04-15,46,Other,13.0,-2.0,84,collected,attended,135,57,96,0,N
P101425,1,2025-01-23,80,Kidney disease,19.8,-0.5,85,collected,attended,120,88,96,0,N
P101425,2,2025-01-30,80,Kidney disease,19.8,0.1,99,collected,attended,113,76,95,0,N
P101425,3,2025-02-06,80,Kidney disease,19.8,-0.6,89,late,scheduled,126,78,99,0,N
P101425,4,2025-02-13,80,Kidney disease,19.8,-0.6,100,collected,attended,131,76,98,0,N
P101426,1,2025-07-13,84,COPD,33.2,-1.4,85,late,scheduled,138,78,98,0,N
P101426,2,2025-07-20,84,COPD,33.2,-2.2,90,missed,missed,154,75,95,0,N
P101426,3,2025-07-27,84,COPD,33.2,-2.4,66,late,scheduled,155,69,93,0,N
P101426,4,2025-08-03,84,COPD,33.2,-3.0,67,late,scheduled,131,65,97,0,N
P101427,1,2024-12-29,80,Other,15.4,-1.0,90,collected,scheduled,138,83,95,1,N
P101427,2,2025-01-05,80,Other,15.4,-0.7,85,collected,attended,114,62,97,1,N
P101427,3,2025-01-12,80,Other,15.4,-0.3,100,collected,attended,133,86,98,1,Y
P101427,4,2025-01-19,80,Other,15.4,0.0,86,late,scheduled,140,73,94,1,Y
P101428,1,2025-06-11,71,Other,25.0,-0.6,95,collected,attended,119,63,96,0,N
P101428,2,2025-06-18,71,Other,25.0,-0.5,99,collected,attended,125,65,98,0,N
P101428,3,2025-06-25,71,Other,25.0,-1.2,81,collected,attended,123,89,95,0,N
P101428,4,2025-07-02,71,Other,25.0,-2.7,83,collected,missed,110,89,95,0,N
P101429,1,2025-05-20,48,Other,13.0,-0.4,80,collected,scheduled,161,90,97,0,N
P101429,2,2025-05-27,48,Other,13.0,-0.5,79,collected,scheduled,137,94,96,0,N
P101429,3,2025-06-03,48,Other,13.0,-0.4,100,collected,scheduled,150,67,98,0,N
P101429,4,2025-06-10,48,Other,13.0,-0.6,67,collected,missed,132,75,96,0,N
P101430,1,2024-03-20,72,Diabetes,16.8,-0.2,90,collected,scheduled,138,86,96,0,N
P101430,2,2024-03-27,72,Diabetes,16.8,-0.2,96,collected,attended,158,54,96,0,N
P101430,3,2024-04-03,72,Diabetes,16.8,-0.0,100,missed,attended,115,82,94,0,N
P101430,4,2024-04-10,72,Diabetes,16.8,0.8,97,collected,attended,141,52,96,0,N
P101431,1,2024-03-08,65,COPD,18.2,0.9,64,late,scheduled,140,81,94,0,N
P101431,2,2024-03-15,65,COPD,18.2,1.7,73,collected,scheduled,149,112,99,0,N
P101431,3,2024-03-22,65,COPD,18.2,1.8,71,late,missed,156,73,93,0,N
P101431,4,2024-03-29,65,COPD,18.2,2.9,67,collected,missed,161,96,97,0,N
P101432,1,2024-01-22,88,Diabetes,21.4,1.0,60,collected,attended,127,62,95,1,N
P101432,2,2024-01-29,88,Diabetes,21.4,1.7,66,collected,scheduled,119,94,92,1,N
P101432,3,2024-02-05,88,Diabetes,21.4,1.3,66,collected,attended,154,78,97,1,Y
P101432,4,2024-02-12,88,Diabetes,21.4,1.5,52,late,missed,148,76,97,1,Y
P101433,1,2025-06-16,74,Pneumonia,21.4,-0.8,77,collected,missed,172,81,93,1,N
P101433,2,2025-06-23,74,Pneumonia,21.4,-1.4,83,collected,missed,140,76,97,1,N
P101433,3,2025-06-30,74,Pneumonia,21.4,-1.0,87,collected,missed,130,85,97,1,Y
P101433,4,2025-07-07,74,Pneumonia,21.4,-0.8,86,collected,attended,132,78,92,1,Y
P101434,1,2024-01-30,71,Other,11.9,-0.1,76,collected,attended,158,107,96,0,N
P101434,2,2024-02-06,71,Other,11.9,-0.6,81,collected,scheduled,141,83,94,0,N
P101434,3,2024-02-13,71,Other,11.9,0.1,82,missed,attended,142,83,98,0,N
P101434,4,2024-02-20,71,Other,11.9,0.7,38,missed,attended,136,70,94,0,N
P101435,1,2025-02-05,75,Other,13.0,0.4,82,collected,scheduled,134,78,96,0,N
P101435,2,2025-02-12,75,Other,13.0,1.4,87,collected,attended,145,92,97,0,N
P101435,3,2025-02-19,75,Other,13.0,0.5,99,collected,scheduled,128,77,99,0,N
P101435,4,2025-02-26,75,Other,13.0,0.2,93,collected,scheduled,135,87,96,0,N
P101436,1,2024-12-17,66,Other,15.4,-0.5,81,missed,scheduled,118,54,95,0,N
P101436,2,2024-12-24,66,Other,15.4,-0.3,97,missed,attended,124,79,97,0,N
P101436,3,2024-12-31,66,Other,15.4,1.1,89,collected,scheduled,112,96,96,0,N
P101436,4,2025-01-07,66,Other,15.4,0.6,75,collected,attended,135,88,96,0,N
P101437,1,2025-04-12,57,Heart failure,15.4,0.2,89,missed,scheduled,126,79,97,0,N
P101437,2,2025-04-19,57,Heart failure,15.4,-0.0,86,late,scheduled,130,55,94,0,N
P101437,3,2025-04-26,57,Heart failure,15.4,1.5,100,collected,attended,146,87,97,0,N
P101437,4,2025-05-03,57,Heart failure,15.4,0.7,97,collected,attended,128,65,98,0,N
P101438,1,2024-09-30,52,Other,13.0,0.6,86,collected,attended,147,57,98,0,N
P101438,2,2024-10-07,52,Other,13.0,-0.6,81,late,scheduled,136,73,96,0,N
P101438,3,2024-10-14,52,Other,13.0,0.0,71,collected,attended,118,73,96,0,N
P101438,4,2024-10-21,52,Other,13.0,-0.2,100,collected,missed,152,59,99,0,N
P101439,1,2024-07-31,53,Sepsis,16.8,-0.5,73,late,attended,148,92,98,1,N
P101439,2,2024-08-07,53,Sepsis,16.8,1.0,66,collected,scheduled,127,107,95,1,N
P101439,3,2024-08-14,53,Sepsis,16.8,1.8,66,collected,missed,142,92,92,1,Y
P101439,4,2024-08-21,53,Sepsis,16.8,2.0,69,collected,scheduled,144,86,95,1,Y
P101440,1,2025-07-21,71,Hip fracture,25.0,0.2,68,collected,missed,103,88,95,0,N
P101440,2,2025-07-28,71,Hip fracture,25.0,0.9,79,collected,scheduled,125,54,95,0,N
P101440,3,2025-08-04,71,Hip fracture,25.0,1.7,77,late,attended,153,109,100,0,N
P101440,4,2025-08-11,71,Hip fracture,25.0,1.9,93,collected,attended,157,84,92,0,N
P101441,1,2025-02-14,100,COPD,21.4,-0.2,92,collected,attended,142,73,96,0,N
P101441,2,2025-02-21,100,COPD,21.4,-0.3,100,collected,attended,86,87,96,0,N
P101441,3,2025-02-28,100,COPD,21.4,-0.7,88,collected,attended,127,88,95,0,N
P101441,4,2025-03-07,100,COPD,21.4,-1.2,72,late,attended,136,96,96,0,N
P101442,1,2025-02-07,57,Heart failure,16.8,-0.4,86,collected,scheduled,141,76,96,1,N
P101442,2,2025-02-14,57,Heart failure,16.8,-0.9,85,collected,attended,135,72,97,1,N
P101442,3,2025-02-21,57,Heart failure,16.8,-0.0,99,collected,scheduled,122,77,93,1,Y
P101442,4,2025-02-28,57,Heart failure,16.8,0.3,100,collected,attended,133,68,95,1,Y
P101443,1,2025-01-20,64,Other,25.0,0.4,87,collected,scheduled,135,92,95,1,N
P101443,2,2025-01-27,64,Other,25.0,1.2,75,collected,missed,127,108,93,1,N
P101443,3,2025-02-03,64,Other,25.0,1.3,75,late,attended,149,86,95,1,Y
P101443,4,2025-02-10,64,Other,25.0,1.5,78,late,missed,147,81,95,1,Y
P101444,1,2024-03-05,55,Pneumonia,11.9,-0.7,95,collected,scheduled,121,78,96,0,N
P101444,2,2024-03-12,55,Pneumonia,11.9,-1.5,90,missed,attended,100,100,97,0,N
P101444,3,2024-03-19,55,Pneumonia,11.9,-0.5,100,collected,scheduled,148,71,95,0,N
P101444,4,2024-03-26,55,Pneumonia,11.9,-1.0,76,collected,scheduled,146,86,96,0,N
P101445,1,2024-08-13,84,Hip fracture,19.8,-0.2,80,collected,scheduled,143,88,95,0,N
P101445,2,2024-08-20,84,Hip fracture,19.8,0.9,92,collected,attended,117,66,95,0,N
P101445,3,2024-08-27,84,Hip fracture,19.8,-0.1,92,missed,attended,123,62,97,0,N
P101445,4,2024-09-03,84,Hip fracture,19.8,0.1,100,collected,scheduled,133,97,100,0,N
P101446,1,2024-07-13,75,Pneumonia,15.4,-0.4,83,collected,scheduled,136,88,97,0,N
P101446,2,2024-07-20,75,Pneumonia,15.4,0.1,86,collected,attended,116,72,99,0,N
P101446,3,2024-07-27,75,Pneumonia,15.4,-1.3,97,collected,attended,130,88,98,0,N
P101446,4,2024-08-03,75,Pneumonia,15.4,-1.8,85,collected,attended,139,62,95,0,N
P101447,1,2024-05-27,68,Other,18.2,-0.1,92,missed,attended,129,84,94,0,N
P101447,2,2024-06-03,68,Other,18.2,-0.5,89,late,scheduled,114,52,99,0,N
P101447,3,2024-06-10,68,Other,18.2,-0.4,81,collected,missed,141,75,97,0,N
P101447,4,2024-06-17,68,Other,18.2,0.1,72,late,missed,144,71,93,0,N
P101448,1,2024-11-24,75,Other,15.4,-1.3,100,late,attended,126,68,95,0,N
P101448,2,2024-12-01,75,Other,15.4,-1.5,86,collected,attended,158,78,99,0,N
P101448,3,2024-12-08,75,Other,15.4,-1.1,100,collected,scheduled,127,71,96,0,N
P101448,4,2024-12-15,75,Other,15.4,0.4,86,collected,scheduled,158,74,97,0,N
P101449,1,2024-02-12,80,Sepsis,18.2,0.1,100,late,scheduled,112,97,95,0,N
P101449,2,2024-02-19,80,Sepsis,18.2,-0.5,99,collected,attended,141,73,96,0,N
P101449,3,2024-02-26,80,Sepsis,18.2,-1.1,93,late,attended,106,81,95,0,N
P101449,4,2024-03-04,80,Sepsis,18.2,-1.5,77,collected,scheduled,141,70,97,0,N
P101450,1,2025-04-30,60,Kidney disease,18.2,-0.5,86,collected,missed,129,107,98,0,N
P101450,2,2025-05-07,60,Kidney disease,18.2,-1.1,92,missed,attended,145,84,96,0,N
P101450,3,2025-05-14,60,Kidney disease,18.2,-1.4,92,collected,attended,116,88,97,0,N
P101450,4,2025-05-21,60,Kidney disease,18.2,-2.0,88,collected,scheduled,126,80,99,0,N
P101451,1,2025-07-11,46,Heart failure,11.9,-0.2,88,late,missed,114,92,96,0,N
P101451,2,2025-07-18,46,Heart failure,11.9,-0.2,70,collected,scheduled,139,100,96,0,N
P101451,3,2025-07-25,46,Heart failure,11.9,0.3,77,collected,scheduled,150,76,93,0,N
P101451,4,2025-08-01,46,Heart failure,11.9,0.3,85,missed,attended,124,85,92,0,N
P101452,1,2024-08-26,73,Diabetes,31.0,-1.2,69,collected,missed,146,60,94,1,N
P101452,2,2024-09-02,73,Diabetes,31.0,-1.2,96,collected,scheduled,140,80,94,1,N
P101452,3,2024-09-09,73,Diabetes,31.0,-1.7,100,collected,scheduled,114,102,96,1,Y
P101452,4,2024-09-16,73,Diabetes,31.0,-1.1,91,late,scheduled,97,73,94,1,Y
P101453,1,2025-02-17,51,Other,11.9,-0.3,83,collected,attended,137,94,98,0,N
P101453,2,2025-02-24,51,Other,11.9,-0.7,85,late,attended,152,73,97,0,N
P101453,3,2025-03-03,51,Other,11.9,-0.9,67,collected,scheduled,118,68,98,0,N
P101453,4,2025-03-10,51,Other,11.9,-0.6,65,collected,missed,114,81,95,0,N
P101454,1,2025-02-07,85,Diabetes,16.8,0.1,87,collected,attended,133,79,97,1,N
P101454,2,2025-02-14,85,Diabetes,16.8,-0.5,80,collected,attended,133,72,99,1,N
P101454,3,2025-02-21,85,Diabetes,16.8,-0.9,85,missed,attended,114,78,97,1,Y
P101454,4,2025-02-28,85,Diabetes,16.8,-1.7,100,collected,attended,138,86,95,1,Y
P101455,1,2024-03-13,57,COPD,16.8,0.3,61,late,attended,139,64,96,1,N
P101455,2,2024-03-20,57,COPD,16.8,0.6,77,collected,attended,158,78,99,1,N
P101455,3,2024-03-27,57,COPD,16.8,0.5,84,late,missed,137,72,94,1,Y
P101455,4,2024-04-03,57,COPD,16.8,0.5,92,missed,attended,127,72,96,1,Y
P101456,1,2024-11-20,72,Other,18.2,0.0,74,late,attended,137,88,96,0,N
P101456,2,2024-11-27,72,Other,18.2,0.7,70,collected,scheduled,158,96,95,0,N
P101456,3,2024-12-04,72,Other,18.2,0.8,91,collected,missed,133,78,96,0,N
P101456,4,2024-12-11,72,Other,18.2,0.2,71,collected,scheduled,132,89,93,0,N
P101457,1,2024-08-04,80,Kidney disease,15.4,-0.2,93,collected,scheduled,126,89,95,0,N
P101457,2,2024-08-11,80,Kidney disease,15.4,-0.2,81,collected,attended,122,89,97,0,N
P101457,3,2024-08-18,80,Kidney disease,15.4,-1.0,100,collected,scheduled,132,73,98,0,N
P101457,4,2024-08-25,80,Kidney disease,15.4,-1.0,92,collected,missed,104,62,97,0,N
P101458,1,2024-04-17,58,Hip fracture,16.8,0.2,75,collected,missed,134,86,97,0,N
P101458,2,2024-04-24,58,Hip fracture,16.8,0.2,77,collected,attended,121,62,94,0,N
P101458,3,2024-05-01,58,Hip fracture,16.8,1.5,86,collected,attended,107,77,94,0,N
P101458,4,2024-05-08,58,Hip fracture,16.8,2.4,87,collected,attended,134,95,98,0,N
P101459,1,2025-04-21,51,Pneumonia,21.4,0.4,100,collected,attended,146,78,97,0,N
P101459,2,2025-04-28,51,Pneumonia,21.4,-0.2,90,collected,attended,152,84,94,0,N
P101459,3,2025-05-05,51,Pneumonia,21.4,-0.3,87,collected,attended,138,81,98,0,N
P101459,4,2025-05-12,51,Pneumonia,21.4,-0.2,86,collected,attended,118,84,95,0,N
P101460,1,2024-06-20,62,Other,13.0,1.0,55,collected,scheduled,118,70,97,0,N
P101460,2,2024-06-27,62,Other,13.0,1.9,85,late,attended,132,91,99,0,N
P101460,3,2024-07-04,62,Other,13.0,1.7,100,collected,missed,114,62,98,0,N
P101460,4,2024-07-11,62,Other,13.0,2.2,94,collected,scheduled,111,66,93,0,N
P101461,1,2024-11-18,77,Sepsis,21.4,0.3,100,missed,attended,92,69,95,1,N
P101461,2,2024-11-25,77,Sepsis,21.4,0.2,88,late,attended,117,87,98,1,N
P101461,3,2024-12-02,77,Sepsis,21.4,0.4,81,collected,attended,124,76,98,1,Y
P101461,4,2024-12-09,77,Sepsis,21.4,-0.8,86,collected,missed,121,76,98,1,Y
P101462,1,2025-04-07,49,Stroke,11.9,0.9,93,collected,attended,134,77,93,0,N
P101462,2,2025-04-14,49,Stroke,11.9,0.4,83,collected,scheduled,140,95,95,0,N
P101462,3,2025-04-21,49,Stroke,11.9,0.6,80,collected,attended,137,70,97,0,N
P101462,4,2025-04-28,49,Stroke,11.9,0.5,93,collected,scheduled,152,96,95,0,N
P101463,1,2025-06-14,66,Pneumonia,14.2,-0.3,100,collected,missed,148,103,95,0,N
P101463,2,2025-06-21,66,Pneumonia,14.2,-0.6,84,collected,attended,115,78,95,0,N
P101463,3,2025-06-28,66,Pneumonia,14.2,-0.9,89,collected,attended,129,64,94,0,N
P101463,4,2025-07-05,66,Pneumonia,14.2,-0.6,75,collected,attended,146,78,98,0,N
P101464,1,2024-09-28,74,Sepsis,28.9,-0.2,85,collected,scheduled,120,81,93,0,N
P101464,2,2024-10-05,74,Sepsis,28.9,-0.8,79,collected,scheduled,141,86,94,0,N
P101464,3,2024-10-12,74,Sepsis,28.9,-1.0,98,collected,scheduled,147,79,95,0,N
P101464,4,2024-10-19,74,Sepsis,28.9,-0.2,87,collected,missed,149,81,97,0,N
P101465,1,2025-06-02,70,Heart failure,13.0,-1.0,100,late,attended,124,76,97,0,N
P101465,2,2025-06-09,70,Heart failure,13.0,-1.2,91,collected,attended,152,75,94,0,N
P101465,3,2025-06-16,70,Heart failure,13.0,-0.2,80,collected,attended,118,83,99,0,N
P101465,4,2025-06-23,70,Heart failure,13.0,-0.3,82,collected,scheduled,138,92,97,0,N
P101466,1,2025-02-09,60,Heart failure,15.4,1.2,95,late,scheduled,151,91,94,0,N
P101466,2,2025-02-16,60,Heart failure,15.4,1.4,94,collected,attended,153,72,93,0,N
P101466,3,2025-02-23,60,Heart failure,15.4,1.4,85,missed,scheduled,125,80,93,0,N
P101466,4,2025-03-02,60,Heart failure,15.4,0.8,82,late,attended,126,78,96,0,N
P101467,1,2025-08-26,41,Hip fracture,11.9,-0.3,78,collected,missed,143,77,95,1,N
P101467,2,2025-09-02,41,Hip fracture,11.9,0.9,69,late,missed,140,61,96,1,N
P101467,3,2025-09-09,41,Hip fracture,11.9,0.0,62,collected,missed,142,66,92,1,Y
P101467,4,2025-09-16,41,Hip fracture,11.9,-0.0,78,collected,attended,150,89,95,1,Y
P101468,1,2024-07-20,58,Heart failure,21.4,0.5,100,collected,missed,140,72,97,1,N
P101468,2,2024-07-27,58,Heart failure,21.4,1.8,79,collected,attended,133,52,99,1,N
P101468,3,2024-08-03,58,Heart failure,21.4,1.2,73,collected,missed,133,103,99,1,Y
P101468,4,2024-08-10,58,Heart failure,21.4,1.5,90,collected,attended,136,77,98,1,Y
P101469,1,2025-02-21,56,Pneumonia,19.8,1.0,99,collected,scheduled,118,83,99,0,N
P101469,2,2025-02-28,56,Pneumonia,19.8,0.8,91,collected,attended,146,64,95,0,N
P101469,3,2025-03-07,56,Pneumonia,19.8,-0.1,92,collected,missed,128,73,92,0,N
P101469,4,2025-03-14,56,Pneumonia,19.8,-1.4,85,collected,scheduled,130,90,95,0,N
P101470,1,2024-01-13,67,Other,15.4,0.4,90,collected,attended,155,79,97,0,N
P101470,2,2024-01-20,67,Other,15.4,-0.8,100,collected,attended,139,80,95,0,N
P101470,3,2024-01-27,67,Other,15.4,-0.8,91,collected,attended,133,92,97,0,N
P101470,4,2024-02-03,67,Other,15.4,-1.0,100,late,attended,137,64,97,0,N
P101471,1,2024-06-11,83,Other,23.1,0.2,88,collected,attended,128,54,99,0,N
P101471,2,2024-06-18,83,Other,23.1,0.3,88,collected,scheduled,125,80,95,0,N
P101471,3,2024-06-25,83,Other,23.1,0.1,94,collected,attended,109,73,95,0,N
P101471,4,2024-07-02,83,Other,23.1,-0.4,97,collected,attended,155,71,96,0,N
P101472,1,2024-02-25,33,Other,11.9,0.7,90,collected,attended,136,71,96,0,N
P101472,2,2024-03-03,33,Other,11.9,1.0,86,late,attended,130,61,95,0,N
P101472,3,2024-03-10,33,Other,11.9,1.1,79,collected,attended,123,58,92,0,N
P101472,4,2024-03-17,33,Other,11.9,0.5,93,collected,attended,107,95,96,0,N
P101473,1,2024-09-12,47,Pneumonia,23.1,0.5,100,late,attended,157,60,95,1,N
P101473,2,2024-09-19,47,Pneumonia,23.1,-0.3,93,collected,scheduled,128,92,96,1,N
P101473,3,2024-09-26,47,Pneumonia,23.1,-0.6,89,collected,attended,122,64,95,1,Y
P101473,4,2024-10-03,47,Pneumonia,23.1,-0.5,80,collected,scheduled,114,87,95,1,Y
P101474,1,2025-02-10,67,Other,21.4,0.1,78,collected,attended,133,74,95,0,N
P101474,2,2025-02-17,67,Other,21.4,-0.0,100,collected,missed,124,73,94,0,N
P101474,3,2025-02-24,67,Other,21.4,-0.1,84,collected,missed,108,70,98,0,N
P101474,4,2025-03-03,67,Other,21.4,-0.4,72,late,attended,126,75,97,0,N
P101475,1,2024-06-03,73,Sepsis,23.1,0.6,97,missed,attended,120,65,96,0,N
P101475,2,2024-06-10,73,Sepsis,23.1,1.3,100,collected,attended,144,86,92,0,N
P101475,3,2024-06-17,73,Sepsis,23.1,0.6,89,collected,missed,113,82,98,0,N
P101475,4,2024-06-24,73,Sepsis,23.1,0.5,76,collected,attended,110,96,94,0,N
P101476,1,2024-05-18,82,Other,31.0,-0.2,80,collected,scheduled,117,65,97,0,N
P101476,2,2024-05-25,82,Other,31.0,-1.3,100,collected,scheduled,146,86,99,0,N
P101476,3,2024-06-01,82,Other,31.0,-1.6,77,collected,attended,137,93,95,0,N
P101476,4,2024-06-08,82,Other,31.0,-0.7,87,collected,attended,123,80,94,0,N
P101477,1,2025-03-24,89,Pneumonia,15.4,-0.3,74,collected,attended,140,64,94,0,N
P101477,2,2025-03-31,89,Pneumonia,15.4,0.3,84,collected,attended,112,76,98,0,N
P101477,3,2025-04-07,89,Pneumonia,15.4,0.5,81,late,attended,141,74,95,0,N
P101477,4,2025-04-14,89,Pneumonia,15.4,0.9,88,collected,attended,140,70,94,0,N
P101478,1,2024-12-06,74,Other,15.4,-0.1,76,collected,attended,160,76,95,0,N
P101478,2,2024-12-13,74,Other,15.4,1.0,77,collected,scheduled,128,80,96,0,N
P101478,3,2024-12-20,74,Other,15.4,1.7,76,late,scheduled,136,90,97,0,N
P101478,4,2024-12-27,74,Other,15.4,2.0,100,collected,attended,119,83,92,0,N
P101479,1,2024-06-10,78,Pneumonia,19.8,0.7,91,late,attended,123,86,97,1,N
P101479,2,2024-06-17,78,Pneumonia,19.8,1.3,97,collected,attended,134,57,97,1,N
P101479,3,2024-06-24,78,Pneumonia,19.8,2.2,90,collected,attended,141,79,94,1,Y
P101479,4,2024-07-01,78,Pneumonia,19.8,2.9,100,collected,attended,153,79,95,1,Y
P101480,1,2025-06-24,85,COPD,26.9,0.3,95,missed,attended,137,67,96,1,N
P101480,2,2025-07-01,85,COPD,26.9,0.1,78,collected,attended,119,58,96,1,N
P101480,3,2025-07-08,85,COPD,26.9,-0.5,92,collected,attended,122,94,95,1,Y
P101480,4,2025-07-15,85,COPD,26.9,-0.3,83,collected,scheduled,134,71,97,1,Y
P101481,1,2024-06-23,63,Diabetes,15.4,-0.0,64,late,scheduled,143,89,95,1,N
P101481,2,2024-06-30,63,Diabetes,15.4,-0.5,61,late,attended,127,98,96,1,N
P101481,3,2024-07-07,63,Diabetes,15.4,0.1,94,missed,attended,128,70,97,1,Y
P101481,4,2024-07-14,63,Diabetes,15.4,-0.2,81,missed,attended,127,96,95,1,Y
P101482,1,2025-01-10,74,Heart failure,19.8,-0.5,74,collected,scheduled,129,84,98,0,N
P101482,2,2025-01-17,74,Heart failure,19.8,0.8,90,missed,attended,118,69,97,0,N
P101482,3,2025-01-24,74,Heart failure,19.8,0.9,81,late,attended,142,77,95,0,N
P101482,4,2025-01-31,74,Heart failure,19.8,1.1,100,missed,attended,124,89,94,0,N
P101483,1,2025-06-24,49,Other,13.0,0.8,95,collected,attended,141,81,97,0,N
P101483,2,2025-07-01,49,Other,13.0,1.4,74,collected,attended,153,67,100,0,N
P101483,3,2025-07-08,49,Other,13.0,1.2,75,collected,attended,123,75,95,0,N
P101483,4,2025-07-15,49,Other,13.0,1.2,100,collected,attended,110,70,100,0,N
P101484,1,2025-07-04,66,COPD,25.0,1.2,87,late,attended,149,81,96,0,N
P101484,2,2025-07-11,66,COPD,25.0,1.4,82,collected,attended,119,74,94,0,N
P101484,3,2025-07-18,66,COPD,25.0,1.3,100,collected,attended,115,72,97,0,N
P101484,4,2025-07-25,66,COPD,25.0,1.3,79,collected,scheduled,130,81,98,0,N
P101485,1,2025-02-12,71,Sepsis,14.2,0.8,79,collected,attended,120,56,97,0,N
P101485,2,2025-02-19,71,Sepsis,14.2,1.1,82,collected,scheduled,112,76,95,0,N
P101485,3,2025-02-26,71,Sepsis,14.2,1.4,71,collected,attended,110,70,98,0,N
P101485,4,2025-03-05,71,Sepsis,14.2,1.0,89,collected,missed,136,75,97,0,N
P101486,1,2024-05-17,46,Heart failure,18.2,-0.8,94,collected,attended,125,66,98,0,N
P101486,2,2024-05-24,46,Heart failure,18.2,-0.7,87,collected,scheduled,150,91,95,0,N
P101486,3,2024-05-31,46,Heart failure,18.2,-0.4,93,collected,missed,113,74,95,0,N
P101486,4,2024-06-07,46,Heart failure,18.2,-0.5,80,missed,attended,142,77,94,0,N
P101487,1,2024-04-24,63,Kidney disease,25.0,0.8,98,collected,attended,134,83,96,1,N
P101487,2,2024-05-01,63,Kidney disease,25.0,0.2,87,missed,attended,141,78,94,1,N
P101487,3,2024-05-08,63,Kidney disease,25.0,-0.0,90,collected,scheduled,127,95,94,1,Y
P101487,4,2024-05-15,63,Kidney disease,25.0,-0.1,92,collected,attended,128,78,97,1,Y
P101488,1,2025-04-09,63,Diabetes,21.4,-0.3,100,missed,scheduled,142,81,95,0,N
P101488,2,2025-04-16,63,Diabetes,21.4,-0.0,66,collected,attended,140,74,97,0,N
P101488,3,2025-04-23,63,Diabetes,21.4,0.5,83,collected,scheduled,137,84,94,0,N
P101488,4,2025-04-30,63,Diabetes,21.4,-0.1,73,collected,scheduled,154,86,97,0,N
P101489,1,2025-04-24,86,Hip fracture,28.9,-0.2,80,collected,attended,127,61,94,0,N
P101489,2,2025-05-01,86,Hip fracture,28.9,0.7,86,collected,attended,128,108,96,0,N
P101489,3,2025-05-08,86,Hip fracture,28.9,0.4,92,collected,attended,126,71,96,0,N
P101489,4,2025-05-15,86,Hip fracture,28.9,0.7,100,collected,missed,116,86,94,0,N
P101490,1,2024-11-27,63,Other,18.2,0.9,100,collected,attended,131,71,100,0,N
P101490,2,2024-12-04,63,Other,18.2,0.5,83,collected,attended,123,78,97,0,N
P101490,3,2024-12-11,63,Other,18.2,0.5,84,collected,scheduled,122,76,94,0,N
P101490,4,2024-12-18,63,Other,18.2,1.2,86,collected,attended,137,82,94,0,N
P101491,1,2025-01-30,68,Other,16.8,-0.8,81,collected,attended,136,96,95,0,N
P101491,2,2025-02-06,68,Other,16.8,-1.0,89,collected,scheduled,118,44,95,0,N
P101491,3,2025-02-13,68,Other,16.8,-0.0,89,collected,scheduled,148,75,94,0,N
P101491,4,2025-02-20,68,Other,16.8,-0.5,100,missed,attended,147,86,95,0,N
P101492,1,2025-08-12,58,Pneumonia,21.4,-0.6,89,collected,scheduled,130,80,94,0,N
P101492,2,2025-08-19,58,Pneumonia,21.4,-0.1,97,collected,attended,125,64,94,0,N
P101492,3,2025-08-26,58,Pneumonia,21.4,-0.2,79,collected,attended,122,70,97,0,N
P101492,4,2025-09-02,58,Pneumonia,21.4,0.5,77,late,attended,128,75,97,0,N
P101493,1,2025-07-10,62,Heart failure,14.2,0.0,69,collected,attended,128,70,96,0,N
P101493,2,2025-07-17,62,Heart failure,14.2,0.4,89,collected,attended,130,87,98,0,N
P101493,3,2025-07-24,62,Heart failure,14.2,0.1,92,collected,attended,123,72,96,0,N
P101493,4,2025-07-31,62,Heart failure,14.2,-0.7,85,collected,attended,147,90,99,0,N
P101494,1,2024-11-11,72,Other,21.4,0.6,82,collected,attended,161,83,96,1,N
P101494,2,2024-11-18,72,Other,21.4,0.3,95,collected,attended,146,66,100,1,N
P101494,3,2024-11-25,72,Other,21.4,1.2,91,collected,attended,136,92,95,1,Y
P101494,4,2024-12-02,72,Other,21.4,1.2,98,collected,missed,146,71,96,1,Y
P101495,1,2024-05-20,81,Other,14.2,-0.3,95,collected,scheduled,129,101,93,0,N
P101495,2,2024-05-27,81,Other,14.2,1.2,61,collected,attended,134,72,96,0,N
P101495,3,2024-06-03,81,Other,14.2,1.3,71,collected,scheduled,126,86,93,0,N
P101495,4,2024-06-10,81,Other,14.2,1.1,69,collected,attended,121,79,97,0,N
P101496,1,2024-10-22,100,Sepsis,33.2,-0.9,91,collected,scheduled,154,88,96,0,N
P101496,2,2024-10-29,100,Sepsis,33.2,-0.7,71,late,scheduled,147,86,97,0,N
P101496,3,2024-11-05,100,Sepsis,33.2,-0.9,68,collected,attended,166,81,95,0,N
P101496,4,2024-11-12,100,Sepsis,33.2,-0.6,81,missed,attended,174,77,91,0,N
P101497,1,2025-06-09,72,COPD,13.0,0.1,83,late,attended,131,86,93,0,N
P101497,2,2025-06-16,72,COPD,13.0,-1.2,100,collected,attended,127,65,93,0,N
P101497,3,2025-06-23,72,COPD,13.0,-0.8,87,late,attended,129,77,97,0,N
P101497,4,2025-06-30,72,COPD,13.0,-0.5,94,collected,attended,115,87,97,0,N
P101498,1,2024-11-06,61,Heart failure,21.4,-1.1,75,missed,missed,117,94,99,0,N
P101498,2,2024-11-13,61,Heart failure,21.4,-0.9,75,collected,attended,168,86,95,0,N
P101498,3,2024-11-20,61,Heart failure,21.4,0.6,79,collected,scheduled,136,99,95,0,N
P101498,4,2024-11-27,61,Heart failure,21.4,0.6,79,collected,scheduled,126,102,94,0,N
P101499,1,2025-06-20,76,Diabetes,21.4,-0.2,81,collected,attended,122,91,96,0,N
P101499,2,2025-06-27,76,Diabetes,21.4,0.5,92,collected,missed,119,92,98,0,N
P101499,3,2025-07-04,76,Diabetes,21.4,-0.2,90,collected,attended,125,87,97,0,N
P101499,4,2025-07-11,76,Diabetes,21.4,0.6,94,collected,attended,112,68,98,0,N
P101500,1,2025-06-26,49,Kidney disease,15.4,0.0,95,collected,attended,163,75,96,0,N
P101500,2,2025-07-03,49,Kidney disease,15.4,-0.7,79,collected,attended,126,64,95,0,N
P101500,3,2025-07-10,49,Kidney disease,15.4,-0.5,100,collected,scheduled,152,66,94,0,N
P101500,4,2025-07-17,49,Kidney disease,15.4,0.2,93,collected,missed,140,91,94,0,N
P101501,1,2025-06-17,82,Pneumonia,25.0,0.3,63,collected,scheduled,132,90,96,1,N
P101501,2,2025-06-24,82,Pneumonia,25.0,-0.2,77,late,attended,120,80,95,1,N
P101501,3,2025-07-01,82,Pneumonia,25.0,-0.3,89,late,scheduled,138,82,95,1,Y
P101501,4,2025-07-08,82,Pneumonia,25.0,-0.8,79,late,attended,138,76,96,1,Y
P101502,1,2025-08-21,41,Kidney disease,11.9,0.2,73,collected,attended,138,95,97,0,N
P101502,2,2025-08-28,41,Kidney disease,11.9,-0.6,92,collected,scheduled,110,91,92,0,N
P101502,3,2025-09-04,41,Kidney disease,11.9,-1.4,82,late,attended,149,86,97,0,N
P101502,4,2025-09-11,41,Kidney disease,11.9,-2.3,89,collected,scheduled,129,85,97,0,N
P101503,1,2024-12-27,45,Heart failure,16.8,0.1,70,collected,attended,136,82,97,0,N
P101503,2,2025-01-03,45,Heart failure,16.8,0.8,97,late,attended,142,63,96,0,N
P101503,3,2025-01-10,45,Heart failure,16.8,2.0,91,collected,scheduled,126,73,97,0,N
P101503,4,2025-01-17,45,Heart failure,16.8,2.3,100,missed,attended,113,73,97,0,N
P101504,1,2025-07-02,44,Other,11.9,0.4,68,missed,attended,129,85,96,0,N
P101504,2,2025-07-09,44,Other,11.9,0.9,84,late,attended,135,84,95,0,N
P101504,3,2025-07-16,44,Other,11.9,1.4,82,collected,missed,140,75,97,0,N
P101504,4,2025-07-23,44,Other,11.9,1.7,78,collected,attended,149,68,93,0,N
P101505,1,2025-03-22,68,Other,14.2,-0.6,70,collected,attended,132,103,96,0,N
P101505,2,2025-03-29,68,Other,14.2,0.1,84,collected,scheduled,123,79,97,0,N
P101505,3,2025-04-05,68,Other,14.2,-0.1,83,missed,attended,119,87,97,0,N
P101505,4,2025-04-12,68,Other,14.2,-1.0,93,collected,scheduled,139,65,99,0,N
P101506,1,2024-08-12,56,Pneumonia,18.2,1.5,69,collected,scheduled,150,88,96,1,N
P101506,2,2024-08-19,56,Pneumonia,18.2,1.3,78,missed,scheduled,148,70,98,1,N
P101506,3,2024-08-26,56,Pneumonia,18.2,1.4,80,collected,attended,133,82,96,1,Y
P101506,4,2024-09-02,56,Pneumonia,18.2,1.4,78,collected,missed,142,77,95,1,Y
P101507,1,2025-04-19,52,Sepsis,13.0,-0.0,99,late,attended,134,76,95,1,N
P101507,2,2025-04-26,52,Sepsis,13.0,0.8,70,collected,attended,147,77,97,1,N
P101507,3,2025-05-03,52,Sepsis,13.0,0.8,93,collected,attended,138,68,97,1,Y
P101507,4,2025-05-10,52,Sepsis,13.0,-0.2,83,collected,scheduled,106,90,100,1,Y
P101508,1,2024-09-23,46,Hip fracture,21.4,-0.4,100,collected,attended,134,74,98,1,N
P101508,2,2024-09-30,46,Hip fracture,21.4,1.0,84,late,attended,135,73,100,1,N
P101508,3,2024-10-07,46,Hip fracture,21.4,1.1,96,collected,scheduled,133,92,94,1,Y
P101508,4,2024-10-14,46,Hip fracture,21.4,0.5,100,collected,scheduled,145,92,96,1,Y
P101509,1,2024-04-12,76,Heart failure,18.2,-0.3,100,collected,scheduled,142,85,94,0,N
P101509,2,2024-04-19,76,Heart failure,18.2,-1.3,90,collected,scheduled,126,80,95,0,N
P101509,3,2024-04-26,76,Heart failure,18.2,-1.2,86,collected,attended,122,85,97,0,N
P101509,4,2024-05-03,76,Heart failure,18.2,-1.4,98,late,attended,144,91,96,0,N
P101510,1,2024-07-15,85,Hip fracture,16.8,-0.3,84,late,missed,140,52,93,0,N
P101510,2,2024-07-22,85,Hip fracture,16.8,0.2,86,collected,attended,129,64,99,0,N
P101510,3,2024-07-29,85,Hip fracture,16.8,0.6,94,collected,scheduled,142,79,95,0,N
P101510,4,2024-08-05,85,Hip fracture,16.8,-0.2,92,collected,scheduled,110,84,97,0,N
P101511,1,2024-11-17,69,Diabetes,21.4,-0.8,100,missed,attended,140,80,93,1,N
P101511,2,2024-11-24,69,Diabetes,21.4,-1.1,86,collected,attended,140,68,97,1,N
P101511,3,2024-12-01,69,Diabetes,21.4,-0.7,86,late,attended,148,91,99,1,Y
P101511,4,2024-12-08,69,Diabetes,21.4,-1.7,91,late,attended,130,80,97,1,Y
P101512,1,2024-05-03,84,Stroke,37.8,-1.1,73,collected,scheduled,131,73,98,1,N
P101512,2,2024-05-10,84,Stroke,37.8,-1.6,99,collected,attended,131,81,97,1,N
P101512,3,2024-05-17,84,Stroke,37.8,-1.8,81,collected,attended,151,62,95,1,Y
P101512,4,2024-05-24,84,Stroke,37.8,-0.9,84,collected,attended,126,76,96,1,Y
P101513,1,2024-09-23,64,Heart failure,13.0,0.1,78,collected,scheduled,141,73,96,0,N
P101513,2,2024-09-30,64,Heart failure,13.0,-0.2,100,missed,missed,142,89,98,0,N
P101513,3,2024-10-07,64,Heart failure,13.0,0.1,80,collected,attended,127,69,93,0,N
P101513,4,2024-10-14,64,Heart failure,13.0,0.3,87,collected,scheduled,141,79,96,0,N
P101514,1,2024-02-28,67,Other,21.4,-0.2,76,late,missed,133,84,97,1,N
P101514,2,2024-03-06,67,Other,21.4,0.1,54,collected,attended,137,78,94,1,N
P101514,3,2024-03-13,67,Other,21.4,0.7,100,missed,attended,157,73,95,1,Y
P101514,4,2024-03-20,67,Other,21.4,2.1,78,collected,scheduled,134,81,93,1,Y
P101515,1,2025-01-27,78,Other,15.4,-0.1,84,collected,scheduled,130,58,100,0,N
P101515,2,2025-02-03,78,Other,15.4,-1.2,83,collected,scheduled,134,90,98,0,N
P101515,3,2025-02-10,78,Other,15.4,-1.4,81,late,attended,121,70,94,0,N
P101515,4,2025-02-17,78,Other,15.4,-2.3,85,collected,scheduled,146,93,93,0,N
P101516,1,2024-11-28,73,Other,16.8,0.1,84,collected,attended,120,79,100,0,N
P101516,2,2024-12-05,73,Other,16.8,0.0,87,collected,attended,140,75,96,0,N
P101516,3,2024-12-12,73,Other,16.8,-1.3,82,collected,scheduled,117,89,94,0,N
P101516,4,2024-12-19,73,Other,16.8,-2.4,98,collected,attended,131,81,95,0,N
P101517,1,2024-09-10,49,Sepsis,13.0,-0.8,100,late,attended,137,61,95,0,N
P101517,2,2024-09-17,49,Sepsis,13.0,-0.6,88,collected,attended,127,89,100,0,N
P101517,3,2024-09-24,49,Sepsis,13.0,-0.4,77,late,scheduled,154,89,95,0,N
P101517,4,2024-10-01,49,Sepsis,13.0,-0.1,87,collected,missed,126,77,96,0,N
P101518,1,2025-01-04,65,Sepsis,14.2,-0.7,96,collected,missed,136,70,100,1,N
P101518,2,2025-01-11,65,Sepsis,14.2,-1.2,78,collected,scheduled,143,82,98,1,N
P101518,3,2025-01-18,65,Sepsis,14.2,-0.4,100,collected,attended,132,70,94,1,Y
P101518,4,2025-01-25,65,Sepsis,14.2,-0.2,92,collected,missed,159,90,96,1,Y
P101519,1,2024-05-02,82,Diabetes,23.1,0.5,87,collected,scheduled,137,63,97,0,N
P101519,2,2024-05-09,82,Diabetes,23.1,0.2,93,collected,attended,130,85,96,0,N
P101519,3,2024-05-16,82,Diabetes,23.1,0.0,98,collected,attended,118,100,97,0,N
P101519,4,2024-05-23,82,Diabetes,23.1,-0.0,72,late,attended,139,84,95,0,N
P101520,1,2024-03-04,55,Other,14.2,0.4,74,collected,missed,147,78,98,0,N
P101520,2,2024-03-11,55,Other,14.2,0.2,73,late,attended,120,81,97,0,N
P101520,3,2024-03-18,55,Other,14.2,0.5,78,collected,attended,149,92,100,0,N
P101520,4,2024-03-25,55,Other,14.2,1.4,75,collected,missed,134,78,98,0,N
P101521,1,2025-01-04,58,Hip fracture,19.8,1.2,78,collected,missed,131,71,99,1,N
P101521,2,2025-01-11,58,Hip fracture,19.8,2.4,84,collected,attended,151,69,94,1,N
P101521,3,2025-01-18,58,Hip fracture,19.8,2.2,94,collected,missed,130,77,96,1,Y
P101521,4,2025-01-25,58,Hip fracture,19.8,1.2,96,collected,missed,139,87,95,1,Y
P101522,1,2025-06-11,78,Diabetes,21.4,0.0,100,late,attended,150,78,97,0,N
P101522,2,2025-06-18,78,Diabetes,21.4,0.5,63,late,scheduled,131,79,96,0,N
P101522,3,2025-06-25,78,Diabetes,21.4,-0.2,98,collected,scheduled,150,65,95,0,N
P101522,4,2025-07-02,78,Diabetes,21.4,0.4,73,collected,attended,136,76,96,0,N
P101523,1,2025-02-27,65,Heart failure,21.4,1.5,56,collected,attended,152,78,95,0,N
P101523,2,2025-03-06,65,Heart failure,21.4,1.6,96,late,attended,131,62,96,0,N
P101523,3,2025-03-13,65,Heart failure,21.4,0.8,86,missed,attended,161,77,97,0,N
P101523,4,2025-03-20,65,Heart failure,21.4,0.8,81,collected,scheduled,151,75,95,0,N
P101524,1,2025-05-17,50,Sepsis,19.8,-0.7,90,late,attended,122,71,96,1,N
P101524,2,2025-05-24,50,Sepsis,19.8,0.2,83,collected,attended,115,62,96,1,N
P101524,3,2025-05-31,50,Sepsis,19.8,0.1,96,collected,attended,106,69,97,1,Y
P101524,4,2025-06-07,50,Sepsis,19.8,0.0,93,collected,attended,117,80,96,1,Y
P101525,1,2025-02-21,61,Other,18.2,0.2,93,missed,missed,104,70,98,0,N
P101525,2,2025-02-28,61,Other,18.2,-0.0,100,collected,scheduled,137,68,94,0,N
P101525,3,2025-03-07,61,Other,18.2,-0.1,97,collected,attended,150,85,96,0,N
P101525,4,2025-03-14,61,Other,18.2,-1.3,84,collected,attended,122,72,97,0,N
P101526,1,2024-01-13,80,Diabetes,18.2,0.4,84,missed,attended,148,59,95,0,N
P101526,2,2024-01-20,80,Diabetes,18.2,0.6,84,collected,attended,153,91,95,0,N
P101526,3,2024-01-27,80,Diabetes,18.2,0.0,99,collected,scheduled,134,83,98,0,N
P101526,4,2024-02-03,80,Diabetes,18.2,0.4,88,collected,attended,124,75,95,0,N
P101527,1,2024-11-13,68,Hip fracture,18.2,0.1,70,collected,attended,145,66,94,0,N
P101527,2,2024-11-20,68,Hip fracture,18.2,1.2,81,collected,attended,132,75,96,0,N
P101527,3,2024-11-27,68,Hip fracture,18.2,1.7,90,collected,attended,125,89,95,0,N
P101527,4,2024-12-04,68,Hip fracture,18.2,1.4,90,collected,attended,123,76,96,0,N
P101528,1,2025-08-14,64,Pneumonia,15.4,0.1,97,late,attended,154,80,97,0,N
P101528,2,2025-08-21,64,Pneumonia,15.4,0.7,90,collected,attended,144,82,98,0,N
P101528,3,2025-08-28,64,Pneumonia,15.4,0.1,100,late,attended,121,83,95,0,N
P101528,4,2025-09-04,64,Pneumonia,15.4,-0.2,72,collected,attended,124,76,95,0,N
P101529,1,2024-02-16,92,Other,19.8,0.2,76,collected,missed,122,93,95,0,N
P101529,2,2024-02-23,92,Other,19.8,0.3,89,collected,scheduled,154,91,95,0,N
P101529,3,2024-03-01,92,Other,19.8,1.0,80,collected,attended,135,63,97,0,N
P101529,4,2024-03-08,92,Other,19.8,2.0,98,late,attended,123,60,98,0,N
P101530,1,2024-08-28,57,Pneumonia,16.8,-0.3,70,missed,scheduled,120,103,96,0,N
P101530,2,2024-09-04,57,Pneumonia,16.8,0.6,70,collected,scheduled,120,74,94,0,N
P101530,3,2024-09-11,57,Pneumonia,16.8,0.7,80,late,missed,141,76,94,0,N
P101530,4,2024-09-18,57,Pneumonia,16.8,0.9,88,collected,attended,138,73,96,0,N
P101531,1,2024-03-03,52,Heart failure,16.8,-0.8,82,collected,scheduled,132,70,95,0,N
P101531,2,2024-03-10,52,Heart failure,16.8,-1.1,89,collected,attended,128,65,99,0,N
P101531,3,2024-03-17,52,Heart failure,16.8,-1.7,83,missed,scheduled,122,78,96,0,N
P101531,4,2024-03-24,52,Heart failure,16.8,-1.3,91,collected,scheduled,136,86,96,0,N
P101532,1,2024-09-23,77,Heart failure,33.2,0.5,85,missed,attended,141,96,97,0,N
P101532,2,2024-09-30,77,Heart failure,33.2,1.1,99,collected,attended,155,85,97,0,N
P101532,3,2024-10-07,77,Heart failure,33.2,1.0,87,collected,attended,120,82,98,0,N
P101532,4,2024-10-14,77,Heart failure,33.2,1.7,71,missed,attended,131,87,97,0,N
P101533,1,2024-03-17,81,Pneumonia,35.4,-0.3,93,collected,attended,142,98,97,0,N
P101533,2,2024-03-24,81,Pneumonia,35.4,-0.1,85,collected,scheduled,148,76,95,0,N
P101533,3,2024-03-31,81,Pneumonia,35.4,0.5,100,missed,missed,158,64,99,0,N
P101533,4,2024-04-07,81,Pneumonia,35.4,0.0,76,collected,missed,130,81,95,0,N
P101534,1,2024-01-27,88,Kidney disease,37.8,-1.0,97,collected,missed,132,92,95,0,N
P101534,2,2024-02-03,88,Kidney disease,37.8,-0.2,84,collected,attended,106,98,98,0,N
P101534,3,2024-02-10,88,Kidney disease,37.8,-0.0,83,collected,attended,138,84,95,0,N
P101534,4,2024-02-17,88,Kidney disease,37.8,0.1,78,late,attended,126,75,96,0,N
P101535,1,2024-03-11,64,Stroke,13.0,-0.1,81,collected,missed,148,93,97,0,N
P101535,2,2024-03-18,64,Stroke,13.0,-0.7,100,collected,attended,127,84,97,0,N
P101535,3,2024-03-25,64,Stroke,13.0,-1.7,84,collected,scheduled,129,74,97,0,N
P101535,4,2024-04-01,64,Stroke,13.0,-2.5,67,collected,attended,120,64,94,0,N
P101536,1,2024-12-18,55,Other,11.9,0.8,81,late,missed,117,86,98,1,N
P101536,2,2024-12-25,55,Other,11.9,0.3,64,missed,scheduled,147,68,94,1,N
P101536,3,2025-01-01,55,Other,11.9,0.3,75,collected,missed,144,85,95,1,Y
P101536,4,2025-01-08,55,Other,11.9,-1.1,70,missed,missed,129,82,94,1,Y
P101537,1,2025-01-19,88,Kidney disease,19.8,-0.7,93,collected,scheduled,116,62,94,0,N
P101537,2,2025-01-26,88,Kidney disease,19.8,-1.5,97,collected,scheduled,135,87,98,0,N
P101537,3,2025-02-02,88,Kidney disease,19.8,-1.9,93,missed,attended,142,82,94,0,N
P101537,4,2025-02-09,88,Kidney disease,19.8,-1.8,91,collected,missed,138,60,95,0,N
P101538,1,2024-05-01,72,Heart failure,15.4,-0.0,84,collected,scheduled,142,105,96,0,N
P101538,2,2024-05-08,72,Heart failure,15.4,-1.1,81,collected,missed,137,74,99,0,N
P101538,3,2024-05-15,72,Heart failure,15.4,-1.3,91,collected,attended,150,76,96,0,N
P101538,4,2024-05-22,72,Heart failure,15.4,-1.4,81,collected,attended,142,82,96,0,N
P101539,1,2024-08-21,76,Other,25.0,-0.5,98,collected,attended,136,92,95,0,N
P101539,2,2024-08-28,76,Other,25.0,-0.4,89,collected,attended,143,63,97,0,N
P101539,3,2024-09-04,76,Other,25.0,-0.9,70,collected,attended,124,90,96,0,N
P101539,4,2024-09-11,76,Other,25.0,-0.7,75,collected,attended,149,79,98,0,N
P101540,1,2025-07-26,58,Kidney disease,16.8,-0.5,67,collected,attended,134,81,95,0,N
P101540,2,2025-08-02,58,Kidney disease,16.8,0.2,90,collected,missed,127,96,97,0,N
P101540,3,2025-08-09,58,Kidney disease,16.8,0.6,86,collected,scheduled,134,68,96,0,N
P101540,4,2025-08-16,58,Kidney disease,16.8,0.1,94,late,scheduled,123,77,98,0,N
P101541,1,2025-01-31,45,Pneumonia,21.4,0.1,82,collected,attended,155,92,95,0,N
P101541,2,2025-02-07,45,Pneumonia,21.4,0.4,88,collected,attended,129,86,98,0,N
P101541,3,2025-02-14,45,Pneumonia,21.4,-0.3,90,collected,missed,159,58,96,0,N
P101541,4,2025-02-21,45,Pneumonia,21.4,-0.4,90,late,scheduled,127,94,97,0,N
P101542,1,2025-06-07,51,Sepsis,13.0,0.1,87,missed,attended,136,72,93,1,N
P101542,2,2025-06-14,51,Sepsis,13.0,0.7,91,collected,scheduled,136,86,95,1,N
P101542,3,2025-06-21,51,Sepsis,13.0,0.6,100,collected,attended,138,67,98,1,Y
P101542,4,2025-06-28,51,Sepsis,13.0,1.5,100,collected,attended,132,100,97,1,Y
P101543,1,2024-11-15,77,COPD,14.2,0.5,100,collected,scheduled,148,96,96,0,N
P101543,2,2024-11-22,77,COPD,14.2,1.2,100,collected,attended,152,92,97,0,N
P101543,3,2024-11-29,77,COPD,14.2,2.3,93,collected,missed,146,79,94,0,N
P101543,4,2024-12-06,77,COPD,14.2,2.8,99,missed,scheduled,115,43,97,0,N
P101544,1,2025-04-27,72,COPD,42.6,0.1,100,collected,missed,148,78,99,0,N
P101544,2,2025-05-04,72,COPD,42.6,-1.2,100,collected,attended,119,79,95,0,N
P101544,3,2025-05-11,72,COPD,42.6,-2.2,100,collected,attended,105,82,97,0,N
P101544,4,2025-05-18,72,COPD,42.6,-1.8,86,collected,attended,149,83,98,0,N
P101545,1,2024-04-11,67,Pneumonia,26.9,0.1,84,collected,attended,124,94,95,0,N
P101545,2,2024-04-18,67,Pneumonia,26.9,0.9,89,collected,scheduled,146,67,94,0,N
P101545,3,2024-04-25,67,Pneumonia,26.9,0.7,73,collected,attended,141,82,94,0,N
P101545,4,2024-05-02,67,Pneumonia,26.9,0.5,91,collected,scheduled,114,77,95,0,N
P101546,1,2025-02-15,57,Sepsis,23.1,0.7,94,collected,attended,120,87,98,0,N
P101546,2,2025-02-22,57,Sepsis,23.1,0.3,93,collected,attended,131,89,95,0,N
P101546,3,2025-03-01,57,Sepsis,23.1,1.0,84,missed,scheduled,125,77,97,0,N
P101546,4,2025-03-08,57,Sepsis,23.1,1.2,82,collected,attended,145,81,99,0,N
P101547,1,2024-10-05,59,Sepsis,11.9,0.3,100,collected,attended,120,71,98,0,N
P101547,2,2024-10-12,59,Sepsis,11.9,0.5,86,collected,attended,122,87,96,0,N
P101547,3,2024-10-19,59,Sepsis,11.9,0.3,93,collected,scheduled,147,80,94,0,N
P101547,4,2024-10-26,59,Sepsis,11.9,-0.0,68,late,missed,141,65,93,0,N
P101548,1,2025-06-08,87,Other,18.2,0.7,93,collected,scheduled,122,77,97,0,N
P101548,2,2025-06-15,87,Other,18.2,0.4,100,collected,missed,113,83,96,0,N
P101548,3,2025-06-22,87,Other,18.2,0.0,96,collected,scheduled,130,82,94,0,N
P101548,4,2025-06-29,87,Other,18.2,-0.2,100,collected,attended,124,71,97,0,N
P101549,1,2024-10-27,70,Heart failure,16.8,0.0,93,collected,attended,140,59,99,0,N
P101549,2,2024-11-03,70,Heart failure,16.8,0.6,100,collected,missed,139,89,95,0,N
P101549,3,2024-11-10,70,Heart failure,16.8,0.7,85,collected,attended,120,82,95,0,N
P101549,4,2024-11-17,70,Heart failure,16.8,-0.0,91,collected,scheduled,132,87,96,0,N
P101550,1,2024-05-26,46,Hip fracture,13.0,-0.1,96,collected,attended,131,74,94,0,N
P101550,2,2024-06-02,46,Hip fracture,13.0,-0.2,76,late,attended,129,57,97,0,N
P101550,3,2024-06-09,46,Hip fracture,13.0,0.2,80,collected,scheduled,123,67,98,0,N
P101550,4,2024-06-16,46,Hip fracture,13.0,-0.3,86,collected,attended,118,60,94,0,N
P101551,1,2024-11-11,79,Pneumonia,19.8,-1.0,68,collected,attended,112,80,96,0,N
P101551,2,2024-11-18,79,Pneumonia,19.8,-0.7,65,collected,attended,108,66,94,0,N
P101551,3,2024-11-25,79,Pneumonia,19.8,0.1,85,late,attended,135,75,95,0,N
P101551,4,2024-12-02,79,Pneumonia,19.8,-0.1,86,collected,attended,124,84,95,0,N
P101552,1,2025-03-25,77,Pneumonia,26.9,1.2,75,late,scheduled,139,69,94,1,N
P101552,2,2025-04-01,77,Pneumonia,26.9,0.8,93,late,attended,153,92,97,1,N
P101552,3,2025-04-08,77,Pneumonia,26.9,0.6,79,collected,attended,107,67,96,1,Y
P101552,4,2025-04-15,77,Pneumonia,26.9,0.5,74,collected,attended,105,76,94,1,Y
P101553,1,2025-02-10,62,COPD,11.9,-0.2,99,collected,scheduled,141,75,99,0,N
P101553,2,2025-02-17,62,COPD,11.9,-0.2,69,collected,attended,130,81,93,0,N
P101553,3,2025-02-24,62,COPD,11.9,0.8,82,late,missed,167,69,96,0,N
P101553,4,2025-03-03,62,COPD,11.9,1.2,82,collected,scheduled,109,68,97,0,N
P101554,1,2025-07-03,76,Stroke,21.4,0.6,72,collected,attended,129,82,97,0,N
P101554,2,2025-07-10,76,Stroke,21.4,0.0,79,missed,attended,141,75,95,0,N
P101554,3,2025-07-17,76,Stroke,21.4,0.2,86,missed,scheduled,128,86,97,0,N
P101554,4,2025-07-24,76,Stroke,21.4,1.0,78,late,missed,130,83,97,0,N
P101555,1,2024-04-15,68,Heart failure,18.2,-0.2,81,collected,missed,137,63,98,0,N
P101555,2,2024-04-22,68,Heart failure,18.2,-0.8,87,collected,attended,148,59,96,0,N
P101555,3,2024-04-29,68,Heart failure,18.2,0.3,91,late,missed,99,74,95,0,N
P101555,4,2024-05-06,68,Heart failure,18.2,0.2,84,collected,missed,123,92,96,0,N
P101556,1,2025-02-26,66,Kidney disease,18.2,0.5,100,collected,scheduled,117,83,96,0,N
P101556,2,2025-03-05,66,Kidney disease,18.2,0.4,90,collected,scheduled,138,74,95,0,N
P101556,3,2025-03-12,66,Kidney disease,18.2,0.2,78,collected,attended,139,96,94,0,N
P101556,4,2025-03-19,66,Kidney disease,18.2,0.2,94,collected,attended,118,85,96,0,N
P101557,1,2025-01-09,59,Pneumonia,11.9,-0.2,82,late,attended,143,55,100,0,N
P101557,2,2025-01-16,59,Pneumonia,11.9,0.0,90,collected,attended,156,84,96,0,N
P101557,3,2025-01-23,59,Pneumonia,11.9,-0.4,74,late,scheduled,136,64,94,0,N
P101557,4,2025-01-30,59,Pneumonia,11.9,-0.2,76,collected,attended,136,58,96,0,N
P101558,1,2025-06-20,88,Other,35.4,-0.4,78,collected,missed,136,71,96,0,N
P101558,2,2025-06-27,88,Other,35.4,0.1,77,collected,attended,134,66,98,0,N
P101558,3,2025-07-04,88,Other,35.4,-0.6,86,collected,attended,130,56,95,0,N
P101558,4,2025-07-11,88,Other,35.4,-0.6,98,collected,missed,121,71,94,0,N
P101559,1,2024-10-12,51,Diabetes,14.2,-0.1,83,late,missed,101,87,95,0,N
P101559,2,2024-10-19,51,Diabetes,14.2,-0.4,92,collected,missed,123,62,94,0,N
P101559,3,2024-10-26,51,Diabetes,14.2,-0.8,100,missed,scheduled,123,83,96,0,N
P101559,4,2024-11-02,51,Diabetes,14.2,-0.7,72,collected,scheduled,115,95,97,0,N
P101560,1,2024-11-20,58,Kidney disease,13.0,-0.1,94,late,scheduled,108,76,96,0,N
P101560,2,2024-11-27,58,Kidney disease,13.0,0.1,100,collected,attended,134,79,96,0,N
P101560,3,2024-12-04,58,Kidney disease,13.0,-0.3,83,collected,attended,128,86,99,0,N
P101560,4,2024-12-11,58,Kidney disease,13.0,-0.4,79,collected,attended,135,91,97,0,N
P101561,1,2025-01-28,69,COPD,11.9,-0.4,90,collected,scheduled,152,77,96,0,N
P101561,2,2025-02-04,69,COPD,11.9,-0.4,76,collected,attended,110,80,95,0,N
P101561,3,2025-02-11,69,COPD,11.9,-0.9,86,collected,scheduled,115,87,96,0,N
P101561,4,2025-02-18,69,COPD,11.9,-0.5,77,collected,missed,144,73,94,0,N
P101562,1,2024-05-27,77,Hip fracture,15.4,0.0,76,collected,missed,139,86,94,0,N
P101562,2,2024-06-03,77,Hip fracture,15.4,-0.4,74,collected,attended,141,76,98,0,N
P101562,3,2024-06-10,77,Hip fracture,15.4,-0.9,87,collected,missed,137,72,91,0,N
P101562,4,2024-06-17,77,Hip fracture,15.4,-1.6,73,collected,scheduled,126,107,94,0,N
P101563,1,2025-05-19,35,Stroke,15.4,1.0,100,collected,attended,141,82,95,0,N
P101563,2,2025-05-26,35,Stroke,15.4,0.0,96,collected,scheduled,145,73,95,0,N
P101563,3,2025-06-02,35,Stroke,15.4,0.0,89,collected,attended,132,93,93,0,N
P101563,4,2025-06-09,35,Stroke,15.4,0.6,100,collected,scheduled,119,90,96,0,N
P101564,1,2025-01-21,64,Pneumonia,25.0,0.4,100,collected,attended,129,61,95,0,N
P101564,2,2025-01-28,64,Pneumonia,25.0,0.4,87,collected,attended,130,76,97,0,N
P101564,3,2025-02-04,64,Pneumonia,25.0,0.3,97,collected,scheduled,155,94,96,0,N
P101564,4,2025-02-11,64,Pneumonia,25.0,-0.3,77,collected,attended,132,81,99,0,N
P101565,1,2024-04-15,91,Heart failure,19.8,0.3,83,missed,scheduled,128,58,98,0,N
P101565,2,2024-04-22,91,Heart failure,19.8,0.1,96,late,missed,142,77,97,0,N
P101565,3,2024-04-29,91,Heart failure,19.8,0.3,89,collected,scheduled,119,77,98,0,N
P101565,4,2024-05-06,91,Heart failure,19.8,1.6,92,collected,attended,139,67,96,0,N
P101566,1,2025-02-07,69,Other,19.8,1.1,88,collected,attended,111,71,97,0,N
P101566,2,2025-02-14,69,Other,19.8,0.3,93,late,attended,153,93,93,0,N
P101566,3,2025-02-21,69,Other,19.8,1.2,71,collected,attended,147,68,98,0,N
P101566,4,2025-02-28,69,Other,19.8,1.5,76,collected,attended,129,65,99,0,N
P101567,1,2024-04-12,74,Heart failure,14.2,-0.4,100,collected,attended,136,59,93,0,N
P101567,2,2024-04-19,74,Heart failure,14.2,-0.9,87,late,attended,126,80,97,0,N
P101567,3,2024-04-26,74,Heart failure,14.2,-0.9,95,collected,missed,134,81,99,0,N
P101567,4,2024-05-03,74,Heart failure,14.2,-1.6,79,collected,scheduled,110,74,93,0,N
P101568,1,2024-12-04,66,Stroke,21.4,0.3,80,collected,scheduled,151,74,95,0,N
P101568,2,2024-12-11,66,Stroke,21.4,1.7,97,collected,attended,128,77,96,0,N
P101568,3,2024-12-18,66,Stroke,21.4,2.1,91,late,attended,123,84,94,0,N
P101568,4,2024-12-25,66,Stroke,21.4,2.0,100,collected,scheduled,126,76,97,0,N
P101569,1,2025-03-23,100,Heart failure,18.2,0.7,70,collected,attended,138,80,99,0,N
P101569,2,2025-03-30,100,Heart failure,18.2,0.1,85,collected,attended,129,84,91,0,N
P101569,3,2025-04-06,100,Heart failure,18.2,1.1,93,late,scheduled,121,86,96,0,N
P101569,4,2025-04-13,100,Heart failure,18.2,0.7,91,collected,attended,107,90,95,0,N
P101570,1,2025-04-03,77,Stroke,19.8,0.7,89,collected,scheduled,117,88,98,1,N
P101570,2,2025-04-10,77,Stroke,19.8,-0.3,99,missed,attended,109,67,97,1,N
P101570,3,2025-04-17,77,Stroke,19.8,-1.0,80,missed,missed,116,67,93,1,Y
P101570,4,2025-04-24,77,Stroke,19.8,-1.2,90,collected,scheduled,131,77,94,1,Y
P101571,1,2024-11-18,82,Stroke,19.8,0.8,68,collected,attended,120,65,97,0,N
P101571,2,2024-11-25,82,Stroke,19.8,1.3,75,late,attended,123,70,95,0,N
P101571,3,2024-12-02,82,Stroke,19.8,1.2,93,late,attended,131,75,97,0,N
P101571,4,2024-12-09,82,Stroke,19.8,0.9,86,collected,attended,130,77,94,0,N
P101572,1,2025-01-19,84,Sepsis,19.8,0.1,100,collected,attended,147,96,96,0,N
P101572,2,2025-01-26,84,Sepsis,19.8,-1.4,74,collected,scheduled,129,83,94,0,N
P101572,3,2025-02-02,84,Sepsis,19.8,-1.0,84,collected,scheduled,139,69,96,0,N
P101572,4,2025-02-09,84,Sepsis,19.8,-1.6,88,collected,attended,133,69,97,0,N
P101573,1,2024-08-31,62,Kidney disease,23.1,1.1,84,collected,attended,135,72,99,0,N
P101573,2,2024-09-07,62,Kidney disease,23.1,1.3,79,collected,attended,121,84,95,0,N
P101573,3,2024-09-14,62,Kidney disease,23.1,2.3,76,collected,attended,127,77,97,0,N
P101573,4,2024-09-21,62,Kidney disease,23.1,2.1,100,collected,scheduled,107,90,96,0,N
P101574,1,2024-08-28,87,Other,33.2,-0.3,100,collected,scheduled,116,69,96,1,N
P101574,2,2024-09-04,87,Other,33.2,0.5,82,collected,attended,113,56,94,1,N
P101574,3,2024-09-11,87,Other,33.2,0.2,96,collected,attended,134,84,97,1,Y
P101574,4,2024-09-18,87,Other,33.2,0.6,94,collected,attended,132,91,96,1,Y
P101575,1,2024-11-11,78,Stroke,23.1,0.1,89,collected,attended,136,87,97,0,N
P101575,2,2024-11-18,78,Stroke,23.1,0.2,94,late,attended,125,72,95,0,N
P101575,3,2024-11-25,78,Stroke,23.1,0.6,86,collected,scheduled,134,70,92,0,N
P101575,4,2024-12-02,78,Stroke,23.1,0.3,93,late,attended,123,84,93,0,N
P101576,1,2024-05-22,60,COPD,13.0,-0.0,93,collected,attended,131,91,92,0,N
P101576,2,2024-05-29,60,COPD,13.0,0.8,88,collected,scheduled,116,81,98,0,N
P101576,3,2024-06-05,60,COPD,13.0,1.3,83,collected,attended,136,90,95,0,N
P101576,4,2024-06-12,60,COPD,13.0,2.0,100,collected,attended,141,79,96,0,N
P101577,1,2024-04-29,40,COPD,23.1,0.2,75,collected,scheduled,133,89,94,0,N
P101577,2,2024-05-06,40,COPD,23.1,-0.3,90,collected,attended,140,72,96,0,N
P101577,3,2024-05-13,40,COPD,23.1,-1.0,99,late,attended,134,64,94,0,N
P101577,4,2024-05-20,40,COPD,23.1,-1.7,90,collected,scheduled,115,86,93,0,N
P101578,1,2025-05-18,62,Diabetes,14.2,0.3,88,collected,scheduled,123,61,92,0,N
P101578,2,2025-05-25,62,Diabetes,14.2,0.3,93,collected,scheduled,150,83,97,0,N
P101578,3,2025-06-01,62,Diabetes,14.2,-0.1,95,collected,scheduled,135,71,94,0,N
P101578,4,2025-06-08,62,Diabetes,14.2,-0.1,85,late,attended,135,75,97,0,N
P101579,1,2024-09-13,80,COPD,23.1,0.4,98,collected,attended,143,80,96,0,N
P101579,2,2024-09-20,80,COPD,23.1,1.0,82,collected,attended,128,80,95,0,N
P101579,3,2024-09-27,80,COPD,23.1,1.0,89,late,attended,141,67,98,0,N
P101579,4,2024-10-04,80,COPD,23.1,1.4,88,missed,attended,126,54,94,0,N
P101580,1,2024-07-21,92,Diabetes,21.4,0.7,82,collected,missed,138,61,99,0,N
P101580,2,2024-07-28,92,Diabetes,21.4,0.1,96,collected,scheduled,138,49,97,0,N
P101580,3,2024-08-04,92,Diabetes,21.4,-0.0,82,collected,missed,130,63,93,0,N
P101580,4,2024-08-11,92,Diabetes,21.4,0.8,75,collected,scheduled,147,90,94,0,N
P101581,1,2024-06-29,69,Other,21.4,0.5,81,collected,attended,139,69,97,0,N
P101581,2,2024-07-06,69,Other,21.4,0.7,79,late,scheduled,145,79,97,0,N
P101581,3,2024-07-13,69,Other,21.4,0.7,71,collected,scheduled,151,83,93,0,N
P101581,4,2024-07-20,69,Other,21.4,1.5,82,collected,scheduled,125,71,97,0,N
P101582,1,2025-07-27,67,Diabetes,16.8,-0.4,60,collected,scheduled,139,79,92,0,N
P101582,2,2025-08-03,67,Diabetes,16.8,-0.5,77,collected,attended,109,78,97,0,N
P101582,3,2025-08-10,67,Diabetes,16.8,-0.5,80,collected,scheduled,142,99,90,0,N
P101582,4,2025-08-17,67,Diabetes,16.8,-0.2,64,collected,missed,151,85,96,0,N
P101583,1,2025-01-23,80,Heart failure,21.4,1.4,68,collected,attended,158,79,96,0,N
P101583,2,2025-01-30,80,Heart failure,21.4,1.2,75,collected,scheduled,168,69,95,0,N
P101583,3,2025-02-06,80,Heart failure,21.4,0.7,75,collected,attended,142,86,98,0,N
P101583,4,2025-02-13,80,Heart failure,21.4,0.8,78,late,scheduled,133,76,95,0,N
P101584,1,2024-01-15,44,Pneumonia,19.8,-0.4,83,collected,attended,124,86,94,0,N
P101584,2,2024-01-22,44,Pneumonia,19.8,-0.8,100,collected,attended,161,106,96,0,N
P101584,3,2024-01-29,44,Pneumonia,19.8,-0.2,76,collected,attended,96,69,98,0,N
P101584,4,2024-02-05,44,Pneumonia,19.8,-0.6,88,collected,attended,94,85,99,0,N
P101585,1,2025-02-20,84,Other,15.4,0.1,76,collected,missed,155,61,93,0,N
P101585,2,2025-02-27,84,Other,15.4,0.4,100,collected,attended,169,104,99,0,N
P101585,3,2025-03-06,84,Other,15.4,0.6,70,collected,attended,124,71,96,0,N
P101585,4,2025-03-13,84,Other,15.4,0.6,98,collected,attended,141,76,94,0,N
P101586,1,2024-12-14,70,Pneumonia,18.2,0.1,97,collected,attended,150,75,95,0,N
P101586,2,2024-12-21,70,Pneumonia,18.2,-0.2,84,late,attended,118,91,96,0,N
P101586,3,2024-12-28,70,Pneumonia,18.2,-0.2,89,collected,scheduled,122,88,94,0,N
P101586,4,2025-01-04,70,Pneumonia,18.2,0.3,94,collected,attended,163,60,97,0,N
P101587,1,2024-12-29,65,COPD,15.4,-0.1,76,late,missed,175,76,95,1,N
P101587,2,2025-01-05,65,COPD,15.4,-0.1,100,collected,scheduled,143,85,96,1,N
P101587,3,2025-01-12,65,COPD,15.4,-0.8,100,collected,attended,99,82,96,1,Y
P101587,4,2025-01-19,65,COPD,15.4,-0.1,83,collected,attended,127,63,97,1,Y
P101588,1,2025-04-11,78,Heart failure,13.0,0.4,83,missed,attended,127,63,97,0,N
P101588,2,2025-04-18,78,Heart failure,13.0,0.6,96,collected,scheduled,146,81,93,0,N
P101588,3,2025-04-25,78,Heart failure,13.0,1.1,97,collected,scheduled,138,86,98,0,N
P101588,4,2025-05-02,78,Heart failure,13.0,1.1,87,collected,attended,149,66,98,0,N
P101589,1,2024-03-07,68,Heart failure,14.2,0.3,89,late,attended,132,85,99,0,N
P101589,2,2024-03-14,68,Heart failure,14.2,0.0,84,missed,missed,131,80,97,0,N
P101589,3,2024-03-21,68,Heart failure,14.2,-0.5,87,collected,scheduled,139,80,94,0,N
P101589,4,2024-03-28,68,Heart failure,14.2,-1.1,99,collected,scheduled,130,93,94,0,N
P101590,1,2024-03-24,57,Diabetes,16.8,-0.9,95,collected,attended,123,57,96,0,N
P101590,2,2024-03-31,57,Diabetes,16.8,-1.2,82,collected,missed,131,88,96,0,N
P101590,3,2024-04-07,57,Diabetes,16.8,-1.0,84,collected,attended,139,83,98,0,N
P101590,4,2024-04-14,57,Diabetes,16.8,-1.8,94,collected,attended,129,100,96,0,N
P101591,1,2025-04-03,54,Pneumonia,14.2,1.2,89,late,attended,125,80,96,0,N
P101591,2,2025-04-10,54,Pneumonia,14.2,2.0,87,missed,attended,169,76,99,0,N
P101591,3,2025-04-17,54,Pneumonia,14.2,2.2,81,collected,attended,122,88,93,0,N
P101591,4,2025-04-24,54,Pneumonia,14.2,2.4,99,collected,attended,138,96,95,0,N
P101592,1,2025-08-22,58,Sepsis,11.9,-0.2,81,collected,attended,128,54,95,0,N
P101592,2,2025-08-29,58,Sepsis,11.9,0.1,88,late,scheduled,133,85,98,0,N
P101592,3,2025-09-05,58,Sepsis,11.9,0.5,88,collected,attended,119,84,99,0,N
P101592,4,2025-09-12,58,Sepsis,11.9,0.1,90,collected,attended,100,97,93,0,N
P101593,1,2025-03-07,84,Kidney disease,18.2,0.3,75,collected,scheduled,130,71,96,0,N
P101593,2,2025-03-14,84,Kidney disease,18.2,-0.7,100,late,attended,132,75,97,0,N
P101593,3,2025-03-21,84,Kidney disease,18.2,-1.0,84,collected,attended,131,68,96,0,N
P101593,4,2025-03-28,84,Kidney disease,18.2,-1.6,79,collected,scheduled,162,101,98,0,N
P101594,1,2025-07-07,56,COPD,26.9,-0.3,91,collected,attended,115,78,96,0,N
P101594,2,2025-07-14,56,COPD,26.9,-0.4,75,collected,scheduled,134,86,96,0,N
P101594,3,2025-07-21,56,COPD,26.9,-1.0,80,collected,missed,129,80,96,0,N
P101594,4,2025-07-28,56,COPD,26.9,-1.4,91,collected,scheduled,138,82,96,0,N
P101595,1,2025-06-12,86,Kidney disease,26.9,0.2,65,collected,attended,95,94,95,0,N
P101595,2,2025-06-19,86,Kidney disease,26.9,-0.1,74,late,scheduled,148,82,93,0,N
P101595,3,2025-06-26,86,Kidney disease,26.9,0.2,87,missed,scheduled,150,76,98,0,N
P101595,4,2025-07-03,86,Kidney disease,26.9,0.4,76,late,attended,129,77,92,0,N
P101596,1,2024-06-21,68,Kidney disease,21.4,0.2,95,collected,attended,141,79,95,0,N
P101596,2,2024-06-28,68,Kidney disease,21.4,0.2,95,collected,attended,128,96,96,0,N
P101596,3,2024-07-05,68,Kidney disease,21.4,0.6,91,collected,attended,127,102,97,0,N
P101596,4,2024-07-12,68,Kidney disease,21.4,0.4,66,collected,scheduled,147,71,94,0,N
P101597,1,2024-11-30,88,Other,40.1,0.3,82,collected,missed,124,69,98,1,N
P101597,2,2024-12-07,88,Other,40.1,1.7,63,collected,missed,145,86,93,1,N
P101597,3,2024-12-14,88,Other,40.1,1.5,60,missed,scheduled,117,92,94,1,Y
P101597,4,2024-12-21,88,Other,40.1,2.0,75,collected,attended,156,92,97,1,Y
P101598,1,2024-12-17,66,Diabetes,18.2,-0.9,91,collected,scheduled,137,96,96,0,N
P101598,2,2024-12-24,66,Diabetes,18.2,-1.1,98,collected,scheduled,136,68,96,0,N
P101598,3,2024-12-31,66,Diabetes,18.2,-0.8,88,collected,missed,129,62,99,0,N
P101598,4,2025-01-07,66,Diabetes,18.2,-1.1,65,collected,missed,110,66,97,0,N
P101599,1,2025-08-12,75,Sepsis,19.8,0.3,83,late,attended,144,69,95,1,N
P101599,2,2025-08-19,75,Sepsis,19.8,0.3,99,collected,scheduled,154,90,95,1,N
P101599,3,2025-08-26,75,Sepsis,19.8,0.8,93,collected,attended,120,89,97,1,Y
P101599,4,2025-09-02,75,Sepsis,19.8,1.6,100,collected,scheduled,142,70,97,1,Y
P101600,1,2024-01-25,76,Diabetes,33.2,0.9,83,collected,attended,116,63,98,0,N
P101600,2,2024-02-01,76,Diabetes,33.2,0.1,98,collected,attended,112,85,95,0,N
P101600,3,2024-02-08,76,Diabetes,33.2,-0.7,89,collected,scheduled,115,80,97,0,N
P101600,4,2024-02-15,76,Diabetes,33.2,-0.3,68,missed,missed,117,90,97,0,N
P101601,1,2025-05-04,88,Stroke,31.0,1.5,78,collected,attended,133,94,95,1,N
P101601,2,2025-05-11,88,Stroke,31.0,1.4,67,late,attended,157,83,97,1,N
P101601,3,2025-05-18,88,Stroke,31.0,1.5,75,collected,missed,145,89,93,1,Y
P101601,4,2025-05-25,88,Stroke,31.0,1.7,61,collected,attended,120,82,99,1,Y
P101602,1,2025-08-10,60,Diabetes,18.2,0.0,67,collected,scheduled,125,69,93,1,N
P101602,2,2025-08-17,60,Diabetes,18.2,-0.0,94,collected,scheduled,128,76,97,1,N
P101602,3,2025-08-24,60,Diabetes,18.2,0.7,77,missed,attended,131,68,96,1,Y
P101602,4,2025-08-31,60,Diabetes,18.2,1.3,100,collected,attended,146,90,97,1,Y
P101603,1,2025-03-13,70,Pneumonia,16.8,-0.5,59,collected,attended,158,65,97,0,N
P101603,2,2025-03-20,70,Pneumonia,16.8,0.1,77,collected,attended,152,83,95,0,N
P101603,3,2025-03-27,70,Pneumonia,16.8,0.5,86,collected,scheduled,145,93,94,0,N
P101603,4,2025-04-03,70,Pneumonia,16.8,0.5,77,collected,scheduled,155,78,93,0,N
P101604,1,2025-06-23,53,Hip fracture,21.4,0.5,73,collected,attended,134,87,95,0,N
P101604,2,2025-06-30,53,Hip fracture,21.4,2.7,82,collected,attended,137,79,98,0,N
P101604,3,2025-07-07,53,Hip fracture,21.4,2.6,94,collected,attended,128,76,97,0,N
P101604,4,2025-07-14,53,Hip fracture,21.4,2.6,99,collected,attended,136,86,95,0,N
P101605,1,2025-06-17,100,Hip fracture,18.2,-0.2,82,collected,attended,116,82,98,0,N
P101605,2,2025-06-24,100,Hip fracture,18.2,-0.1,94,collected,attended,120,90,93,0,N
P101605,3,2025-07-01,100,Hip fracture,18.2,-0.7,82,collected,attended,118,70,96,0,N
P101605,4,2025-07-08,100,Hip fracture,18.2,-1.5,84,collected,attended,129,78,93,0,N
P101606,1,2024-11-30,54,Kidney disease,15.4,0.6,84,collected,attended,154,70,95,0,N
P101606,2,2024-12-07,54,Kidney disease,15.4,0.5,81,collected,scheduled,124,80,98,0,N
P101606,3,2024-12-14,54,Kidney disease,15.4,0.8,78,collected,scheduled,124,86,97,0,N
P101606,4,2024-12-21,54,Kidney disease,15.4,0.6,92,collected,attended,143,68,97,0,N
P101607,1,2024-05-14,72,Heart failure,19.8,0.5,86,collected,attended,131,71,95,0,N
P101607,2,2024-05-21,72,Heart failure,19.8,1.2,74,collected,attended,113,69,100,0,N
P101607,3,2024-05-28,72,Heart failure,19.8,0.9,87,collected,attended,137,85,93,0,N
P101607,4,2024-06-04,72,Heart failure,19.8,0.9,91,collected,scheduled,138,77,97,0,N
P101608,1,2025-01-27,74,Stroke,15.4,-0.2,79,collected,attended,122,71,95,1,N
P101608,2,2025-02-03,74,Stroke,15.4,-0.1,100,missed,attended,120,84,97,1,N
P101608,3,2025-02-10,74,Stroke,15.4,0.0,69,collected,scheduled,134,70,98,1,Y
P101608,4,2025-02-17,74,Stroke,15.4,0.6,78,late,attended,123,70,97,1,Y
P101609,1,2024-11-25,63,Stroke,16.8,-0.4,100,collected,attended,137,76,95,0,N
P101609,2,2024-12-02,63,Stroke,16.8,-0.6,89,late,scheduled,165,79,99,0,N
P101609,3,2024-12-09,63,Stroke,16.8,-0.8,95,missed,attended,151,77,97,0,N
P101609,4,2024-12-16,63,Stroke,16.8,-1.4,66,missed,attended,118,85,98,0,N
P101610,1,2024-09-18,70,Other,21.4,0.3,85,collected,attended,129,90,95,0,N
P101610,2,2024-09-25,70,Other,21.4,-0.6,70,late,scheduled,123,70,98,0,N
P101610,3,2024-10-02,70,Other,21.4,-1.4,80,collected,scheduled,128,92,98,0,N
P101610,4,2024-10-09,70,Other,21.4,-0.5,100,collected,attended,143,106,96,0,N
P101611,1,2024-03-18,74,Heart failure,19.8,-0.7,96,missed,attended,145,92,98,0,N
P101611,2,2024-03-25,74,Heart failure,19.8,-2.0,100,collected,missed,130,86,96,0,N
P101611,3,2024-04-01,74,Heart failure,19.8,-3.2,76,collected,scheduled,124,77,95,0,N
P101611,4,2024-04-08,74,Heart failure,19.8,-3.5,73,collected,attended,125,64,95,0,N
P101612,1,2025-04-10,66,Other,25.0,0.2,77,missed,attended,138,83,97,0,N
P101612,2,2025-04-17,66,Other,25.0,0.2,99,collected,attended,114,85,92,0,N
P101612,3,2025-04-24,66,Other,25.0,1.1,79,collected,attended,138,79,97,0,N
P101612,4,2025-05-01,66,Other,25.0,1.0,80,collected,missed,115,52,93,0,N
P101613,1,2024-11-26,65,Stroke,16.8,-0.7,84,collected,attended,142,84,98,0,N
P101613,2,2024-12-03,65,Stroke,16.8,-0.3,79,late,scheduled,147,87,94,0,N
P101613,3,2024-12-10,65,Stroke,16.8,-0.9,62,late,attended,143,72,98,0,N
P101613,4,2024-12-17,65,Stroke,16.8,-0.6,58,late,scheduled,138,79,93,0,N
P101614,1,2025-06-23,47,Heart failure,13.0,-0.2,78,collected,attended,150,86,95,0,N
P101614,2,2025-06-30,47,Heart failure,13.0,0.6,72,collected,attended,111,76,95,0,N
P101614,3,2025-07-07,47,Heart failure,13.0,0.9,92,collected,missed,142,67,97,0,N
P101614,4,2025-07-14,47,Heart failure,13.0,0.6,94,missed,attended,128,77,95,0,N
P101615,1,2024-07-27,63,Heart failure,13.0,-0.1,85,late,scheduled,147,88,93,0,N
P101615,2,2024-08-03,63,Heart failure,13.0,1.2,82,collected,attended,126,61,95,0,N
P101615,3,2024-08-10,63,Heart failure,13.0,1.6,100,missed,scheduled,126,90,96,0,N
P101615,4,2024-08-17,63,Heart failure,13.0,1.3,81,late,attended,113,76,100,0,N
P101616,1,2025-07-08,92,Kidney disease,21.4,-0.5,72,collected,attended,138,85,93,0,N
P101616,2,2025-07-15,92,Kidney disease,21.4,-0.4,73,collected,scheduled,141,87,97,0,N
P101616,3,2025-07-22,92,Kidney disease,21.4,-0.8,77,collected,attended,168,76,99,0,N
P101616,4,2025-07-29,92,Kidney disease,21.4,-0.1,93,collected,attended,134,68,94,0,N
P101617,1,2024-12-18,72,Other,23.1,-1.4,91,missed,attended,137,49,93,1,N
P101617,2,2024-12-25,72,Other,23.1,-0.4,98,collected,attended,146,88,98,1,N
P101617,3,2025-01-01,72,Other,23.1,-0.8,85,collected,scheduled,113,81,94,1,Y
P101617,4,2025-01-08,72,Other,23.1,-0.8,82,collected,scheduled,137,79,96,1,Y
P101618,1,2025-05-28,74,Pneumonia,21.4,0.7,100,collected,attended,147,77,94,0,N
P101618,2,2025-06-04,74,Pneumonia,21.4,0.7,67,collected,missed,134,87,94,0,N
P101618,3,2025-06-11,74,Pneumonia,21.4,0.8,74,collected,scheduled,119,77,97,0,N
P101618,4,2025-06-18,74,Pneumonia,21.4,1.6,97,collected,attended,129,80,98,0,N
P101619,1,2024-12-02,83,Sepsis,23.1,-0.9,82,collected,scheduled,146,64,95,0,N
P101619,2,2024-12-09,83,Sepsis,23.1,-1.8,100,collected,attended,116,63,98,0,N
P101619,3,2024-12-16,83,Sepsis,23.1,-2.1,91,missed,attended,161,107,94,0,N
P101619,4,2024-12-23,83,Sepsis,23.1,-1.9,78,collected,attended,136,76,98,0,N
P101620,1,2025-04-25,83,Hip fracture,35.4,0.8,100,collected,scheduled,149,72,97,0,N
P101620,2,2025-05-02,83,Hip fracture,35.4,0.6,93,collected,scheduled,112,80,97,0,N
P101620,3,2025-05-09,83,Hip fracture,35.4,1.0,85,collected,attended,116,92,97,0,N
P101620,4,2025-05-16,83,Hip fracture,35.4,0.6,100,collected,attended,152,71,93,0,N
P101621,1,2024-11-22,46,Pneumonia,15.4,-0.6,95,collected,attended,156,73,97,0,N
P101621,2,2024-11-29,46,Pneumonia,15.4,-1.2,75,collected,attended,130,90,97,0,N
P101621,3,2024-12-06,46,Pneumonia,15.4,-1.1,86,collected,attended,129,89,96,0,N
P101621,4,2024-12-13,46,Pneumonia,15.4,-1.4,87,late,attended,122,98,96,0,N
P101622,1,2025-02-24,53,Other,23.1,0.0,98,late,attended,136,76,99,1,N
P101622,2,2025-03-03,53,Other,23.1,0.4,93,collected,scheduled,126,83,94,1,N
P101622,3,2025-03-10,53,Other,23.1,-1.0,94,collected,missed,141,66,93,1,Y
P101622,4,2025-03-17,53,Other,23.1,-0.1,91,collected,scheduled,130,70,97,1,Y
P101623,1,2025-06-27,70,Other,18.2,-0.9,81,collected,scheduled,133,75,95,0,N
P101623,2,2025-07-04,70,Other,18.2,-0.1,78,collected,attended,129,71,98,0,N
P101623,3,2025-07-11,70,Other,18.2,-0.4,92,collected,attended,122,65,92,0,N
P101623,4,2025-07-18,70,Other,18.2,-0.6,92,collected,attended,122,109,97,0,N
P101624,1,2025-07-30,62,Pneumonia,14.2,-0.5,91,collected,attended,163,74,99,0,N
P101624,2,2025-08-06,62,Pneumonia,14.2,-0.4,80,collected,missed,143,95,96,0,N
P101624,3,2025-08-13,62,Pneumonia,14.2,-0.9,83,missed,scheduled,131,68,96,0,N
P101624,4,2025-08-20,62,Pneumonia,14.2,-1.1,100,collected,attended,127,77,97,0,N
P101625,1,2025-06-05,73,COPD,16.8,0.9,66,collected,missed,119,83,95,0,N
P101625,2,2025-06-12,73,COPD,16.8,-0.6,76,missed,missed,163,95,95,0,N
P101625,3,2025-06-19,73,COPD,16.8,-0.7,93,late,missed,147,90,94,0,N
P101625,4,2025-06-26,73,COPD,16.8,-0.8,60,missed,attended,136,81,94,0,N
P101626,1,2024-08-27,43,Hip fracture,25.0,-0.0,89,collected,attended,140,67,98,0,N
P101626,2,2024-09-03,43,Hip fracture,25.0,0.2,92,collected,scheduled,128,69,94,0,N
P101626,3,2024-09-10,43,Hip fracture,25.0,0.8,96,late,scheduled,139,75,95,0,N
P101626,4,2024-09-17,43,Hip fracture,25.0,1.3,91,late,missed,114,68,96,0,N
P101627,1,2025-02-23,59,Diabetes,19.8,0.6,93,collected,attended,129,87,93,0,N
P101627,2,2025-03-02,59,Diabetes,19.8,0.4,83,collected,scheduled,131,69,95,0,N
P101627,3,2025-03-09,59,Diabetes,19.8,1.5,99,collected,missed,119,60,96,0,N
P101627,4,2025-03-16,59,Diabetes,19.8,1.2,93,collected,missed,124,89,96,0,N
P101628,1,2025-08-07,63,Diabetes,28.9,-0.2,89,collected,attended,129,48,95,0,N
P101628,2,2025-08-14,63,Diabetes,28.9,-0.8,94,collected,missed,154,78,97,0,N
P101628,3,2025-08-21,63,Diabetes,28.9,-0.8,95,late,attended,108,75,95,0,N
P101628,4,2025-08-28,63,Diabetes,28.9,-1.0,77,collected,attended,108,66,96,0,N
P101629,1,2025-01-31,86,Other,25.0,1.1,88,missed,attended,138,81,97,0,N
P101629,2,2025-02-07,86,Other,25.0,0.4,68,collected,scheduled,106,88,96,0,N
P101629,3,2025-02-14,86,Other,25.0,0.1,81,missed,attended,147,84,94,0,N
P101629,4,2025-02-21,86,Other,25.0,-0.2,79,collected,attended,116,86,93,0,N
P101630,1,2024-08-07,68,Heart failure,19.8,-0.9,71,collected,attended,132,77,97,0,N
P101630,2,2024-08-14,68,Heart failure,19.8,-1.3,100,collected,scheduled,131,88,96,0,N
P101630,3,2024-08-21,68,Heart failure,19.8,-1.1,98,collected,scheduled,132,70,94,0,N
P101630,4,2024-08-28,68,Heart failure,19.8,-0.3,71,collected,missed,119,85,96,0,N
P101631,1,2024-01-10,75,Other,13.0,-0.8,71,missed,missed,122,78,95,1,N
P101631,2,2024-01-17,75,Other,13.0,-0.4,90,collected,missed,150,70,97,1,N
P101631,3,2024-01-24,75,Other,13.0,-0.7,83,missed,scheduled,128,78,96,1,Y
P101631,4,2024-01-31,75,Other,13.0,0.3,68,collected,attended,169,78,95,1,Y
P101632,1,2025-01-09,81,Kidney disease,23.1,-0.7,92,collected,scheduled,144,82,99,0,N
P101632,2,2025-01-16,81,Kidney disease,23.1,-1.3,81,collected,attended,128,72,99,0,N
P101632,3,2025-01-23,81,Kidney disease,23.1,-1.9,79,missed,missed,151,68,98,0,N
P101632,4,2025-01-30,81,Kidney disease,23.1,-3.0,96,collected,scheduled,125,68,95,0,N
P101633,1,2025-03-24,58,Pneumonia,14.2,-0.7,85,missed,attended,134,76,98,0,N
P101633,2,2025-03-31,58,Pneumonia,14.2,0.4,82,collected,scheduled,128,80,95,0,N
P101633,3,2025-04-07,58,Pneumonia,14.2,0.3,80,collected,attended,122,75,97,0,N
P101633,4,2025-04-14,58,Pneumonia,14.2,0.7,95,collected,missed,121,82,97,0,N
P101634,1,2024-09-30,65,Other,11.9,-0.7,80,collected,attended,160,92,100,0,N
P101634,2,2024-10-07,65,Other,11.9,-0.6,68,collected,attended,161,79,96,0,N
P101634,3,2024-10-14,65,Other,11.9,-1.0,78,late,attended,125,81,95,0,N
P101634,4,2024-10-21,65,Other,11.9,-1.9,93,collected,missed,133,71,95,0,N
P101635,1,2024-11-06,61,Stroke,19.8,1.3,87,collected,attended,132,72,97,0,N
P101635,2,2024-11-13,61,Stroke,19.8,1.5,86,collected,scheduled,141,62,96,0,N
P101635,3,2024-11-20,61,Stroke,19.8,1.7,77,late,scheduled,118,74,99,0,N
P101635,4,2024-11-27,61,Stroke,19.8,0.7,77,late,attended,121,102,95,0,N
P101636,1,2024-11-04,53,Kidney disease,15.4,0.4,86,collected,attended,140,83,98,0,N
P101636,2,2024-11-11,53,Kidney disease,15.4,0.6,96,collected,missed,141,79,96,0,N
P101636,3,2024-11-18,53,Kidney disease,15.4,1.1,98,collected,scheduled,145,82,96,0,N
P101636,4,2024-11-25,53,Kidney disease,15.4,0.9,80,collected,attended,105,72,96,0,N
P101637,1,2024-10-10,45,COPD,16.8,-0.0,81,collected,attended,128,74,94,0,N
P101637,2,2024-10-17,45,COPD,16.8,-0.1,96,collected,attended,143,89,94,0,N
P101637,3,2024-10-24,45,COPD,16.8,-0.0,78,late,attended,150,70,95,0,N
P101637,4,2024-10-31,45,COPD,16.8,-0.1,100,collected,attended,134,74,94,0,N
P101638,1,2025-08-02,92,Hip fracture,14.2,0.1,83,missed,missed,132,77,98,1,N
P101638,2,2025-08-09,92,Hip fracture,14.2,-0.5,97,late,attended,138,73,97,1,N
P101638,3,2025-08-16,92,Hip fracture,14.2,-1.8,90,missed,attended,118,88,96,1,Y
P101638,4,2025-08-23,92,Hip fracture,14.2,-3.0,81,collected,missed,157,78,100,1,Y
P101639,1,2024-11-26,90,Sepsis,21.4,0.2,81,late,scheduled,124,60,93,0,N
P101639,2,2024-12-03,90,Sepsis,21.4,1.2,97,collected,attended,112,71,97,0,N
P101639,3,2024-12-10,90,Sepsis,21.4,0.4,95,missed,attended,128,57,96,0,N
P101639,4,2024-12-17,90,Sepsis,21.4,-0.0,84,collected,attended,117,51,97,0,N
P101640,1,2025-03-11,82,Sepsis,16.8,0.1,81,collected,scheduled,160,97,96,0,N
P101640,2,2025-03-18,82,Sepsis,16.8,0.1,80,collected,scheduled,117,94,96,0,N
P101640,3,2025-03-25,82,Sepsis,16.8,0.5,83,collected,attended,110,82,95,0,N
P101640,4,2025-04-01,82,Sepsis,16.8,0.9,84,collected,attended,124,83,100,0,N
P101641,1,2024-03-07,68,Other,25.0,-0.5,99,collected,attended,135,54,97,0,N
P101641,2,2024-03-14,68,Other,25.0,0.6,97,late,attended,136,62,92,0,N
P101641,3,2024-03-21,68,Other,25.0,0.5,80,collected,attended,139,82,94,0,N
P101641,4,2024-03-28,68,Other,25.0,1.2,100,collected,missed,113,73,98,0,N
P101642,1,2024-05-19,39,COPD,13.0,0.3,77,late,missed,129,82,95,0,N
P101642,2,2024-05-26,39,COPD,13.0,-0.7,94,collected,scheduled,152,65,95,0,N
P101642,3,2024-06-02,39,COPD,13.0,0.2,91,late,scheduled,144,50,98,0,N
P101642,4,2024-06-09,39,COPD,13.0,0.9,90,collected,scheduled,157,79,96,0,N
P101643,1,2024-01-17,69,COPD,18.2,0.2,94,collected,scheduled,137,75,99,0,N
P101643,2,2024-01-24,69,COPD,18.2,1.0,98,collected,attended,149,75,97,0,N
P101643,3,2024-01-31,69,COPD,18.2,1.3,73,missed,attended,124,91,96,0,N
P101643,4,2024-02-07,69,COPD,18.2,0.8,81,collected,missed,126,88,95,0,N
P101644,1,2024-10-11,82,Heart failure,14.2,-1.1,77,collected,attended,142,69,92,0,N
P101644,2,2024-10-18,82,Heart failure,14.2,-1.4,83,collected,attended,127,72,95,0,N
P101644,3,2024-10-25,82,Heart failure,14.2,-0.7,78,collected,attended,121,61,97,0,N
P101644,4,2024-11-01,82,Heart failure,14.2,0.5,92,collected,scheduled,159,83,97,0,N
P101645,1,2024-08-23,98,Kidney disease,19.8,0.6,100,collected,attended,153,66,95,0,N
P101645,2,2024-08-30,98,Kidney disease,19.8,0.1,96,collected,attended,119,71,96,0,N
P101645,3,2024-09-06,98,Kidney disease,19.8,0.8,76,collected,scheduled,143,98,99,0,N
P101645,4,2024-09-13,98,Kidney disease,19.8,0.6,92,collected,attended,124,64,95,0,N
P101646,1,2025-02-28,56,Other,21.4,0.2,80,collected,scheduled,131,68,99,1,N
P101646,2,2025-03-07,56,Other,21.4,0.2,90,collected,attended,143,51,98,1,N
P101646,3,2025-03-14,56,Other,21.4,-0.1,88,missed,attended,126,84,98,1,Y
P101646,4,2025-03-21,56,Other,21.4,-0.4,84,collected,missed,145,96,96,1,Y
P101647,1,2025-07-15,64,Other,11.9,0.2,100,late,attended,132,75,97,0,N
P101647,2,2025-07-22,64,Other,11.9,0.1,100,collected,missed,124,73,94,0,N
P101647,3,2025-07-29,64,Other,11.9,-0.6,90,collected,scheduled,136,89,96,0,N
P101647,4,2025-08-05,64,Other,11.9,-0.9,100,collected,attended,144,78,93,0,N
P101648,1,2025-04-24,90,Diabetes,35.4,-0.7,93,collected,scheduled,124,81,98,0,N
P101648,2,2025-05-01,90,Diabetes,35.4,-0.8,87,collected,attended,154,69,95,0,N
P101648,3,2025-05-08,90,Diabetes,35.4,0.1,88,collected,attended,109,90,98,0,N
P101648,4,2025-05-15,90,Diabetes,35.4,0.2,81,collected,attended,152,54,95,0,N
P101649,1,2025-08-22,69,Hip fracture,14.2,0.0,82,collected,attended,130,68,97,0,N
P101649,2,2025-08-29,69,Hip fracture,14.2,-0.4,80,late,scheduled,124,65,95,0,N
P101649,3,2025-09-05,69,Hip fracture,14.2,-1.9,72,collected,attended,114,92,99,0,N
P101649,4,2025-09-12,69,Hip fracture,14.2,-2.1,82,collected,attended,114,78,100,0,N
P101650,1,2025-03-22,67,Diabetes,19.8,0.9,67,late,attended,121,91,94,0,N
P101650,2,2025-03-29,67,Diabetes,19.8,1.3,98,collected,scheduled,121,74,96,0,N
P101650,3,2025-04-05,67,Diabetes,19.8,0.3,59,collected,missed,132,81,95,0,N
P101650,4,2025-04-12,67,Diabetes,19.8,0.3,90,collected,attended,158,92,97,0,N
P101651,1,2025-01-24,51,Sepsis,13.0,0.6,91,collected,attended,144,93,99,0,N
P101651,2,2025-01-31,51,Sepsis,13.0,0.1,86,collected,scheduled,137,85,96,0,N
P101651,3,2025-02-07,51,Sepsis,13.0,0.0,91,collected,attended,137,74,95,0,N
P101651,4,2025-02-14,51,Sepsis,13.0,-0.5,89,collected,scheduled,151,77,96,0,N
P101652,1,2024-05-20,69,Stroke,26.9,0.9,96,late,attended,133,58,95,0,N
P101652,2,2024-05-27,69,Stroke,26.9,0.6,93,missed,attended,129,76,96,0,N
P101652,3,2024-06-03,69,Stroke,26.9,0.8,91,collected,attended,120,82,94,0,N
P101652,4,2024-06-10,69,Stroke,26.9,1.2,98,missed,missed,101,94,97,0,N
P101653,1,2024-03-21,67,Hip fracture,16.8,0.5,100,collected,attended,123,88,98,0,N
P101653,2,2024-03-28,67,Hip fracture,16.8,0.1,91,collected,attended,105,74,96,0,N
P101653,3,2024-04-04,67,Hip fracture,16.8,-0.0,98,collected,attended,125,79,92,0,N
P101653,4,2024-04-11,67,Hip fracture,16.8,-1.2,100,collected,attended,139,74,94,0,N
P101654,1,2024-04-05,85,Pneumonia,15.4,-0.1,100,collected,scheduled,133,80,95,0,N
P101654,2,2024-04-12,85,Pneumonia,15.4,0.2,99,missed,scheduled,128,76,99,0,N
P101654,3,2024-04-19,85,Pneumonia,15.4,0.1,90,collected,attended,121,103,98,0,N
P101654,4,2024-04-26,85,Pneumonia,15.4,-0.2,73,collected,scheduled,144,75,95,0,N
P101655,1,2024-01-18,64,Heart failure,16.8,0.9,100,late,attended,120,57,95,0,N
P101655,2,2024-01-25,64,Heart failure,16.8,0.3,100,collected,scheduled,126,68,98,0,N
P101655,3,2024-02-01,64,Heart failure,16.8,0.7,93,late,attended,127,80,96,0,N
P101655,4,2024-02-08,64,Heart failure,16.8,1.1,100,late,attended,123,88,96,0,N
P101656,1,2024-04-19,56,Stroke,14.2,1.5,100,collected,attended,143,64,95,0,N
P101656,2,2024-04-26,56,Stroke,14.2,1.7,84,missed,scheduled,115,67,95,0,N
P101656,3,2024-05-03,56,Stroke,14.2,0.9,100,missed,attended,150,72,95,0,N
P101656,4,2024-05-10,56,Stroke,14.2,1.0,83,missed,scheduled,143,75,95,0,N
P101657,1,2024-11-07,65,Stroke,15.4,0.5,76,collected,attended,123,84,94,1,N
P101657,2,2024-11-14,65,Stroke,15.4,1.2,80,missed,attended,102,77,99,1,N
P101657,3,2024-11-21,65,Stroke,15.4,1.4,83,collected,attended,109,83,98,1,Y
P101657,4,2024-11-28,65,Stroke,15.4,1.0,80,collected,scheduled,116,76,95,1,Y
P101658,1,2025-03-21,52,Sepsis,23.1,0.4,100,collected,scheduled,134,79,99,0,N
P101658,2,2025-03-28,52,Sepsis,23.1,-0.0,97,collected,scheduled,139,78,96,0,N
P101658,3,2025-04-04,52,Sepsis,23.1,0.3,100,late,scheduled,141,79,97,0,N
P101658,4,2025-04-11,52,Sepsis,23.1,-0.0,86,collected,missed,139,79,94,0,N
P101659,1,2024-11-17,65,Heart failure,21.4,0.2,79,collected,missed,133,68,97,0,N
P101659,2,2024-11-24,65,Heart failure,21.4,1.1,73,collected,attended,129,83,96,0,N
P101659,3,2024-12-01,65,Heart failure,21.4,1.7,98,collected,missed,132,78,96,0,N
P101659,4,2024-12-08,65,Heart failure,21.4,1.2,100,late,scheduled,128,69,94,0,N
P101660,1,2025-03-07,83,Kidney disease,25.0,-0.7,70,collected,attended,124,98,95,0,N
P101660,2,2025-03-14,83,Kidney disease,25.0,-0.6,99,collected,attended,153,79,98,0,N
P101660,3,2025-03-21,83,Kidney disease,25.0,0.1,82,collected,attended,126,72,97,0,N
P101660,4,2025-03-28,83,Kidney disease,25.0,0.9,100,collected,attended,147,76,95,0,N
P101661,1,2024-09-19,70,Kidney disease,23.1,-0.7,76,missed,scheduled,142,64,94,0,N
P101661,2,2024-09-26,70,Kidney disease,23.1,-1.7,94,collected,attended,147,74,94,0,N
P101661,3,2024-10-03,70,Kidney disease,23.1,-2.6,94,collected,attended,130,90,96,0,N
P101661,4,2024-10-10,70,Kidney disease,23.1,-3.5,81,collected,attended,110,64,97,0,N
P101662,1,2024-05-16,59,COPD,26.9,-1.1,87,collected,scheduled,139,81,96,1,N
P101662,2,2024-05-23,59,COPD,26.9,-1.1,88,collected,attended,138,97,95,1,N
P101662,3,2024-05-30,59,COPD,26.9,0.0,85,collected,attended,135,70,98,1,Y
P101662,4,2024-06-06,59,COPD,26.9,-0.8,73,collected,attended,124,76,96,1,Y
P101663,1,2025-04-05,83,Other,15.4,0.0,85,missed,scheduled,123,63,94,0,N
P101663,2,2025-04-12,83,Other,15.4,0.2,89,collected,attended,137,81,97,0,N
P101663,3,2025-04-19,83,Other,15.4,0.3,77,collected,scheduled,157,73,95,0,N
P101663,4,2025-04-26,83,Other,15.4,0.4,84,collected,missed,124,65,94,0,N
P101664,1,2025-08-26,61,Diabetes,15.4,-0.6,85,collected,attended,137,73,97,0,N
P101664,2,2025-09-02,61,Diabetes,15.4,0.0,83,collected,scheduled,138,65,99,0,N
P101664,3,2025-09-09,61,Diabetes,15.4,-0.4,95,collected,scheduled,133,87,95,0,N
P101664,4,2025-09-16,61,Diabetes,15.4,-0.9,79,missed,scheduled,131,83,94,0,N
P101665,1,2024-04-08,78,Other,15.4,-0.6,81,collected,attended,104,83,94,0,N
P101665,2,2024-04-15,78,Other,15.4,-1.1,86,collected,attended,124,77,95,0,N
P101665,3,2024-04-22,78,Other,15.4,0.4,96,collected,attended,130,38,94,0,N
P101665,4,2024-04-29,78,Other,15.4,-0.0,85,collected,attended,122,75,98,0,N
P101666,1,2025-03-28,72,COPD,16.8,-0.2,76,collected,attended,128,66,96,0,N
P101666,2,2025-04-04,72,COPD,16.8,0.3,76,collected,attended,132,83,97,0,N
P101666,3,2025-04-11,72,COPD,16.8,-0.1,77,collected,missed,145,69,96,0,N
P101666,4,2025-04-18,72,COPD,16.8,-0.3,90,collected,missed,117,66,93,0,N
P101667,1,2024-03-10,65,COPD,21.4,-0.3,81,collected,scheduled,143,95,98,1,N
P101667,2,2024-03-17,65,COPD,21.4,-0.3,90,collected,attended,124,72,98,1,N
P101667,3,2024-03-24,65,COPD,21.4,-0.1,84,collected,attended,117,57,99,1,Y
P101667,4,2024-03-31,65,COPD,21.4,-0.7,93,late,attended,120,86,95,1,Y
P101668,1,2024-04-23,83,Diabetes,35.4,-0.4,87,collected,attended,137,110,96,1,N
P101668,2,2024-04-30,83,Diabetes,35.4,-0.7,58,late,missed,157,93,97,1,N
P101668,3,2024-05-07,83,Diabetes,35.4,-1.6,85,missed,missed,142,85,98,1,Y
P101668,4,2024-05-14,83,Diabetes,35.4,-1.4,80,late,scheduled,144,79,93,1,Y
P101669,1,2024-10-07,74,Other,18.2,0.0,100,collected,missed,130,69,95,0,N
P101669,2,2024-10-14,74,Other,18.2,-0.9,86,collected,attended,135,67,96,0,N
P101669,3,2024-10-21,74,Other,18.2,-1.0,78,collected,attended,136,48,97,0,N
P101669,4,2024-10-28,74,Other,18.2,-1.5,83,collected,attended,115,89,96,0,N
P101670,1,2024-01-31,84,Other,31.0,0.6,100,missed,attended,127,76,97,0,N
P101670,2,2024-02-07,84,Other,31.0,-0.1,95,collected,missed,135,84,97,0,N
P101670,3,2024-02-14,84,Other,31.0,-0.1,89,collected,missed,142,50,96,0,N
P101670,4,2024-02-21,84,Other,31.0,-0.2,95,collected,attended,136,92,99,0,N
P101671,1,2025-01-05,57,Pneumonia,18.2,-0.3,80,collected,attended,148,81,97,1,N
P101671,2,2025-01-12,57,Pneumonia,18.2,-1.0,64,missed,attended,130,92,95,1,N
P101671,3,2025-01-19,57,Pneumonia,18.2,-0.8,66,collected,missed,136,84,94,1,Y
P101671,4,2025-01-26,57,Pneumonia,18.2,-0.2,90,late,attended,141,79,100,1,Y
P101672,1,2024-06-12,72,Pneumonia,18.2,-0.1,80,collected,attended,115,84,95,0,N
P101672,2,2024-06-19,72,Pneumonia,18.2,0.3,85,collected,attended,138,73,93,0,N
P101672,3,2024-06-26,72,Pneumonia,18.2,-0.4,80,collected,scheduled,139,65,100,0,N
P101672,4,2024-07-03,72,Pneumonia,18.2,-0.9,92,collected,missed,154,90,90,0,N
P101673,1,2025-06-24,81,Other,13.0,0.3,87,late,scheduled,125,92,91,1,N
P101673,2,2025-07-01,81,Other,13.0,0.7,75,late,attended,160,89,92,1,N
P101673,3,2025-07-08,81,Other,13.0,0.6,81,collected,missed,161,62,94,1,Y
P101673,4,2025-07-15,81,Other,13.0,-0.2,70,collected,missed,119,94,95,1,Y
P101674,1,2024-09-02,62,Other,15.4,0.5,100,collected,attended,115,77,97,0,N
P101674,2,2024-09-09,62,Other,15.4,1.0,85,collected,attended,131,74,95,0,N
P101674,3,2024-09-16,62,Other,15.4,1.0,61,collected,attended,127,68,97,0,N
P101674,4,2024-09-23,62,Other,15.4,0.7,82,collected,attended,115,64,93,0,N
P101675,1,2025-07-27,58,Stroke,16.8,-0.8,89,collected,scheduled,115,57,97,0,N
P101675,2,2025-08-03,58,Stroke,16.8,-0.9,83,late,scheduled,140,62,95,0,N
P101675,3,2025-08-10,58,Stroke,16.8,-1.9,73,collected,attended,127,73,93,0,N
P101675,4,2025-08-17,58,Stroke,16.8,-1.4,97,late,attended,104,67,95,0,N
P101676,1,2024-10-16,58,Diabetes,25.0,0.8,92,collected,scheduled,128,76,97,0,N
P101676,2,2024-10-23,58,Diabetes,25.0,1.1,93,collected,attended,142,89,99,0,N
P101676,3,2024-10-30,58,Diabetes,25.0,0.5,100,late,attended,120,75,97,0,N
P101676,4,2024-11-06,58,Diabetes,25.0,0.7,86,collected,missed,135,65,96,0,N
P101677,1,2024-11-02,64,Stroke,15.4,0.5,77,collected,attended,128,88,94,0,N
P101677,2,2024-11-09,64,Stroke,15.4,-0.1,84,collected,attended,118,77,98,0,N
P101677,3,2024-11-16,64,Stroke,15.4,-0.2,86,late,scheduled,139,86,94,0,N
P101677,4,2024-11-23,64,Stroke,15.4,-0.6,91,missed,scheduled,129,71,95,0,N
P101678,1,2024-07-05,71,Heart failure,13.0,0.1,96,collected,attended,145,75,96,0,N
P101678,2,2024-07-12,71,Heart failure,13.0,0.2,81,collected,attended,122,70,96,0,N
P101678,3,2024-07-19,71,Heart failure,13.0,-0.1,92,collected,attended,135,76,94,0,N
P101678,4,2024-07-26,71,Heart failure,13.0,-0.4,86,collected,attended,132,51,93,0,N
P101679,1,2025-02-05,79,Diabetes,37.8,-0.6,98,collected,attended,143,74,94,0,N
P101679,2,2025-02-12,79,Diabetes,37.8,-1.7,98,missed,attended,126,88,94,0,N
P101679,3,2025-02-19,79,Diabetes,37.8,-1.6,93,collected,attended,129,78,95,0,N
P101679,4,2025-02-26,79,Diabetes,37.8,0.1,86,missed,attended,136,93,95,0,N
P101680,1,2024-11-22,78,Hip fracture,45.0,0.5,77,missed,attended,132,80,97,1,N
P101680,2,2024-11-29,78,Hip fracture,45.0,1.8,100,late,attended,136,62,95,1,N
P101680,3,2024-12-06,78,Hip fracture,45.0,2.3,79,collected,scheduled,144,75,95,1,Y
P101680,4,2024-12-13,78,Hip fracture,45.0,1.9,88,collected,scheduled,146,77,96,1,Y
P101681,1,2024-07-28,100,Pneumonia,23.1,0.8,58,collected,scheduled,128,74,100,1,N
P101681,2,2024-08-04,100,Pneumonia,23.1,1.4,86,collected,attended,130,91,94,1,N
P101681,3,2024-08-11,100,Pneumonia,23.1,2.3,69,missed,scheduled,135,71,94,1,Y
P101681,4,2024-08-18,100,Pneumonia,23.1,3.1,97,collected,attended,133,84,97,1,Y
P101682,1,2024-08-22,69,Other,21.4,0.2,90,collected,scheduled,135,76,96,0,N
P101682,2,2024-08-29,69,Other,21.4,0.6,60,collected,scheduled,151,72,96,0,N
P101682,3,2024-09-05,69,Other,21.4,0.5,90,collected,attended,106,91,98,0,N
P101682,4,2024-09-12,69,Other,21.4,0.3,80,collected,attended,139,68,94,0,N
P101683,1,2024-01-11,80,Stroke,25.0,0.3,100,collected,attended,118,89,100,1,N
P101683,2,2024-01-18,80,Stroke,25.0,0.4,68,collected,attended,136,83,97,1,N
P101683,3,2024-01-25,80,Stroke,25.0,0.4,88,collected,attended,125,95,99,1,Y
P101683,4,2024-02-01,80,Stroke,25.0,0.9,78,collected,attended,132,67,96,1,Y
P101684,1,2024-10-01,82,Other,16.8,0.4,90,collected,attended,138,68,96,0,N
P101684,2,2024-10-08,82,Other,16.8,-0.3,78,collected,attended,127,77,95,0,N
P101684,3,2024-10-15,82,Other,16.8,0.1,95,collected,attended,123,70,97,0,N
P101684,4,2024-10-22,82,Other,16.8,0.1,89,collected,attended,125,70,99,0,N
P101685,1,2024-05-31,75,Diabetes,25.0,-0.3,78,collected,attended,102,56,97,0,N
P101685,2,2024-06-07,75,Diabetes,25.0,-0.3,100,collected,missed,133,71,99,0,N
P101685,3,2024-06-14,75,Diabetes,25.0,-0.2,90,collected,attended,130,78,93,0,N
P101685,4,2024-06-21,75,Diabetes,25.0,0.1,100,collected,scheduled,116,80,94,0,N
P101686,1,2024-06-08,81,Other,13.0,0.4,90,collected,attended,135,73,100,0,N
P101686,2,2024-06-15,81,Other,13.0,0.1,81,collected,attended,166,74,98,0,N
P101686,3,2024-06-22,81,Other,13.0,0.4,82,collected,attended,119,89,98,0,N
P101686,4,2024-06-29,81,Other,13.0,1.1,97,collected,missed,125,56,98,0,N
P101687,1,2024-03-07,58,Hip fracture,11.9,-0.1,100,late,attended,139,78,98,0,N
P101687,2,2024-03-14,58,Hip fracture,11.9,1.0,100,late,attended,155,92,95,0,N
P101687,3,2024-03-21,58,Hip fracture,11.9,1.1,83,collected,attended,142,89,95,0,N
P101687,4,2024-03-28,58,Hip fracture,11.9,0.9,89,collected,attended,132,69,95,0,N
P101688,1,2024-01-31,66,COPD,18.2,0.1,99,collected,scheduled,113,70,96,0,N
P101688,2,2024-02-07,66,COPD,18.2,-0.5,100,collected,attended,163,84,94,0,N
P101688,3,2024-02-14,66,COPD,18.2,0.2,83,collected,attended,121,85,93,0,N
P101688,4,2024-02-21,66,COPD,18.2,0.2,100,late,missed,134,95,95,0,N
P101689,1,2025-05-26,54,Pneumonia,11.9,-0.7,100,collected,attended,153,74,95,0,N
P101689,2,2025-06-02,54,Pneumonia,11.9,-0.5,97,collected,attended,113,76,97,0,N
P101689,3,2025-06-09,54,Pneumonia,11.9,-1.6,100,collected,scheduled,152,90,94,0,N
P101689,4,2025-06-16,54,Pneumonia,11.9,-1.5,86,collected,attended,118,74,96,0,N
P101690,1,2024-08-21,60,Stroke,15.4,-0.0,62,collected,scheduled,117,74,98,1,N
P101690,2,2024-08-28,60,Stroke,15.4,0.1,65,collected,missed,131,74,97,1,N
P101690,3,2024-09-04,60,Stroke,15.4,1.3,60,late,attended,138,82,96,1,Y
P101690,4,2024-09-11,60,Stroke,15.4,1.3,71,collected,missed,172,81,95,1,Y
P101691,1,2024-12-09,47,Kidney disease,25.0,-0.8,77,collected,attended,117,76,95,0,N
P101691,2,2024-12-16,47,Kidney disease,25.0,-0.4,89,collected,scheduled,134,79,95,0,N
P101691,3,2024-12-23,47,Kidney disease,25.0,-0.9,100,collected,attended,147,100,95,0,N
P101691,4,2024-12-30,47,Kidney disease,25.0,-0.4,85,collected,attended,127,81,98,0,N
P101692,1,2025-07-22,79,Pneumonia,26.9,-0.1,74,collected,scheduled,140,79,99,0,N
P101692,2,2025-07-29,79,Pneumonia,26.9,-0.7,86,collected,attended,112,75,94,0,N
P101692,3,2025-08-05,79,Pneumonia,26.9,0.3,77,collected,attended,157,102,96,0,N
P101692,4,2025-08-12,79,Pneumonia,26.9,0.0,84,collected,attended,146,76,95,0,N
P101693,1,2024-06-22,53,COPD,13.0,-1.7,97,collected,attended,117,65,96,1,N
P101693,2,2024-06-29,53,COPD,13.0,-1.7,79,collected,scheduled,136,91,97,1,N
P101693,3,2024-07-06,53,COPD,13.0,-1.9,73,collected,scheduled,123,68,92,1,Y
P101693,4,2024-07-13,53,COPD,13.0,-0.9,85,late,attended,134,75,95,1,Y
P101694,1,2024-08-13,63,Other,23.1,-0.5,86,collected,scheduled,118,78,96,1,N
P101694,2,2024-08-20,63,Other,23.1,-0.0,61,collected,attended,155,74,94,1,N
P101694,3,2024-08-27,63,Other,23.1,-0.2,83,collected,missed,130,81,95,1,Y
P101694,4,2024-09-03,63,Other,23.1,-1.5,87,late,missed,136,94,93,1,Y
P101695,1,2024-09-26,39,Other,13.0,-0.1,75,missed,missed,157,105,94,0,N
P101695,2,2024-10-03,39,Other,13.0,0.4,77,late,missed,132,83,97,0,N
P101695,3,2024-10-10,39,Other,13.0,1.3,55,collected,scheduled,155,106,93,0,N
P101695,4,2024-10-17,39,Other,13.0,0.7,77,collected,scheduled,128,103,97,0,N
P101696,1,2025-05-13,71,Heart failure,15.4,0.2,84,collected,attended,135,96,95,0,N
P101696,2,2025-05-20,71,Heart failure,15.4,0.7,88,collected,missed,121,86,94,0,N
P101696,3,2025-05-27,71,Heart failure,15.4,0.4,72,collected,attended,178,80,96,0,N
P101696,4,2025-06-03,71,Heart failure,15.4,-0.4,96,collected,attended,135,62,92,0,N
P101697,1,2024-04-14,59,Stroke,18.2,-0.5,71,collected,scheduled,127,75,99,0,N
P101697,2,2024-04-21,59,Stroke,18.2,0.3,85,collected,attended,130,90,96,0,N
P101697,3,2024-04-28,59,Stroke,18.2,0.7,77,collected,attended,141,70,97,0,N
P101697,4,2024-05-05,59,Stroke,18.2,0.2,90,collected,attended,108,64,94,0,N
P101698,1,2025-01-07,60,COPD,23.1,0.7,100,collected,attended,131,53,96,0,N
P101698,2,2025-01-14,60,COPD,23.1,0.4,81,collected,missed,145,82,93,0,N
P101698,3,2025-01-21,60,COPD,23.1,0.6,89,collected,scheduled,137,81,96,0,N
P101698,4,2025-01-28,60,COPD,23.1,0.6,80,collected,scheduled,136,77,94,0,N
P101699,1,2025-05-31,81,Diabetes,33.2,0.2,88,collected,attended,124,95,96,1,N
P101699,2,2025-06-07,81,Diabetes,33.2,0.4,82,late,scheduled,109,66,95,1,N
P101699,3,2025-06-14,81,Diabetes,33.2,0.5,80,missed,missed,143,82,96,1,Y
P101699,4,2025-06-21,81,Diabetes,33.2,0.7,76,collected,scheduled,122,81,94,1,Y
P101700,1,2024-12-05,69,Diabetes,21.4,0.2,88,collected,attended,132,75,93,1,N
P101700,2,2024-12-12,69,Diabetes,21.4,0.2,56,missed,missed,122,82,94,1,N
P101700,3,2024-12-19,69,Diabetes,21.4,-0.9,71,late,missed,136,82,93,1,Y
P101700,4,2024-12-26,69,Diabetes,21.4,-0.4,70,collected,scheduled,159,84,93,1,Y
P101701,1,2024-10-17,76,Heart failure,35.4,0.1,100,collected,missed,145,89,97,1,N
P101701,2,2024-10-24,76,Heart failure,35.4,1.2,59,late,attended,130,91,96,1,N
P101701,3,2024-10-31,76,Heart failure,35.4,2.7,96,late,scheduled,107,92,94,1,Y
P101701,4,2024-11-07,76,Heart failure,35.4,4.1,90,collected,scheduled,132,85,95,1,Y
P101702,1,2025-04-30,66,Kidney disease,19.8,0.8,84,collected,attended,127,70,98,0,N
P101702,2,2025-05-07,66,Kidney disease,19.8,0.4,100,collected,attended,133,75,98,0,N
P101702,3,2025-05-14,66,Kidney disease,19.8,1.0,92,collected,attended,144,82,98,0,N
P101702,4,2025-05-21,66,Kidney disease,19.8,1.1,77,collected,scheduled,136,83,94,0,N
P101703,1,2024-08-15,70,Other,13.0,-1.6,69,collected,attended,128,101,96,0,N
P101703,2,2024-08-22,70,Other,13.0,-2.1,89,collected,attended,118,69,98,0,N
P101703,3,2024-08-29,70,Other,13.0,-1.4,90,missed,attended,126,96,95,0,N
P101703,4,2024-09-05,70,Other,13.0,-1.2,100,collected,attended,157,74,98,0,N
P101704,1,2025-04-23,48,COPD,21.4,0.2,74,collected,attended,133,83,93,1,N
P101704,2,2025-04-30,48,COPD,21.4,-0.2,85,collected,attended,125,71,95,1,N
P101704,3,2025-05-07,48,COPD,21.4,-0.8,100,collected,attended,127,71,98,1,Y
P101704,4,2025-05-14,48,COPD,21.4,-0.8,85,collected,missed,140,68,97,1,Y
P101705,1,2025-04-09,72,Other,18.2,-0.6,96,collected,missed,138,88,94,0,N
P101705,2,2025-04-16,72,Other,18.2,-0.4,100,collected,attended,125,75,95,0,N
P101705,3,2025-04-23,72,Other,18.2,-0.7,86,collected,scheduled,124,67,90,0,N
P101705,4,2025-04-30,72,Other,18.2,-0.8,94,collected,missed,133,81,95,0,N
P101706,1,2024-01-15,57,Diabetes,18.2,-0.8,79,missed,missed,142,84,96,0,N
P101706,2,2024-01-22,57,Diabetes,18.2,-0.6,89,collected,attended,86,67,97,0,N
P101706,3,2024-01-29,57,Diabetes,18.2,-0.5,100,collected,attended,129,69,96,0,N
P101706,4,2024-02-05,57,Diabetes,18.2,-0.1,83,collected,scheduled,146,68,98,0,N
P101707,1,2025-06-07,58,Pneumonia,18.2,-0.8,87,collected,attended,112,92,98,0,N
P101707,2,2025-06-14,58,Pneumonia,18.2,-0.7,87,collected,attended,149,68,99,0,N
P101707,3,2025-06-21,58,Pneumonia,18.2,0.1,85,collected,attended,149,62,95,0,N
P101707,4,2025-06-28,58,Pneumonia,18.2,1.0,84,late,scheduled,128,86,98,0,N
P101708,1,2025-05-16,54,COPD,13.0,-0.3,95,missed,attended,140,87,95,0,N
P101708,2,2025-05-23,54,COPD,13.0,-2.0,98,collected,attended,126,88,98,0,N
P101708,3,2025-05-30,54,COPD,13.0,-2.1,91,collected,attended,113,55,96,0,N
P101708,4,2025-06-06,54,COPD,13.0,-2.7,81,collected,missed,148,95,94,0,N
P101709,1,2024-04-03,53,Pneumonia,15.4,-0.4,100,missed,scheduled,149,83,94,0,N
P101709,2,2024-04-10,53,Pneumonia,15.4,-1.1,80,collected,attended,125,75,97,0,N
P101709,3,2024-04-17,53,Pneumonia,15.4,-0.9,70,collected,attended,144,77,98,0,N
P101709,4,2024-04-24,53,Pneumonia,15.4,-2.0,86,collected,attended,149,77,95,0,N
P101710,1,2024-06-04,59,Other,19.8,0.3,74,collected,missed,136,80,97,0,N
P101710,2,2024-06-11,59,Other,19.8,-1.0,75,collected,attended,135,90,95,0,N
P101710,3,2024-06-18,59,Other,19.8,-0.2,85,missed,attended,136,79,95,0,N
P101710,4,2024-06-25,59,Other,19.8,-1.2,81,collected,attended,101,76,95,0,N
P101711,1,2024-03-12,57,Heart failure,16.8,0.6,88,collected,scheduled,111,93,96,0,N
P101711,2,2024-03-19,57,Heart failure,16.8,-0.5,74,collected,missed,123,72,98,0,N
P101711,3,2024-03-26,57,Heart failure,16.8,0.3,100,collected,scheduled,168,82,99,0,N
P101711,4,2024-04-02,57,Heart failure,16.8,-0.7,71,collected,scheduled,151,77,94,0,N
P101712,1,2024-11-22,76,Diabetes,23.1,0.2,97,collected,attended,112,58,99,0,N
P101712,2,2024-11-29,76,Diabetes,23.1,0.3,100,collected,attended,133,83,93,0,N
P101712,3,2024-12-06,76,Diabetes,23.1,0.1,83,collected,scheduled,126,85,97,0,N
P101712,4,2024-12-13,76,Diabetes,23.1,0.5,65,collected,attended,109,107,94,0,N
P101713,1,2024-08-07,78,COPD,19.8,1.0,77,collected,attended,136,83,96,0,N
P101713,2,2024-08-14,78,COPD,19.8,1.4,81,late,attended,152,90,94,0,N
P101713,3,2024-08-21,78,COPD,19.8,1.2,100,collected,scheduled,143,73,97,0,N
P101713,4,2024-08-28,78,COPD,19.8,1.1,94,collected,attended,132,73,98,0,N
P101714,1,2025-01-19,58,Diabetes,19.8,-0.0,97,missed,attended,119,76,94,0,N
P101714,2,2025-01-26,58,Diabetes,19.8,-0.3,89,collected,attended,144,72,95,0,N
P101714,3,2025-02-02,58,Diabetes,19.8,-0.7,88,late,scheduled,110,90,95,0,N
P101714,4,2025-02-09,58,Diabetes,19.8,-0.3,82,collected,missed,135,84,94,0,N
P101715,1,2024-03-02,61,Other,16.8,-0.3,89,collected,attended,125,81,96,0,N
P101715,2,2024-03-09,61,Other,16.8,0.5,83,collected,scheduled,141,86,95,0,N
P101715,3,2024-03-16,61,Other,16.8,0.5,91,collected,attended,137,56,96,0,N
P101715,4,2024-03-23,61,Other,16.8,-0.1,82,collected,attended,145,88,99,0,N
P101716,1,2025-02-26,76,Kidney disease,23.1,0.1,86,collected,scheduled,140,76,99,0,N
P101716,2,2025-03-05,76,Kidney disease,23.1,0.1,87,collected,scheduled,143,83,97,0,N
P101716,3,2025-03-12,76,Kidney disease,23.1,0.3,75,collected,attended,149,86,95,0,N
P101716,4,2025-03-19,76,Kidney disease,23.1,-0.9,74,collected,attended,133,78,95,0,N
P101717,1,2025-07-16,66,Heart failure,18.2,0.4,76,collected,attended,124,90,97,0,N
P101717,2,2025-07-23,66,Heart failure,18.2,-0.2,90,collected,scheduled,133,84,98,0,N
P101717,3,2025-07-30,66,Heart failure,18.2,-0.9,82,late,scheduled,137,75,95,0,N
P101717,4,2025-08-06,66,Heart failure,18.2,-0.5,91,collected,scheduled,112,69,100,0,N
P101718,1,2024-05-25,73,Pneumonia,15.4,0.2,72,collected,missed,135,90,94,0,N
P101718,2,2024-06-01,73,Pneumonia,15.4,0.8,98,collected,attended,151,71,94,0,N
P101718,3,2024-06-08,73,Pneumonia,15.4,0.7,100,collected,scheduled,114,84,95,0,N
P101718,4,2024-06-15,73,Pneumonia,15.4,1.0,85,collected,scheduled,123,78,95,0,N
P101719,1,2024-03-05,70,Heart failure,18.2,-0.3,89,missed,scheduled,132,112,97,0,N
P101719,2,2024-03-12,70,Heart failure,18.2,-1.1,87,collected,scheduled,124,81,100,0,N
P101719,3,2024-03-19,70,Heart failure,18.2,-0.3,86,late,attended,131,70,94,0,N
P101719,4,2024-03-26,70,Heart failure,18.2,0.2,100,collected,missed,139,68,97,0,N
P101720,1,2025-01-16,47,Stroke,13.0,0.0,90,collected,attended,129,62,94,0,N
P101720,2,2025-01-23,47,Stroke,13.0,-0.3,68,collected,scheduled,148,80,98,0,N
P101720,3,2025-01-30,47,Stroke,13.0,-0.7,96,collected,attended,121,86,94,0,N
P101720,4,2025-02-06,47,Stroke,13.0,-0.1,75,late,scheduled,116,66,98,0,N
P101721,1,2024-06-01,80,Hip fracture,15.4,-1.2,90,missed,missed,153,74,95,0,N
P101721,2,2024-06-08,80,Hip fracture,15.4,-0.5,69,collected,missed,150,96,97,0,N
P101721,3,2024-06-15,80,Hip fracture,15.4,-0.7,79,collected,missed,157,82,93,0,N
P101721,4,2024-06-22,80,Hip fracture,15.4,-0.1,72,collected,attended,138,82,96,0,N
P101722,1,2024-02-24,60,Other,18.2,0.7,84,collected,attended,132,83,95,0,N
P101722,2,2024-03-02,60,Other,18.2,-0.1,90,missed,attended,141,64,94,0,N
P101722,3,2024-03-09,60,Other,18.2,-0.7,91,collected,attended,118,72,98,0,N
P101722,4,2024-03-16,60,Other,18.2,-0.4,91,collected,attended,148,70,95,0,N
P101723,1,2025-06-12,58,Diabetes,13.0,0.6,79,collected,missed,156,95,98,0,N
P101723,2,2025-06-19,58,Diabetes,13.0,-0.1,100,late,scheduled,114,76,99,0,N
P101723,3,2025-06-26,58,Diabetes,13.0,-1.1,77,collected,attended,122,68,96,0,N
P101723,4,2025-07-03,58,Diabetes,13.0,-0.9,97,collected,scheduled,145,77,95,0,N
P101724,1,2025-03-03,56,Stroke,15.4,0.0,76,collected,attended,135,68,98,1,N
P101724,2,2025-03-10,56,Stroke,15.4,-0.4,99,missed,attended,123,78,94,1,N
P101724,3,2025-03-17,56,Stroke,15.4,-0.8,84,collected,attended,156,81,97,1,Y
P101724,4,2025-03-24,56,Stroke,15.4,-1.1,67,collected,scheduled,140,54,96,1,Y
P101725,1,2024-01-30,91,Hip fracture,15.4,1.1,94,collected,attended,133,63,96,0,N
P101725,2,2024-02-06,91,Hip fracture,15.4,1.9,81,collected,attended,147,76,96,0,N
P101725,3,2024-02-13,91,Hip fracture,15.4,2.3,85,collected,attended,116,83,97,0,N
P101725,4,2024-02-20,91,Hip fracture,15.4,1.8,98,missed,attended,122,90,99,0,N
P101726,1,2024-09-11,75,Pneumonia,21.4,1.3,80,late,missed,154,83,98,1,N
P101726,2,2024-09-18,75,Pneumonia,21.4,2.1,87,missed,attended,139,91,94,1,N
P101726,3,2024-09-25,75,Pneumonia,21.4,1.5,89,late,missed,153,80,95,1,Y
P101726,4,2024-10-02,75,Pneumonia,21.4,2.8,77,collected,missed,131,84,95,1,Y
P101727,1,2024-08-15,85,Hip fracture,25.0,-1.1,92,collected,scheduled,105,61,95,1,N
P101727,2,2024-08-22,85,Hip fracture,25.0,-0.3,90,late,attended,109,70,93,1,N
P101727,3,2024-08-29,85,Hip fracture,25.0,-1.0,81,missed,attended,107,94,95,1,Y
P101727,4,2024-09-05,85,Hip fracture,25.0,-2.0,97,collected,attended,161,89,95,1,Y
P101728,1,2024-12-24,89,Diabetes,28.9,0.3,100,collected,missed,137,69,97,0,N
P101728,2,2024-12-31,89,Diabetes,28.9,0.4,87,collected,attended,139,87,99,0,N
P101728,3,2025-01-07,89,Diabetes,28.9,0.1,95,collected,attended,157,89,97,0,N
P101728,4,2025-01-14,89,Diabetes,28.9,-0.2,77,collected,scheduled,120,68,96,0,N
P101729,1,2024-11-23,61,Pneumonia,15.4,-0.0,100,collected,attended,147,67,97,0,N
P101729,2,2024-11-30,61,Pneumonia,15.4,-0.2,93,collected,scheduled,103,79,95,0,N
P101729,3,2024-12-07,61,Pneumonia,15.4,-0.9,98,collected,scheduled,128,82,95,0,N
P101729,4,2024-12-14,61,Pneumonia,15.4,-1.8,92,missed,attended,146,95,98,0,N
P101730,1,2025-02-24,71,Pneumonia,16.8,0.1,92,collected,attended,127,63,100,0,N
P101730,2,2025-03-03,71,Pneumonia,16.8,0.2,100,missed,scheduled,110,71,98,0,N
P101730,3,2025-03-10,71,Pneumonia,16.8,0.2,100,collected,attended,118,82,98,0,N
P101730,4,2025-03-17,71,Pneumonia,16.8,0.3,74,collected,attended,123,69,95,0,N
P101731,1,2024-03-03,39,Sepsis,26.9,0.4,94,collected,missed,115,74,96,0,N
P101731,2,2024-03-10,39,Sepsis,26.9,0.1,73,late,scheduled,118,70,98,0,N
P101731,3,2024-03-17,39,Sepsis,26.9,0.0,95,collected,scheduled,149,75,95,0,N
P101731,4,2024-03-24,39,Sepsis,26.9,0.4,80,collected,scheduled,150,79,95,0,N
P101732,1,2025-06-14,88,Pneumonia,37.8,0.3,92,collected,scheduled,125,82,96,1,N
P101732,2,2025-06-21,88,Pneumonia,37.8,2.0,84,collected,missed,129,75,90,1,N
P101732,3,2025-06-28,88,Pneumonia,37.8,0.9,100,collected,missed,115,99,95,1,Y
P101732,4,2025-07-05,88,Pneumonia,37.8,0.1,78,collected,attended,169,66,99,1,Y
P101733,1,2024-04-02,41,Other,35.4,0.3,70,collected,attended,164,72,92,1,N
P101733,2,2024-04-09,41,Other,35.4,0.4,94,missed,attended,128,88,95,1,N
P101733,3,2024-04-16,41,Other,35.4,0.2,64,collected,attended,116,83,97,1,Y
P101733,4,2024-04-23,41,Other,35.4,0.5,73,collected,attended,139,85,96,1,Y
P101734,1,2024-09-08,70,Sepsis,19.8,-0.7,74,collected,missed,137,87,94,0,N
P101734,2,2024-09-15,70,Sepsis,19.8,-0.8,81,late,attended,118,73,94,0,N
P101734,3,2024-09-22,70,Sepsis,19.8,0.2,71,collected,missed,133,76,96,0,N
P101734,4,2024-09-29,70,Sepsis,19.8,0.7,72,collected,missed,133,42,97,0,N
P101735,1,2024-02-29,78,Kidney disease,28.9,-0.5,86,collected,attended,150,89,92,0,N
P101735,2,2024-03-07,78,Kidney disease,28.9,0.4,96,late,attended,131,78,93,0,N
P101735,3,2024-03-14,78,Kidney disease,28.9,0.8,100,collected,attended,137,63,97,0,N
P101735,4,2024-03-21,78,Kidney disease,28.9,-0.1,69,collected,attended,129,47,94,0,N
P101736,1,2025-04-27,51,COPD,16.8,1.0,90,missed,attended,123,75,90,0,N
P101736,2,2025-05-04,51,COPD,16.8,2.2,100,late,scheduled,136,76,97,0,N
P101736,3,2025-05-11,51,COPD,16.8,1.4,82,collected,scheduled,138,68,97,0,N
P101736,4,2025-05-18,51,COPD,16.8,1.2,92,missed,scheduled,156,90,95,0,N
P101737,1,2025-01-10,63,Sepsis,21.4,0.4,88,collected,missed,146,83,96,0,N
P101737,2,2025-01-17,63,Sepsis,21.4,-0.1,57,collected,missed,141,87,93,0,N
P101737,3,2025-01-24,63,Sepsis,21.4,-0.3,88,collected,scheduled,156,77,95,0,N
P101737,4,2025-01-31,63,Sepsis,21.4,-1.4,84,missed,missed,153,89,98,0,N
P101738,1,2025-05-25,51,Pneumonia,13.0,-0.1,85,collected,attended,141,64,99,1,N
P101738,2,2025-06-01,51,Pneumonia,13.0,-1.7,88,collected,missed,135,78,98,1,N
P101738,3,2025-06-08,51,Pneumonia,13.0,-1.5,94,missed,attended,136,84,97,1,Y
P101738,4,2025-06-15,51,Pneumonia,13.0,-0.9,96,late,attended,141,73,92,1,Y
P101739,1,2024-01-28,70,Heart failure,21.4,0.2,82,late,attended,117,114,95,0,N
P101739,2,2024-02-04,70,Heart failure,21.4,0.0,75,missed,scheduled,169,92,93,0,N
P101739,3,2024-02-11,70,Heart failure,21.4,0.3,76,collected,attended,134,60,94,0,N
P101739,4,2024-02-18,70,Heart failure,21.4,1.3,68,collected,attended,136,65,92,0,N
P101740,1,2025-03-04,59,Pneumonia,13.0,0.5,76,collected,attended,135,82,95,0,N
P101740,2,2025-03-11,59,Pneumonia,13.0,1.3,97,collected,scheduled,139,77,97,0,N
P101740,3,2025-03-18,59,Pneumonia,13.0,1.7,93,late,attended,136,93,97,0,N
P101740,4,2025-03-25,59,Pneumonia,13.0,2.9,72,collected,attended,119,79,94,0,N
P101741,1,2025-08-21,43,Kidney disease,16.8,0.3,88,collected,attended,148,74,93,0,N
P101741,2,2025-08-28,43,Kidney disease,16.8,0.9,96,collected,attended,100,95,94,0,N
P101741,3,2025-09-04,43,Kidney disease,16.8,0.5,100,collected,attended,134,78,98,0,N
P101741,4,2025-09-11,43,Kidney disease,16.8,-0.0,76,collected,scheduled,143,70,95,0,N
P101742,1,2025-01-18,75,Stroke,25.0,-0.3,69,late,attended,129,77,98,0,N
P101742,2,2025-01-25,75,Stroke,25.0,-0.2,63,late,missed,139,81,96,0,N
P101742,3,2025-02-01,75,Stroke,25.0,-1.4,85,collected,missed,138,74,96,0,N
P101742,4,2025-02-08,75,Stroke,25.0,-1.9,92,collected,attended,129,76,94,0,N
P101743,1,2024-11-05,70,Hip fracture,18.2,-0.3,73,collected,attended,139,96,94,0,N
P101743,2,2024-11-12,70,Hip fracture,18.2,-1.0,57,late,scheduled,151,83,96,0,N
P101743,3,2024-11-19,70,Hip fracture,18.2,-1.0,84,collected,scheduled,173,90,93,0,N
P101743,4,2024-11-26,70,Hip fracture,18.2,-1.0,72,collected,missed,122,97,97,0,N
P101744,1,2024-11-28,58,Heart failure,16.8,0.4,84,late,attended,138,72,93,0,N
P101744,2,2024-12-05,58,Heart failure,16.8,1.3,88,collected,attended,124,94,97,0,N
P101744,3,2024-12-12,58,Heart failure,16.8,1.4,75,late,scheduled,140,53,97,0,N
P101744,4,2024-12-19,58,Heart failure,16.8,2.2,88,collected,scheduled,126,80,96,0,N
P101745,1,2024-03-04,51,Sepsis,15.4,0.4,76,collected,missed,156,86,94,0,N
P101745,2,2024-03-11,51,Sepsis,15.4,0.5,80,late,missed,146,79,92,0,N
P101745,3,2024-03-18,51,Sepsis,15.4,1.0,70,collected,missed,111,81,97,0,N
P101745,4,2024-03-25,51,Sepsis,15.4,1.2,85,collected,attended,131,73,95,0,N
P101746,1,2024-10-12,83,Heart failure,16.8,0.9,86,collected,scheduled,145,85,95,0,N
P101746,2,2024-10-19,83,Heart failure,16.8,0.7,80,collected,scheduled,124,61,95,0,N
P101746,3,2024-10-26,83,Heart failure,16.8,0.6,91,late,attended,145,79,96,0,N
P101746,4,2024-11-02,83,Heart failure,16.8,-0.4,66,collected,scheduled,137,80,96,0,N
P101747,1,2024-05-03,64,Heart failure,25.0,0.6,95,collected,attended,133,74,95,0,N
P101747,2,2024-05-10,64,Heart failure,25.0,0.1,89,collected,scheduled,157,75,95,0,N
P101747,3,2024-05-17,64,Heart failure,25.0,0.4,97,collected,missed,132,87,97,0,N
P101747,4,2024-05-24,64,Heart failure,25.0,0.7,89,collected,attended,135,96,95,0,N
P101748,1,2024-09-03,51,Diabetes,15.4,-0.8,79,late,missed,134,63,97,0,N
P101748,2,2024-09-10,51,Diabetes,15.4,-1.6,80,collected,scheduled,125,74,97,0,N
P101748,3,2024-09-17,51,Diabetes,15.4,-1.8,74,missed,scheduled,138,92,95,0,N
P101748,4,2024-09-24,51,Diabetes,15.4,-2.1,84,collected,scheduled,147,93,94,0,N
P101749,1,2024-01-15,58,Sepsis,14.2,-0.5,81,collected,attended,144,76,96,0,N
P101749,2,2024-01-22,58,Sepsis,14.2,-0.0,61,late,attended,143,70,95,0,N
P101749,3,2024-01-29,58,Sepsis,14.2,0.5,100,collected,scheduled,149,85,95,0,N
P101749,4,2024-02-05,58,Sepsis,14.2,0.6,76,collected,attended,106,83,96,0,N
P101750,1,2024-08-12,72,Sepsis,16.8,-0.8,100,missed,attended,133,83,96,0,N
P101750,2,2024-08-19,72,Sepsis,16.8,-0.3,77,collected,scheduled,161,89,99,0,N
P101750,3,2024-08-26,72,Sepsis,16.8,0.5,84,collected,attended,131,86,97,0,N
P101750,4,2024-09-02,72,Sepsis,16.8,1.2,88,collected,attended,125,73,94,0,N
P101751,1,2024-04-03,66,COPD,26.9,0.1,81,collected,attended,140,76,96,0,N
P101751,2,2024-04-10,66,COPD,26.9,0.5,100,collected,missed,119,83,99,0,N
P101751,3,2024-04-17,66,COPD,26.9,1.1,97,collected,scheduled,118,68,96,0,N
P101751,4,2024-04-24,66,COPD,26.9,0.3,96,collected,scheduled,126,87,96,0,N
P101752,1,2025-03-05,79,Other,19.8,0.2,77,collected,attended,119,81,94,0,N
P101752,2,2025-03-12,79,Other,19.8,1.0,87,collected,attended,116,94,97,0,N
P101752,3,2025-03-19,79,Other,19.8,1.1,69,collected,attended,128,76,96,0,N
P101752,4,2025-03-26,79,Other,19.8,1.1,83,collected,scheduled,154,92,96,0,N
P101753,1,2025-08-22,71,Kidney disease,16.8,1.0,82,collected,attended,109,71,95,1,N
P101753,2,2025-08-29,71,Kidney disease,16.8,1.7,84,collected,attended,145,80,96,1,N
P101753,3,2025-09-05,71,Kidney disease,16.8,2.2,88,collected,attended,141,64,94,1,Y
P101753,4,2025-09-12,71,Kidney disease,16.8,1.3,84,late,attended,124,67,96,1,Y
P101754,1,2024-04-28,91,Diabetes,31.0,-0.3,60,collected,attended,140,66,100,0,N
P101754,2,2024-05-05,91,Diabetes,31.0,0.2,76,late,attended,110,77,100,0,N
P101754,3,2024-05-12,91,Diabetes,31.0,-0.1,81,collected,attended,117,52,97,0,N
P101754,4,2024-05-19,91,Diabetes,31.0,1.1,97,collected,attended,102,72,96,0,N
P101755,1,2024-12-19,77,Heart failure,33.2,-0.5,84,late,scheduled,131,78,94,1,N
P101755,2,2024-12-26,77,Heart failure,33.2,-1.3,77,late,missed,149,91,95,1,N
P101755,3,2025-01-02,77,Heart failure,33.2,-0.8,64,collected,attended,134,102,96,1,Y
P101755,4,2025-01-09,77,Heart failure,33.2,0.0,79,collected,missed,158,83,94,1,Y
P101756,1,2024-09-24,85,Kidney disease,42.6,-0.0,98,collected,scheduled,131,92,97,0,N
P101756,2,2024-10-01,85,Kidney disease,42.6,-0.4,73,collected,scheduled,155,88,93,0,N
P101756,3,2024-10-08,85,Kidney disease,42.6,-0.1,100,collected,attended,157,66,94,0,N
P101756,4,2024-10-15,85,Kidney disease,42.6,-0.8,71,collected,attended,129,77,98,0,N
P101757,1,2025-04-17,87,Other,23.1,-1.0,84,collected,scheduled,137,69,96,0,N
P101757,2,2025-04-24,87,Other,23.1,-1.3,86,collected,missed,142,77,95,0,N
P101757,3,2025-05-01,87,Other,23.1,-1.8,85,collected,attended,132,80,94,0,N
P101757,4,2025-05-08,87,Other,23.1,-2.6,100,collected,scheduled,124,85,98,0,N
P101758,1,2025-05-04,65,Other,15.4,-0.0,100,collected,attended,131,83,95,0,N
P101758,2,2025-05-11,65,Other,15.4,-1.1,80,collected,attended,118,82,97,0,N
P101758,3,2025-05-18,65,Other,15.4,-1.2,84,late,scheduled,119,88,98,0,N
P101758,4,2025-05-25,65,Other,15.4,-1.1,82,collected,attended,120,75,100,0,N
P101759,1,2024-10-07,62,Other,16.8,-0.5,79,collected,scheduled,153,89,96,0,N
P101759,2,2024-10-14,62,Other,16.8,-0.5,82,collected,attended,149,60,97,0,N
P101759,3,2024-10-21,62,Other,16.8,0.2,77,collected,scheduled,114,84,95,0,N
P101759,4,2024-10-28,62,Other,16.8,0.9,69,collected,attended,147,99,99,0,N
P101760,1,2024-11-13,67,Heart failure,19.8,-0.1,88,collected,attended,129,85,94,0,N
P101760,2,2024-11-20,67,Heart failure,19.8,0.2,80,collected,scheduled,126,78,98,0,N
P101760,3,2024-11-27,67,Heart failure,19.8,-0.3,81,collected,attended,112,81,96,0,N
P101760,4,2024-12-04,67,Heart failure,19.8,-0.2,77,collected,attended,125,68,96,0,N
P101761,1,2025-03-02,61,Hip fracture,15.4,0.9,100,collected,attended,165,85,98,0,N
P101761,2,2025-03-09,61,Hip fracture,15.4,0.8,92,collected,attended,150,56,97,0,N
P101761,3,2025-03-16,61,Hip fracture,15.4,-0.0,69,collected,scheduled,125,62,93,0,N
P101761,4,2025-03-23,61,Hip fracture,15.4,0.4,99,missed,attended,142,100,96,0,N
P101762,1,2024-11-23,73,Sepsis,15.4,0.7,87,collected,scheduled,149,85,94,0,N
P101762,2,2024-11-30,73,Sepsis,15.4,0.5,73,late,attended,147,91,94,0,N
P101762,3,2024-12-07,73,Sepsis,15.4,0.6,65,late,scheduled,122,54,96,0,N
P101762,4,2024-12-14,73,Sepsis,15.4,0.1,78,collected,attended,143,90,96,0,N
P101763,1,2024-05-31,60,Sepsis,15.4,0.2,75,collected,attended,149,75,97,0,N
P101763,2,2024-06-07,60,Sepsis,15.4,0.1,75,collected,attended,138,73,97,0,N
P101763,3,2024-06-14,60,Sepsis,15.4,0.6,90,collected,attended,147,71,95,0,N
P101763,4,2024-06-21,60,Sepsis,15.4,0.6,77,late,attended,140,59,97,0,N
P101764,1,2025-06-24,77,Pneumonia,25.0,-0.4,73,collected,scheduled,111,69,98,0,N
P101764,2,2025-07-01,77,Pneumonia,25.0,0.2,78,collected,attended,128,81,96,0,N
P101764,3,2025-07-08,77,Pneumonia,25.0,0.4,88,collected,attended,131,100,93,0,N
P101764,4,2025-07-15,77,Pneumonia,25.0,1.4,90,collected,scheduled,127,82,95,0,N
P101765,1,2024-06-26,88,Kidney disease,28.9,1.3,98,collected,attended,128,74,97,0,N
P101765,2,2024-07-03,88,Kidney disease,28.9,1.2,85,collected,attended,137,87,94,0,N
P101765,3,2024-07-10,88,Kidney disease,28.9,0.6,99,collected,attended,107,66,96,0,N
P101765,4,2024-07-17,88,Kidney disease,28.9,1.5,77,missed,attended,108,83,95,0,N
P101766,1,2024-09-05,58,COPD,11.9,0.1,98,late,scheduled,127,83,96,0,N
P101766,2,2024-09-12,58,COPD,11.9,0.6,98,collected,attended,140,67,95,0,N
P101766,3,2024-09-19,58,COPD,11.9,0.8,100,collected,attended,125,63,99,0,N
P101766,4,2024-09-26,58,COPD,11.9,0.5,86,collected,attended,115,61,98,0,N
P101767,1,2025-07-29,66,Pneumonia,25.0,0.8,89,collected,attended,145,77,95,0,N
P101767,2,2025-08-05,66,Pneumonia,25.0,1.7,82,collected,scheduled,128,98,94,0,N
P101767,3,2025-08-12,66,Pneumonia,25.0,1.3,76,late,attended,142,94,98,0,N
P101767,4,2025-08-19,66,Pneumonia,25.0,1.8,84,collected,scheduled,136,110,94,0,N
P101768,1,2025-08-23,59,Diabetes,15.4,0.5,87,collected,missed,146,76,96,0,N
P101768,2,2025-08-30,59,Diabetes,15.4,1.0,99,collected,missed,133,80,98,0,N
P101768,3,2025-09-06,59,Diabetes,15.4,1.0,96,collected,scheduled,135,78,98,0,N
P101768,4,2025-09-13,59,Diabetes,15.4,0.2,76,collected,attended,99,63,97,0,N
P101769,1,2024-10-30,60,Diabetes,19.8,-0.2,85,collected,attended,137,55,98,0,N
P101769,2,2024-11-06,60,Diabetes,19.8,-1.3,90,collected,attended,142,90,94,0,N
P101769,3,2024-11-13,60,Diabetes,19.8,-2.9,95,collected,attended,149,70,100,0,N
P101769,4,2024-11-20,60,Diabetes,19.8,-3.7,80,collected,attended,139,71,95,0,N
P101770,1,2025-03-18,61,Sepsis,18.2,0.3,87,collected,attended,135,93,97,0,N
P101770,2,2025-03-25,61,Sepsis,18.2,-1.0,90,collected,scheduled,114,86,98,0,N
P101770,3,2025-04-01,61,Sepsis,18.2,-0.8,89,collected,attended,106,78,93,0,N
P101770,4,2025-04-08,61,Sepsis,18.2,-1.7,83,collected,missed,106,87,94,0,N
P101771,1,2025-04-24,73,Stroke,16.8,0.1,94,collected,attended,114,79,93,0,N
P101771,2,2025-05-01,73,Stroke,16.8,0.2,86,collected,attended,150,84,97,0,N
P101771,3,2025-05-08,73,Stroke,16.8,-0.1,98,late,scheduled,129,96,96,0,N
P101771,4,2025-05-15,73,Stroke,16.8,0.2,69,collected,missed,114,62,95,0,N
P101772,1,2025-07-28,71,Pneumonia,26.9,-0.4,100,missed,scheduled,139,83,100,0,N
P101772,2,2025-08-04,71,Pneumonia,26.9,0.1,75,collected,attended,157,83,92,0,N
P101772,3,2025-08-11,71,Pneumonia,26.9,-0.1,74,collected,scheduled,155,67,99,0,N
P101772,4,2025-08-18,71,Pneumonia,26.9,-0.8,95,collected,attended,132,102,95,0,N
P101773,1,2024-08-18,91,Heart failure,26.9,-0.2,64,late,scheduled,138,78,97,0,N
P101773,2,2024-08-25,91,Heart failure,26.9,-0.2,100,collected,attended,159,71,96,0,N
P101773,3,2024-09-01,91,Heart failure,26.9,-0.2,73,collected,attended,148,94,94,0,N
P101773,4,2024-09-08,91,Heart failure,26.9,-0.5,82,missed,attended,148,84,97,0,N
P101774,1,2025-07-11,80,Heart failure,14.2,0.7,71,collected,attended,139,86,96,0,N
P101774,2,2025-07-18,80,Heart failure,14.2,1.0,72,collected,scheduled,144,98,96,0,N
P101774,3,2025-07-25,80,Heart failure,14.2,0.6,67,collected,attended,136,76,94,0,N
P101774,4,2025-08-01,80,Heart failure,14.2,1.5,85,collected,attended,136,91,95,0,N
P101775,1,2024-01-13,67,Stroke,13.0,0.2,97,collected,attended,128,89,100,1,N
P101775,2,2024-01-20,67,Stroke,13.0,0.4,96,collected,scheduled,136,74,96,1,N
P101775,3,2024-01-27,67,Stroke,13.0,0.8,97,collected,attended,125,74,97,1,Y
P101775,4,2024-02-03,67,Stroke,13.0,1.0,70,late,attended,103,68,94,1,Y
P101776,1,2024-04-30,56,Diabetes,23.1,0.7,78,missed,attended,127,69,95,0,N
P101776,2,2024-05-07,56,Diabetes,23.1,1.1,82,collected,scheduled,135,66,96,0,N
P101776,3,2024-05-14,56,Diabetes,23.1,0.8,98,collected,scheduled,137,81,95,0,N
P101776,4,2024-05-21,56,Diabetes,23.1,1.9,79,collected,attended,147,73,99,0,N
P101777,1,2024-10-05,39,COPD,25.0,-0.8,90,collected,attended,128,77,98,0,N
P101777,2,2024-10-12,39,COPD,25.0,-1.5,81,collected,scheduled,107,84,98,0,N
P101777,3,2024-10-19,39,COPD,25.0,-1.8,99,collected,attended,149,76,96,0,N
P101777,4,2024-10-26,39,COPD,25.0,-1.6,84,collected,attended,130,78,94,0,N
P101778,1,2025-06-15,58,Diabetes,28.9,-0.8,94,collected,attended,154,107,96,0,N
P101778,2,2025-06-22,58,Diabetes,28.9,-1.0,82,collected,attended,153,70,97,0,N
P101778,3,2025-06-29,58,Diabetes,28.9,-1.5,81,collected,scheduled,130,73,100,0,N
P101778,4,2025-07-06,58,Diabetes,28.9,-1.6,100,collected,attended,147,78,97,0,N
P101779,1,2024-11-26,83,Kidney disease,14.2,-0.8,93,collected,missed,128,52,98,0,N
P101779,2,2024-12-03,83,Kidney disease,14.2,-0.2,84,collected,attended,128,81,95,0,N
P101779,3,2024-12-10,83,Kidney disease,14.2,-0.7,88,collected,attended,137,70,96,0,N
P101779,4,2024-12-17,83,Kidney disease,14.2,-0.0,100,collected,scheduled,136,71,96,0,N
P101780,1,2025-01-16,68,Sepsis,19.8,0.3,89,collected,attended,155,66,97,0,N
P101780,2,2025-01-23,68,Sepsis,19.8,0.4,68,collected,attended,134,74,98,0,N
P101780,3,2025-01-30,68,Sepsis,19.8,0.3,91,collected,missed,135,97,91,0,N
P101780,4,2025-02-06,68,Sepsis,19.8,-0.2,92,collected,scheduled,140,73,96,0,N
P101781,1,2024-07-12,92,Diabetes,16.8,0.2,75,collected,attended,119,63,94,0,N
P101781,2,2024-07-19,92,Diabetes,16.8,-0.5,100,collected,missed,147,66,96,0,N
P101781,3,2024-07-26,92,Diabetes,16.8,-0.5,100,collected,attended,132,102,96,0,N
P101781,4,2024-08-02,92,Diabetes,16.8,-1.4,92,collected,attended,120,74,95,0,N
P101782,1,2025-01-15,45,Diabetes,14.2,0.9,71,collected,missed,179,85,99,0,N
P101782,2,2025-01-22,45,Diabetes,14.2,2.0,75,collected,attended,142,78,95,0,N
P101782,3,2025-01-29,45,Diabetes,14.2,0.9,89,collected,scheduled,162,78,98,0,N
P101782,4,2025-02-05,45,Diabetes,14.2,0.5,96,late,scheduled,135,73,95,0,N
P101783,1,2024-06-14,44,Diabetes,18.2,0.4,73,collected,attended,121,80,94,0,N
P101783,2,2024-06-21,44,Diabetes,18.2,0.4,80,collected,attended,138,81,97,0,N
P101783,3,2024-06-28,44,Diabetes,18.2,0.7,92,collected,scheduled,143,88,96,0,N
P101783,4,2024-07-05,44,Diabetes,18.2,0.4,78,collected,attended,125,58,96,0,N
P101784,1,2024-11-12,74,COPD,18.2,0.3,80,collected,attended,138,80,98,0,N
P101784,2,2024-11-19,74,COPD,18.2,0.2,79,late,attended,118,83,96,0,N
P101784,3,2024-11-26,74,COPD,18.2,0.1,72,collected,attended,151,60,95,0,N
P101784,4,2024-12-03,74,COPD,18.2,1.0,100,collected,attended,140,101,93,0,N
P101785,1,2024-02-14,52,Other,18.2,-0.4,84,collected,attended,129,82,94,0,N
P101785,2,2024-02-21,52,Other,18.2,-1.0,70,late,attended,144,72,96,0,N
P101785,3,2024-02-28,52,Other,18.2,-1.0,82,collected,attended,126,71,96,0,N
P101785,4,2024-03-06,52,Other,18.2,-0.6,84,collected,attended,128,72,95,0,N
P101786,1,2025-07-03,78,Heart failure,15.4,1.2,89,collected,attended,125,80,96,0,N
P101786,2,2025-07-10,78,Heart failure,15.4,0.8,96,collected,missed,147,63,96,0,N
P101786,3,2025-07-17,78,Heart failure,15.4,0.7,76,missed,scheduled,124,60,93,0,N
P101786,4,2025-07-24,78,Heart failure,15.4,0.6,95,collected,missed,136,110,96,0,N
P101787,1,2025-02-25,72,COPD,15.4,-0.1,80,collected,missed,128,104,100,0,N
P101787,2,2025-03-04,72,COPD,15.4,0.2,100,late,attended,129,83,98,0,N
P101787,3,2025-03-11,72,COPD,15.4,0.6,90,late,attended,112,94,94,0,N
P101787,4,2025-03-18,72,COPD,15.4,0.3,95,collected,scheduled,136,85,97,0,N
P101788,1,2025-01-14,72,Other,19.8,-0.7,100,collected,scheduled,125,70,96,0,N
P101788,2,2025-01-21,72,Other,19.8,-1.5,93,collected,scheduled,152,69,98,0,N
P101788,3,2025-01-28,72,Other,19.8,-0.5,86,collected,attended,123,72,96,0,N
P101788,4,2025-02-04,72,Other,19.8,-0.2,100,collected,missed,141,67,96,0,N
P101789,1,2024-04-06,84,Other,19.8,0.0,92,missed,attended,166,90,95,1,N
P101789,2,2024-04-13,84,Other,19.8,0.8,100,collected,scheduled,153,78,96,1,N
P101789,3,2024-04-20,84,Other,19.8,1.8,68,collected,scheduled,141,91,96,1,Y
P101789,4,2024-04-27,84,Other,19.8,1.6,98,collected,attended,136,98,97,1,Y
P101790,1,2024-06-14,44,Diabetes,11.9,-0.3,76,late,attended,120,75,96,0,N
P101790,2,2024-06-21,44,Diabetes,11.9,-0.9,82,missed,attended,128,59,96,0,N
P101790,3,2024-06-28,44,Diabetes,11.9,-1.1,88,missed,scheduled,141,78,96,0,N
P101790,4,2024-07-05,44,Diabetes,11.9,-0.5,92,collected,attended,145,76,97,0,N
P101791,1,2024-04-06,49,Hip fracture,16.8,-0.1,93,missed,attended,131,96,91,0,N
P101791,2,2024-04-13,49,Hip fracture,16.8,-0.2,94,missed,attended,135,77,95,0,N
P101791,3,2024-04-20,49,Hip fracture,16.8,0.1,79,late,attended,135,71,96,0,N
P101791,4,2024-04-27,49,Hip fracture,16.8,0.6,91,collected,scheduled,154,77,100,0,N
P101792,1,2025-04-01,62,Heart failure,13.0,1.9,80,missed,missed,141,87,97,1,N
P101792,2,2025-04-08,62,Heart failure,13.0,1.7,86,collected,attended,130,89,95,1,N
P101792,3,2025-04-15,62,Heart failure,13.0,1.4,86,late,attended,158,67,98,1,Y
P101792,4,2025-04-22,62,Heart failure,13.0,2.4,88,missed,missed,157,84,94,1,Y
P101793,1,2025-01-13,51,COPD,16.8,0.1,88,missed,attended,137,84,94,0,N
P101793,2,2025-01-20,51,COPD,16.8,-0.5,86,collected,attended,128,83,95,0,N
P101793,3,2025-01-27,51,COPD,16.8,-0.8,93,collected,attended,140,87,94,0,N
P101793,4,2025-02-03,51,COPD,16.8,0.1,87,collected,attended,126,80,96,0,N
P101794,1,2025-02-01,64,Heart failure,19.8,-0.2,96,collected,attended,137,92,96,0,N
P101794,2,2025-02-08,64,Heart failure,19.8,-0.5,99,collected,attended,139,78,95,0,N
P101794,3,2025-02-15,64,Heart failure,19.8,-0.5,81,collected,scheduled,103,80,98,0,N
P101794,4,2025-02-22,64,Heart failure,19.8,-1.3,79,collected,attended,114,96,100,0,N
P101795,1,2024-06-10,96,Kidney disease,25.0,-0.2,92,late,attended,134,65,97,0,N
P101795,2,2024-06-17,96,Kidney disease,25.0,0.5,100,collected,attended,150,61,97,0,N
P101795,3,2024-06-24,96,Kidney disease,25.0,-0.1,95,collected,scheduled,122,81,95,0,N
P101795,4,2024-07-01,96,Kidney disease,25.0,-0.1,69,collected,scheduled,153,75,96,0,N
P101796,1,2024-03-31,64,Other,16.8,-0.2,98,late,attended,146,77,96,0,N
P101796,2,2024-04-07,64,Other,16.8,0.6,100,collected,attended,106,78,95,0,N
P101796,3,2024-04-14,64,Other,16.8,0.2,100,collected,scheduled,140,58,95,0,N
P101796,4,2024-04-21,64,Other,16.8,-0.4,96,collected,scheduled,127,66,95,0,N
P101797,1,2025-01-29,54,Other,26.9,0.4,75,collected,scheduled,132,76,95,0,N
P101797,2,2025-02-05,54,Other,26.9,0.7,78,collected,attended,119,78,96,0,N
P101797,3,2025-02-12,54,Other,26.9,1.0,78,collected,missed,147,56,100,0,N
P101797,4,2025-02-19,54,Other,26.9,0.4,99,collected,attended,124,78,95,0,N
P101798,1,2025-01-17,73,Heart failure,19.8,0.4,88,missed,scheduled,138,80,94,1,N
P101798,2,2025-01-24,73,Heart failure,19.8,0.3,84,collected,attended,112,75,95,1,N
P101798,3,2025-01-31,73,Heart failure,19.8,-0.1,100,collected,attended,143,67,95,1,Y
P101798,4,2025-02-07,73,Heart failure,19.8,-0.3,94,collected,scheduled,133,81,95,1,Y
P101799,1,2025-06-29,65,Kidney disease,16.8,0.5,100,collected,scheduled,122,97,95,0,N
P101799,2,2025-07-06,65,Kidney disease,16.8,-0.5,82,collected,scheduled,115,65,97,0,N
P101799,3,2025-07-13,65,Kidney disease,16.8,-1.1,100,collected,attended,121,81,93,0,N
P101799,4,2025-07-20,65,Kidney disease,16.8,-0.2,82,missed,attended,139,101,97,0,N
P101800,1,2024-10-07,88,Heart failure,28.9,0.0,85,collected,attended,134,83,94,0,N
P101800,2,2024-10-14,88,Heart failure,28.9,0.5,100,collected,attended,136,93,95,0,N
P101800,3,2024-10-21,88,Heart failure,28.9,0.4,73,collected,scheduled,131,90,96,0,N
P101800,4,2024-10-28,88,Heart failure,28.9,-0.1,90,collected,attended,151,81,97,0,N
P101801,1,2024-03-10,88,COPD,25.0,-1.2,84,missed,attended,116,91,94,1,N
P101801,2,2024-03-17,88,COPD,25.0,-1.2,91,late,attended,134,82,93,1,N
P101801,3,2024-03-24,88,COPD,25.0,-1.0,62,late,scheduled,136,74,96,1,Y
P101801,4,2024-03-31,88,COPD,25.0,-1.4,89,collected,missed,170,95,96,1,Y
P101802,1,2024-08-17,74,Pneumonia,18.2,1.1,86,collected,missed,108,94,95,0,N
P101802,2,2024-08-24,74,Pneumonia,18.2,1.4,94,collected,attended,117,73,97,0,N
P101802,3,2024-08-31,74,Pneumonia,18.2,1.5,77,collected,attended,141,69,96,0,N
P101802,4,2024-09-07,74,Pneumonia,18.2,1.2,83,collected,attended,121,103,97,0,N
P101803,1,2024-11-13,67,Other,21.4,0.1,80,collected,scheduled,129,90,99,0,N
P101803,2,2024-11-20,67,Other,21.4,0.7,92,collected,scheduled,146,82,95,0,N
P101803,3,2024-11-27,67,Other,21.4,0.4,83,collected,attended,146,84,96,0,N
P101803,4,2024-12-04,67,Other,21.4,1.4,86,collected,scheduled,137,71,94,0,N
P101804,1,2024-11-07,59,Diabetes,14.2,-0.4,91,collected,attended,120,77,100,0,N
P101804,2,2024-11-14,59,Diabetes,14.2,-1.0,79,missed,scheduled,158,71,97,0,N
P101804,3,2024-11-21,59,Diabetes,14.2,-0.4,98,collected,attended,121,96,95,0,N
P101804,4,2024-11-28,59,Diabetes,14.2,0.4,99,collected,attended,114,71,95,0,N
P101805,1,2025-02-23,66,Stroke,19.8,-0.6,91,late,attended,149,74,99,0,N
P101805,2,2025-03-02,66,Stroke,19.8,-0.2,93,collected,attended,129,77,94,0,N
P101805,3,2025-03-09,66,Stroke,19.8,-0.7,67,collected,missed,137,65,94,0,N
P101805,4,2025-03-16,66,Stroke,19.8,-0.3,85,collected,scheduled,133,92,95,0,N
P101806,1,2025-01-08,61,Other,26.9,1.6,63,late,missed,114,75,95,1,N
P101806,2,2025-01-15,61,Other,26.9,0.4,87,collected,attended,164,92,92,1,N
P101806,3,2025-01-22,61,Other,26.9,-0.2,76,missed,scheduled,158,79,98,1,Y
P101806,4,2025-01-29,61,Other,26.9,0.3,67,missed,missed,129,79,98,1,Y
P101807,1,2025-01-02,81,Pneumonia,19.8,0.6,62,late,missed,141,79,93,1,N
P101807,2,2025-01-09,81,Pneumonia,19.8,0.3,69,late,missed,143,80,95,1,N
P101807,3,2025-01-16,81,Pneumonia,19.8,-0.1,63,collected,attended,173,77,94,1,Y
P101807,4,2025-01-23,81,Pneumonia,19.8,-2.1,55,collected,scheduled,153,75,97,1,Y
P101808,1,2025-04-29,76,Diabetes,25.0,0.5,95,late,missed,180,84,93,0,N
P101808,2,2025-05-06,76,Diabetes,25.0,0.5,71,collected,attended,138,83,95,0,N
P101808,3,2025-05-13,76,Diabetes,25.0,-0.0,81,collected,scheduled,166,76,95,0,N
P101808,4,2025-05-20,76,Diabetes,25.0,0.6,69,collected,attended,150,78,95,0,N
P101809,1,2025-03-15,82,Other,50.0,-0.7,100,collected,attended,146,75,97,0,N
P101809,2,2025-03-22,82,Other,50.0,-0.8,80,collected,attended,153,76,95,0,N
P101809,3,2025-03-29,82,Other,50.0,-1.1,89,collected,scheduled,124,71,100,0,N
P101809,4,2025-04-05,82,Other,50.0,-1.2,97,collected,attended,132,81,96,0,N
P101810,1,2025-07-03,58,Hip fracture,16.8,-0.2,67,collected,scheduled,146,62,98,1,N
P101810,2,2025-07-10,58,Hip fracture,16.8,0.8,59,collected,attended,151,69,98,1,N
P101810,3,2025-07-17,58,Hip fracture,16.8,0.8,82,collected,scheduled,144,92,96,1,Y
P101810,4,2025-07-24,58,Hip fracture,16.8,1.0,76,collected,attended,138,87,94,1,Y
P101811,1,2024-08-28,59,Stroke,18.2,0.1,73,collected,attended,110,84,96,0,N
P101811,2,2024-09-04,59,Stroke,18.2,0.6,80,collected,attended,137,93,96,0,N
P101811,3,2024-09-11,59,Stroke,18.2,0.9,88,collected,attended,122,85,96,0,N
P101811,4,2024-09-18,59,Stroke,18.2,0.1,100,collected,scheduled,125,69,96,0,N
P101812,1,2024-02-02,75,Other,18.2,0.0,85,collected,attended,129,88,95,1,N
P101812,2,2024-02-09,75,Other,18.2,-1.0,87,collected,scheduled,129,75,95,1,N
P101812,3,2024-02-16,75,Other,18.2,-2.1,94,collected,missed,126,67,94,1,Y
P101812,4,2024-02-23,75,Other,18.2,-2.4,96,collected,attended,131,101,95,1,Y
P101813,1,2025-05-01,67,Hip fracture,19.8,0.8,87,collected,missed,152,74,98,0,N
P101813,2,2025-05-08,67,Hip fracture,19.8,0.6,82,late,attended,121,78,98,0,N
P101813,3,2025-05-15,67,Hip fracture,19.8,0.4,94,late,scheduled,112,87,95,0,N
P101813,4,2025-05-22,67,Hip fracture,19.8,0.6,87,collected,attended,130,81,99,0,N
P101814,1,2025-01-01,65,Sepsis,15.4,-0.2,92,collected,attended,129,86,97,0,N
P101814,2,2025-01-08,65,Sepsis,15.4,-0.5,99,collected,attended,134,67,97,0,N
P101814,3,2025-01-15,65,Sepsis,15.4,0.6,94,collected,attended,125,79,94,0,N
P101814,4,2025-01-22,65,Sepsis,15.4,1.5,87,collected,attended,130,54,97,0,N
P101815,1,2025-07-26,65,Hip fracture,11.9,-0.6,82,collected,scheduled,133,68,94,0,N
P101815,2,2025-08-02,65,Hip fracture,11.9,-0.1,61,collected,attended,141,99,94,0,N
P101815,3,2025-08-09,65,Hip fracture,11.9,-0.2,66,missed,attended,129,82,97,0,N
P101815,4,2025-08-16,65,Hip fracture,11.9,-0.1,85,collected,attended,111,87,94,0,N
P101816,1,2024-04-22,51,Pneumonia,13.0,0.2,91,missed,scheduled,145,60,94,0,N
P101816,2,2024-04-29,51,Pneumonia,13.0,0.5,77,collected,scheduled,126,91,97,0,N
P101816,3,2024-05-06,51,Pneumonia,13.0,0.1,87,late,attended,147,80,97,0,N
P101816,4,2024-05-13,51,Pneumonia,13.0,0.1,88,collected,attended,141,82,93,0,N
P101817,1,2025-04-30,44,Pneumonia,16.8,0.4,86,collected,scheduled,126,110,95,0,N
P101817,2,2025-05-07,44,Pneumonia,16.8,0.7,76,collected,scheduled,158,83,98,0,N
P101817,3,2025-05-14,44,Pneumonia,16.8,1.2,82,missed,attended,145,84,94,0,N
P101817,4,2025-05-21,44,Pneumonia,16.8,0.8,72,missed,attended,143,89,96,0,N
P101818,1,2024-11-21,67,Pneumonia,16.8,-0.3,100,collected,scheduled,139,64,98,0,N
P101818,2,2024-11-28,67,Pneumonia,16.8,-0.7,100,collected,attended,126,91,96,0,N
P101818,3,2024-12-05,67,Pneumonia,16.8,-0.8,92,collected,scheduled,119,68,97,0,N
P101818,4,2024-12-12,67,Pneumonia,16.8,-1.1,86,late,attended,134,75,95,0,N
P101819,1,2025-05-29,71,Other,21.4,-0.3,78,collected,attended,139,85,94,0,N
P101819,2,2025-06-05,71,Other,21.4,-0.3,76,collected,attended,127,80,97,0,N
P101819,3,2025-06-12,71,Other,21.4,-0.8,73,collected,attended,131,82,98,0,N
P101819,4,2025-06-19,71,Other,21.4,-1.0,89,late,attended,129,92,99,0,N
P101820,1,2025-07-04,77,COPD,28.9,-0.5,80,late,attended,132,90,95,0,N
P101820,2,2025-07-11,77,COPD,28.9,-0.2,75,missed,attended,122,77,98,0,N
P101820,3,2025-07-18,77,COPD,28.9,0.3,91,collected,attended,141,88,95,0,N
P101820,4,2025-07-25,77,COPD,28.9,0.6,85,collected,attended,119,69,99,0,N
P101821,1,2025-06-05,76,Kidney disease,42.6,0.1,90,collected,attended,132,72,94,1,N
P101821,2,2025-06-12,76,Kidney disease,42.6,-0.2,97,collected,scheduled,152,62,96,1,N
P101821,3,2025-06-19,76,Kidney disease,42.6,-0.3,80,collected,attended,154,78,98,1,Y
P101821,4,2025-06-26,76,Kidney disease,42.6,-0.4,72,collected,missed,114,76,95,1,Y
P101822,1,2024-05-05,75,Other,42.6,0.2,100,collected,attended,124,81,100,0,N
P101822,2,2024-05-12,75,Other,42.6,-0.9,85,collected,scheduled,149,76,94,0,N
P101822,3,2024-05-19,75,Other,42.6,-0.3,79,collected,scheduled,143,75,97,0,N
P101822,4,2024-05-26,75,Other,42.6,-1.4,97,late,attended,127,56,94,0,N
P101823,1,2025-01-12,39,Diabetes,16.8,0.5,100,collected,scheduled,114,75,97,0,N
P101823,2,2025-01-19,39,Diabetes,16.8,0.0,95,collected,missed,128,83,95,0,N
P101823,3,2025-01-26,39,Diabetes,16.8,0.4,80,collected,attended,155,76,99,0,N
P101823,4,2025-02-02,39,Diabetes,16.8,1.7,74,collected,attended,127,77,98,0,N
P101824,1,2024-11-18,68,Hip fracture,19.8,-0.5,77,collected,scheduled,138,78,96,1,N
P101824,2,2024-11-25,68,Hip fracture,19.8,1.6,81,late,attended,113,53,96,1,N
P101824,3,2024-12-02,68,Hip fracture,19.8,2.2,97,collected,attended,138,83,97,1,Y
P101824,4,2024-12-09,68,Hip fracture,19.8,3.6,90,collected,scheduled,140,71,97,1,Y
P101825,1,2024-12-23,89,Heart failure,31.0,0.5,76,collected,attended,140,71,94,1,N
P101825,2,2024-12-30,89,Heart failure,31.0,0.2,56,collected,missed,166,88,96,1,N
P101825,3,2025-01-06,89,Heart failure,31.0,1.3,77,collected,scheduled,176,96,95,1,Y
P101825,4,2025-01-13,89,Heart failure,31.0,1.0,61,late,scheduled,153,84,99,1,Y
P101826,1,2024-01-12,78,Stroke,25.0,0.2,96,collected,attended,117,79,96,1,N
P101826,2,2024-01-19,78,Stroke,25.0,-0.6,91,collected,attended,115,81,96,1,N
P101826,3,2024-01-26,78,Stroke,25.0,-1.6,80,late,attended,155,92,94,1,Y
P101826,4,2024-02-02,78,Stroke,25.0,-0.7,90,collected,scheduled,142,91,95,1,Y
P101827,1,2024-04-18,47,Other,11.9,0.4,83,collected,scheduled,123,89,95,1,N
P101827,2,2024-04-25,47,Other,11.9,0.9,71,collected,attended,129,98,94,1,N
P101827,3,2024-05-02,47,Other,11.9,1.4,74,collected,scheduled,125,75,96,1,Y
P101827,4,2024-05-09,47,Other,11.9,0.6,68,collected,scheduled,133,94,98,1,Y
P101828,1,2025-08-08,61,Diabetes,18.2,0.8,85,collected,attended,127,108,97,0,N
P101828,2,2025-08-15,61,Diabetes,18.2,1.9,90,collected,attended,140,82,96,0,N
P101828,3,2025-08-22,61,Diabetes,18.2,2.1,80,collected,attended,134,73,95,0,N
P101828,4,2025-08-29,61,Diabetes,18.2,2.5,88,missed,attended,114,73,95,0,N
P101829,1,2024-11-01,70,Sepsis,19.8,-0.6,96,collected,scheduled,143,91,96,1,N
P101829,2,2024-11-08,70,Sepsis,19.8,-0.4,100,missed,scheduled,136,67,98,1,N
P101829,3,2024-11-15,70,Sepsis,19.8,-0.6,77,missed,attended,137,79,93,1,Y
P101829,4,2024-11-22,70,Sepsis,19.8,-0.4,80,collected,scheduled,131,66,98,1,Y
P101830,1,2024-01-16,58,Sepsis,13.0,-0.3,66,collected,attended,136,80,97,0,N
P101830,2,2024-01-23,58,Sepsis,13.0,-0.1,79,late,missed,162,96,94,0,N
P101830,3,2024-01-30,58,Sepsis,13.0,0.3,66,missed,attended,164,87,95,0,N
P101830,4,2024-02-06,58,Sepsis,13.0,0.3,79,late,missed,145,73,95,0,N
P101831,1,2025-05-15,48,Pneumonia,13.0,-0.1,81,collected,attended,134,83,93,0,N
P101831,2,2025-05-22,48,Pneumonia,13.0,-0.1,85,collected,scheduled,133,65,93,0,N
P101831,3,2025-05-29,48,Pneumonia,13.0,-0.1,87,collected,scheduled,110,56,97,0,N
P101831,4,2025-06-05,48,Pneumonia,13.0,-1.1,90,collected,scheduled,126,61,94,0,N
P101832,1,2025-03-31,87,Sepsis,31.0,-0.5,85,late,missed,151,63,95,1,N
P101832,2,2025-04-07,87,Sepsis,31.0,-1.1,91,collected,attended,116,71,99,1,N
P101832,3,2025-04-14,87,Sepsis,31.0,-1.0,74,collected,missed,138,112,98,1,Y
P101832,4,2025-04-21,87,Sepsis,31.0,-1.3,63,missed,attended,125,80,97,1,Y
P101833,1,2024-02-24,58,COPD,13.0,0.7,83,collected,attended,107,92,99,0,N
P101833,2,2024-03-02,58,COPD,13.0,0.0,81,collected,attended,117,73,95,0,N
P101833,3,2024-03-09,58,COPD,13.0,-1.3,95,collected,attended,154,77,99,0,N
P101833,4,2024-03-16,58,COPD,13.0,-1.7,100,collected,attended,117,95,96,0,N
P101834,1,2025-06-22,93,Pneumonia,26.9,1.0,79,missed,attended,116,79,95,1,N
P101834,2,2025-06-29,93,Pneumonia,26.9,-0.9,71,collected,scheduled,154,96,96,1,N
P101834,3,2025-07-06,93,Pneumonia,26.9,-1.0,82,collected,scheduled,122,86,92,1,Y
P101834,4,2025-07-13,93,Pneumonia,26.9,-0.5,76,collected,scheduled,159,93,95,1,Y
P101835,1,2025-08-02,57,Stroke,14.2,-1.1,88,late,attended,116,89,95,0,N
P101835,2,2025-08-09,57,Stroke,14.2,-0.7,77,collected,attended,124,80,97,0,N
P101835,3,2025-08-16,57,Stroke,14.2,-1.2,84,collected,missed,118,95,97,0,N
P101835,4,2025-08-23,57,Stroke,14.2,-1.4,91,collected,attended,128,82,94,0,N
P101836,1,2024-12-08,73,Sepsis,15.4,0.6,73,collected,attended,130,75,97,0,N
P101836,2,2024-12-15,73,Sepsis,15.4,-0.7,96,collected,attended,120,98,95,0,N
P101836,3,2024-12-22,73,Sepsis,15.4,-0.5,91,collected,attended,135,64,100,0,N
P101836,4,2024-12-29,73,Sepsis,15.4,-0.7,83,collected,attended,111,76,97,0,N
P101837,1,2025-03-22,70,Other,25.0,1.2,80,missed,scheduled,147,68,97,0,N
P101837,2,2025-03-29,70,Other,25.0,1.1,94,collected,attended,124,94,94,0,N
P101837,3,2025-04-05,70,Other,25.0,0.9,88,collected,scheduled,139,95,95,0,N
P101837,4,2025-04-12,70,Other,25.0,0.7,87,collected,attended,140,89,98,0,N
P101838,1,2024-06-07,92,Stroke,25.0,-1.1,86,collected,attended,125,89,93,0,N
P101838,2,2024-06-14,92,Stroke,25.0,-1.2,95,collected,attended,127,73,98,0,N
P101838,3,2024-06-21,92,Stroke,25.0,-0.8,100,collected,attended,138,103,93,0,N
P101838,4,2024-06-28,92,Stroke,25.0,-0.6,87,collected,attended,140,81,94,0,N
P101839,1,2024-03-05,45,Pneumonia,11.9,-0.0,63,collected,missed,120,83,96,0,N
P101839,2,2024-03-12,45,Pneumonia,11.9,-0.9,99,collected,attended,126,88,94,0,N
P101839,3,2024-03-19,45,Pneumonia,11.9,-0.9,90,late,missed,123,69,96,0,N
P101839,4,2024-03-26,45,Pneumonia,11.9,-0.7,92,collected,missed,146,60,94,0,N
P101840,1,2025-04-01,74,Other,14.2,0.3,94,late,attended,137,58,96,0,N
P101840,2,2025-04-08,74,Other,14.2,0.1,90,collected,scheduled,152,85,95,0,N
P101840,3,2025-04-15,74,Other,14.2,0.3,71,collected,scheduled,153,80,98,0,N
P101840,4,2025-04-22,74,Other,14.2,0.4,98,collected,missed,141,72,97,0,N
P101841,1,2025-03-28,76,Kidney disease,26.9,-0.2,100,collected,attended,141,68,96,0,N
P101841,2,2025-04-04,76,Kidney disease,26.9,-0.2,86,collected,attended,157,64,97,0,N
P101841,3,2025-04-11,76,Kidney disease,26.9,-0.1,87,collected,attended,126,96,96,0,N
P101841,4,2025-04-18,76,Kidney disease,26.9,-0.6,94,collected,scheduled,134,78,97,0,N
P101842,1,2025-04-01,60,COPD,18.2,0.2,100,collected,attended,117,85,96,0,N
P101842,2,2025-04-08,60,COPD,18.2,0.2,94,collected,scheduled,121,68,97,0,N
P101842,3,2025-04-15,60,COPD,18.2,0.4,89,collected,scheduled,143,87,96,0,N
P101842,4,2025-04-22,60,COPD,18.2,0.6,100,collected,attended,105,84,93,0,N
P101843,1,2024-06-11,88,Heart failure,18.2,0.9,90,collected,missed,133,103,97,1,N
P101843,2,2024-06-18,88,Heart failure,18.2,1.6,93,collected,scheduled,136,81,92,1,N
P101843,3,2024-06-25,88,Heart failure,18.2,1.2,89,collected,scheduled,109,91,97,1,Y
P101843,4,2024-07-02,88,Heart failure,18.2,0.3,99,collected,attended,130,90,95,1,Y
P101844,1,2025-05-11,67,Sepsis,13.0,0.3,85,missed,scheduled,159,85,96,0,N
P101844,2,2025-05-18,67,Sepsis,13.0,0.3,87,collected,missed,151,67,97,0,N
P101844,3,2025-05-25,67,Sepsis,13.0,0.4,84,missed,scheduled,140,61,94,0,N
P101844,4,2025-06-01,67,Sepsis,13.0,1.3,64,collected,attended,145,76,95,0,N
P101845,1,2025-03-14,76,Heart failure,25.0,-0.3,98,collected,attended,130,75,96,0,N
P101845,2,2025-03-21,76,Heart failure,25.0,-0.2,78,collected,attended,145,83,96,0,N
P101845,3,2025-03-28,76,Heart failure,25.0,-1.0,95,collected,attended,131,66,97,0,N
P101845,4,2025-04-04,76,Heart failure,25.0,-1.2,93,collected,attended,137,82,94,0,N
P101846,1,2025-08-01,59,Heart failure,13.0,0.4,90,collected,attended,109,62,94,0,N
P101846,2,2025-08-08,59,Heart failure,13.0,0.1,100,late,attended,145,69,96,0,N
P101846,3,2025-08-15,59,Heart failure,13.0,0.1,87,collected,attended,137,100,95,0,N
P101846,4,2025-08-22,59,Heart failure,13.0,-0.7,82,collected,attended,129,84,95,0,N
P101847,1,2024-03-31,27,Hip fracture,11.9,0.9,83,collected,attended,130,94,94,1,N
P101847,2,2024-04-07,27,Hip fracture,11.9,2.0,84,collected,attended,139,86,95,1,N
P101847,3,2024-04-14,27,Hip fracture,11.9,2.5,73,late,attended,134,88,98,1,Y
P101847,4,2024-04-21,27,Hip fracture,11.9,2.1,78,collected,scheduled,137,99,96,1,Y
P101848,1,2024-05-12,100,Heart failure,26.9,0.1,76,collected,attended,143,92,96,0,N
P101848,2,2024-05-19,100,Heart failure,26.9,-0.6,98,collected,attended,139,75,94,0,N
P101848,3,2024-05-26,100,Heart failure,26.9,-0.7,85,collected,scheduled,123,76,97,0,N
P101848,4,2024-06-02,100,Heart failure,26.9,-0.6,97,collected,attended,141,87,99,0,N
P101849,1,2025-03-25,78,Kidney disease,14.2,-0.6,96,collected,scheduled,156,90,97,0,N
P101849,2,2025-04-01,78,Kidney disease,14.2,-0.7,100,collected,attended,148,63,94,0,N
P101849,3,2025-04-08,78,Kidney disease,14.2,-1.1,100,collected,attended,151,83,98,0,N
P101849,4,2025-04-15,78,Kidney disease,14.2,-0.9,99,late,attended,119,84,94,0,N
P101850,1,2025-02-13,58,Pneumonia,14.2,1.2,80,collected,scheduled,123,95,93,0,N
P101850,2,2025-02-20,58,Pneumonia,14.2,1.1,86,collected,attended,131,76,99,0,N
P101850,3,2025-02-27,58,Pneumonia,14.2,2.0,76,collected,attended,128,78,98,0,N
P101850,4,2025-03-06,58,Pneumonia,14.2,2.4,89,collected,attended,133,92,95,0,N
P101851,1,2025-06-21,69,Other,15.4,0.4,87,collected,attended,120,84,95,0,N
P101851,2,2025-06-28,69,Other,15.4,0.1,92,collected,missed,127,87,96,0,N
P101851,3,2025-07-05,69,Other,15.4,0.6,77,collected,attended,139,82,97,0,N
P101851,4,2025-07-12,69,Other,15.4,1.5,82,late,attended,129,75,95,0,N
P101852,1,2024-10-26,82,Hip fracture,16.8,-0.3,90,late,scheduled,146,86,99,0,N
P101852,2,2024-11-02,82,Hip fracture,16.8,-0.8,45,collected,attended,143,77,98,0,N
P101852,3,2024-11-09,82,Hip fracture,16.8,-1.0,63,collected,missed,145,88,95,0,N
P101852,4,2024-11-16,82,Hip fracture,16.8,-0.5,70,collected,scheduled,142,89,97,0,N
P101853,1,2024-05-19,61,Diabetes,16.8,-0.6,98,collected,attended,151,92,94,0,N
P101853,2,2024-05-26,61,Diabetes,16.8,-1.3,97,collected,scheduled,146,95,96,0,N
P101853,3,2024-06-02,61,Diabetes,16.8,-2.3,94,collected,missed,121,96,93,0,N
P101853,4,2024-06-09,61,Diabetes,16.8,-3.7,100,late,attended,128,84,97,0,N
P101854,1,2024-12-16,91,Hip fracture,21.4,-0.1,67,collected,missed,144,89,94,1,N
P101854,2,2024-12-23,91,Hip fracture,21.4,-1.2,74,collected,missed,141,100,97,1,N
P101854,3,2024-12-30,91,Hip fracture,21.4,-2.0,91,collected,attended,159,64,98,1,Y
P101854,4,2025-01-06,91,Hip fracture,21.4,-1.1,92,collected,attended,141,73,95,1,Y
P101855,1,2025-05-31,64,Diabetes,14.2,0.7,91,collected,attended,139,90,97,0,N
P101855,2,2025-06-07,64,Diabetes,14.2,0.3,100,collected,attended,157,79,99,0,N
P101855,3,2025-06-14,64,Diabetes,14.2,-0.0,99,late,scheduled,133,111,96,0,N
P101855,4,2025-06-21,64,Diabetes,14.2,0.1,83,collected,scheduled,149,60,98,0,N
P101856,1,2025-07-03,89,COPD,35.4,-0.1,85,late,attended,141,77,97,1,N
P101856,2,2025-07-10,89,COPD,35.4,0.4,98,late,scheduled,124,78,94,1,N
P101856,3,2025-07-17,89,COPD,35.4,-0.6,97,collected,attended,118,80,95,1,Y
P101856,4,2025-07-24,89,COPD,35.4,0.1,100,late,scheduled,151,83,94,1,Y
P101857,1,2024-05-06,60,Hip fracture,15.4,-0.7,100,late,missed,167,59,96,0,N
P101857,2,2024-05-13,60,Hip fracture,15.4,-1.3,100,collected,attended,152,101,99,0,N
P101857,3,2024-05-20,60,Hip fracture,15.4,-1.3,84,late,attended,151,81,98,0,N
P101857,4,2024-05-27,60,Hip fracture,15.4,-1.1,100,collected,attended,94,83,95,0,N
P101858,1,2025-05-22,53,Kidney disease,13.0,0.3,89,collected,attended,138,80,94,1,N
P101858,2,2025-05-29,53,Kidney disease,13.0,-0.4,96,collected,attended,133,89,95,1,N
P101858,3,2025-06-05,53,Kidney disease,13.0,-0.3,94,collected,missed,114,73,97,1,Y
P101858,4,2025-06-12,53,Kidney disease,13.0,0.1,81,collected,scheduled,133,86,95,1,Y
P101859,1,2025-08-03,78,Kidney disease,28.9,0.1,100,collected,attended,150,80,96,0,N
P101859,2,2025-08-10,78,Kidney disease,28.9,0.9,100,collected,attended,141,88,96,0,N
P101859,3,2025-08-17,78,Kidney disease,28.9,1.0,90,collected,attended,141,93,96,0,N
P101859,4,2025-08-24,78,Kidney disease,28.9,0.6,97,collected,scheduled,117,67,92,0,N
P101860,1,2024-03-16,79,Heart failure,19.8,0.7,76,collected,attended,130,87,94,0,N
P101860,2,2024-03-23,79,Heart failure,19.8,1.0,100,collected,attended,127,72,97,0,N
P101860,3,2024-03-30,79,Heart failure,19.8,1.6,85,collected,scheduled,138,79,96,0,N
P101860,4,2024-04-06,79,Heart failure,19.8,2.2,80,collected,attended,118,64,96,0,N
P101861,1,2024-01-10,59,Other,16.8,0.6,96,collected,scheduled,140,91,95,1,N
P101861,2,2024-01-17,59,Other,16.8,0.3,93,collected,attended,130,83,95,1,N
P101861,3,2024-01-24,59,Other,16.8,1.6,76,collected,scheduled,155,61,95,1,Y
P101861,4,2024-01-31,59,Other,16.8,2.3,92,collected,attended,140,76,100,1,Y
P101862,1,2025-08-15,91,Diabetes,33.2,0.1,75,collected,scheduled,117,73,96,0,N
P101862,2,2025-08-22,91,Diabetes,33.2,-0.1,90,collected,attended,164,78,93,0,N
P101862,3,2025-08-29,91,Diabetes,33.2,0.1,98,collected,attended,136,72,94,0,N
P101862,4,2025-09-05,91,Diabetes,33.2,0.9,78,collected,scheduled,149,79,98,0,N
P101863,1,2024-06-30,58,Pneumonia,14.2,-0.1,94,collected,missed,133,88,97,0,N
P101863,2,2024-07-07,58,Pneumonia,14.2,-0.5,67,collected,attended,138,81,95,0,N
P101863,3,2024-07-14,58,Pneumonia,14.2,0.5,59,collected,attended,140,90,95,0,N
P101863,4,2024-07-21,58,Pneumonia,14.2,-0.4,69,late,attended,137,100,93,0,N
P101864,1,2025-07-16,54,Hip fracture,15.4,0.7,92,collected,attended,141,73,97,0,N
P101864,2,2025-07-23,54,Hip fracture,15.4,0.0,94,collected,attended,146,84,94,0,N
P101864,3,2025-07-30,54,Hip fracture,15.4,-1.0,100,collected,attended,160,101,96,0,N
P101864,4,2025-08-06,54,Hip fracture,15.4,-1.5,82,collected,attended,163,96,97,0,N
P101865,1,2025-03-11,73,Stroke,28.9,-0.6,92,collected,attended,145,76,97,0,N
P101865,2,2025-03-18,73,Stroke,28.9,0.0,80,late,scheduled,161,56,95,0,N
P101865,3,2025-03-25,73,Stroke,28.9,-0.4,94,collected,scheduled,161,79,93,0,N
P101865,4,2025-04-01,73,Stroke,28.9,-0.7,84,collected,scheduled,120,85,96,0,N
P101866,1,2025-04-05,58,Hip fracture,23.1,-0.1,93,collected,attended,135,100,97,0,N
P101866,2,2025-04-12,58,Hip fracture,23.1,0.2,78,collected,attended,167,65,96,0,N
P101866,3,2025-04-19,58,Hip fracture,23.1,0.4,89,collected,scheduled,149,66,97,0,N
P101866,4,2025-04-26,58,Hip fracture,23.1,-0.3,91,missed,missed,103,75,97,0,N
P101867,1,2025-04-18,77,Hip fracture,23.1,-0.2,98,collected,attended,116,89,95,0,N
P101867,2,2025-04-25,77,Hip fracture,23.1,-0.2,85,late,scheduled,151,86,94,0,N
P101867,3,2025-05-02,77,Hip fracture,23.1,0.2,94,late,attended,134,82,98,0,N
P101867,4,2025-05-09,77,Hip fracture,23.1,0.4,86,late,missed,145,80,95,0,N
P101868,1,2025-03-08,85,Other,31.0,-0.5,80,collected,attended,141,64,96,0,N
P101868,2,2025-03-15,85,Other,31.0,-0.5,95,collected,attended,151,97,97,0,N
P101868,3,2025-03-22,85,Other,31.0,-0.5,82,collected,scheduled,124,72,95,0,N
P101868,4,2025-03-29,85,Other,31.0,-0.2,83,collected,scheduled,138,75,94,0,N
P101869,1,2025-03-17,78,Stroke,15.4,-0.4,89,late,attended,133,85,97,0,N
P101869,2,2025-03-24,78,Stroke,15.4,-0.6,82,collected,scheduled,124,92,93,0,N
P101869,3,2025-03-31,78,Stroke,15.4,-0.9,86,collected,missed,131,89,97,0,N
P101869,4,2025-04-07,78,Stroke,15.4,-1.6,84,late,scheduled,119,86,95,0,N
P101870,1,2024-01-10,84,Heart failure,23.1,-0.4,95,collected,attended,128,89,94,0,N
P101870,2,2024-01-17,84,Heart failure,23.1,-0.7,90,late,missed,114,81,98,0,N
P101870,3,2024-01-24,84,Heart failure,23.1,-1.1,100,collected,scheduled,161,76,96,0,N
P101870,4,2024-01-31,84,Heart failure,23.1,-1.4,85,late,attended,128,90,93,0,N
P101871,1,2024-09-26,51,Hip fracture,13.0,-1.1,100,collected,missed,147,80,95,0,N
P101871,2,2024-10-03,51,Hip fracture,13.0,-2.1,86,collected,attended,113,65,94,0,N
P101871,3,2024-10-10,51,Hip fracture,13.0,-2.6,79,collected,attended,146,80,97,0,N
P101871,4,2024-10-17,51,Hip fracture,13.0,-2.1,83,collected,attended,159,74,97,0,N
P101872,1,2024-04-12,83,Diabetes,18.2,0.9,80,collected,scheduled,94,85,99,0,N
P101872,2,2024-04-19,83,Diabetes,18.2,1.7,87,collected,attended,154,67,91,0,N
P101872,3,2024-04-26,83,Diabetes,18.2,2.4,100,missed,attended,113,63,96,0,N
P101872,4,2024-05-03,83,Diabetes,18.2,2.9,81,collected,attended,123,83,96,0,N
P101873,1,2024-06-05,70,Other,13.0,-0.0,99,collected,missed,113,64,96,1,N
P101873,2,2024-06-12,70,Other,13.0,-0.4,89,collected,missed,147,51,98,1,N
P101873,3,2024-06-19,70,Other,13.0,-0.1,85,collected,scheduled,137,77,97,1,Y
P101873,4,2024-06-26,70,Other,13.0,0.6,83,collected,scheduled,139,72,97,1,Y
P101874,1,2024-04-25,91,Diabetes,37.8,-0.5,81,late,attended,153,84,93,1,N
P101874,2,2024-05-02,91,Diabetes,37.8,-0.6,86,missed,attended,123,92,96,1,N
P101874,3,2024-05-09,91,Diabetes,37.8,-0.4,75,collected,attended,159,79,99,1,Y
P101874,4,2024-05-16,91,Diabetes,37.8,-0.1,76,late,attended,130,68,95,1,Y
P101875,1,2024-10-27,75,Other,18.2,-0.1,85,missed,attended,121,83,94,0,N
P101875,2,2024-11-03,75,Other,18.2,-0.5,87,collected,scheduled,126,93,95,0,N
P101875,3,2024-11-10,75,Other,18.2,-0.1,94,collected,attended,120,89,97,0,N
P101875,4,2024-11-17,75,Other,18.2,-0.0,100,collected,scheduled,148,84,96,0,N
P101876,1,2025-04-01,75,Heart failure,23.1,0.4,100,collected,attended,116,54,97,1,N
P101876,2,2025-04-08,75,Heart failure,23.1,0.3,84,collected,attended,148,75,96,1,N
P101876,3,2025-04-15,75,Heart failure,23.1,-0.0,100,collected,attended,125,87,100,1,Y
P101876,4,2025-04-22,75,Heart failure,23.1,-0.1,83,collected,missed,145,73,95,1,Y
P101877,1,2024-09-21,44,Diabetes,18.2,0.3,67,late,missed,135,77,94,0,N
P101877,2,2024-09-28,44,Diabetes,18.2,1.1,56,collected,missed,124,88,97,0,N
P101877,3,2024-10-05,44,Diabetes,18.2,1.1,73,collected,attended,143,81,100,0,N
P101877,4,2024-10-12,44,Diabetes,18.2,0.4,85,collected,scheduled,128,94,96,0,N
P101878,1,2024-03-18,58,Heart failure,16.8,-0.6,70,collected,attended,132,94,99,0,N
P101878,2,2024-03-25,58,Heart failure,16.8,-0.5,100,collected,scheduled,154,71,99,0,N
P101878,3,2024-04-01,58,Heart failure,16.8,0.0,81,collected,scheduled,145,72,96,0,N
P101878,4,2024-04-08,58,Heart failure,16.8,-0.1,100,collected,attended,134,71,97,0,N
P101879,1,2024-01-25,57,Diabetes,21.4,-1.3,85,collected,attended,115,83,95,0,N
P101879,2,2024-02-01,57,Diabetes,21.4,-0.9,84,collected,attended,135,73,96,0,N
P101879,3,2024-02-08,57,Diabetes,21.4,-1.2,88,collected,attended,126,72,95,0,N
P101879,4,2024-02-15,57,Diabetes,21.4,-0.9,99,collected,attended,144,81,97,0,N
P101880,1,2024-04-14,45,Sepsis,11.9,-0.0,93,late,scheduled,125,92,96,0,N
P101880,2,2024-04-21,45,Sepsis,11.9,-0.2,99,missed,attended,138,91,94,0,N
P101880,3,2024-04-28,45,Sepsis,11.9,0.0,71,collected,attended,131,92,96,0,N
P101880,4,2024-05-05,45,Sepsis,11.9,1.7,80,collected,missed,101,81,97,0,N
P101881,1,2024-05-18,62,Diabetes,15.4,-0.2,88,collected,attended,154,91,95,0,N
P101881,2,2024-05-25,62,Diabetes,15.4,0.7,89,late,attended,143,86,96,0,N
P101881,3,2024-06-01,62,Diabetes,15.4,1.9,80,collected,missed,146,85,97,0,N
P101881,4,2024-06-08,62,Diabetes,15.4,2.6,85,collected,attended,157,64,94,0,N
P101882,1,2025-07-21,52,Heart failure,14.2,0.2,80,late,scheduled,147,85,95,1,N
P101882,2,2025-07-28,52,Heart failure,14.2,0.4,76,collected,attended,134,86,96,1,N
P101882,3,2025-08-04,52,Heart failure,14.2,1.8,71,late,missed,140,96,92,1,Y
P101882,4,2025-08-11,52,Heart failure,14.2,2.3,89,collected,missed,115,91,96,1,Y
P101883,1,2025-05-19,54,Kidney disease,15.4,-0.4,80,collected,attended,127,78,96,0,N
P101883,2,2025-05-26,54,Kidney disease,15.4,-1.5,96,collected,attended,157,91,97,0,N
P101883,3,2025-06-02,54,Kidney disease,15.4,-1.6,79,collected,attended,109,86,95,0,N
P101883,4,2025-06-09,54,Kidney disease,15.4,-0.9,94,collected,scheduled,128,80,94,0,N
P101884,1,2025-01-25,55,Other,14.2,2.0,78,collected,attended,147,59,97,0,N
P101884,2,2025-02-01,55,Other,14.2,3.3,95,collected,attended,133,57,94,0,N
P101884,3,2025-02-08,55,Other,14.2,2.7,100,collected,attended,133,74,92,0,N
P101884,4,2025-02-15,55,Other,14.2,3.1,87,late,attended,140,96,99,0,N
P101885,1,2024-01-22,89,Pneumonia,21.4,-0.2,100,collected,attended,138,68,95,1,N
P101885,2,2024-01-29,89,Pneumonia,21.4,0.0,83,collected,attended,131,73,96,1,N
P101885,3,2024-02-05,89,Pneumonia,21.4,0.6,94,collected,missed,128,75,96,1,Y
P101885,4,2024-02-12,89,Pneumonia,21.4,1.2,98,late,attended,116,78,96,1,Y
P101886,1,2024-12-04,77,Sepsis,15.4,-0.5,99,collected,scheduled,163,103,95,1,N
P101886,2,2024-12-11,77,Sepsis,15.4,-0.4,65,collected,attended,116,79,98,1,N
P101886,3,2024-12-18,77,Sepsis,15.4,-0.2,83,missed,attended,129,77,97,1,Y
P101886,4,2024-12-25,77,Sepsis,15.4,-0.1,69,collected,scheduled,128,66,94,1,Y
P101887,1,2025-06-28,58,Hip fracture,18.2,0.7,82,collected,attended,138,70,95,0,N
P101887,2,2025-07-05,58,Hip fracture,18.2,0.3,97,collected,attended,149,77,94,0,N
P101887,3,2025-07-12,58,Hip fracture,18.2,-0.1,85,collected,attended,107,91,97,0,N
P101887,4,2025-07-19,58,Hip fracture,18.2,-0.4,87,collected,scheduled,113,101,96,0,N
P101888,1,2025-03-03,84,Pneumonia,35.4,-0.1,100,collected,scheduled,119,71,95,0,N
P101888,2,2025-03-10,84,Pneumonia,35.4,-0.2,93,collected,attended,139,86,92,0,N
P101888,3,2025-03-17,84,Pneumonia,35.4,0.1,100,collected,scheduled,160,85,95,0,N
P101888,4,2025-03-24,84,Pneumonia,35.4,-0.3,78,collected,attended,127,87,94,0,N
P101889,1,2024-03-15,44,Kidney disease,13.0,-0.5,57,collected,attended,117,89,98,0,N
P101889,2,2024-03-22,44,Kidney disease,13.0,-0.4,77,collected,attended,141,100,95,0,N
P101889,3,2024-03-29,44,Kidney disease,13.0,-0.2,82,collected,attended,144,82,92,0,N
P101889,4,2024-04-05,44,Kidney disease,13.0,0.4,82,collected,missed,125,75,93,0,N
P101890,1,2025-06-07,83,Other,14.2,1.1,88,collected,scheduled,137,57,96,0,N
P101890,2,2025-06-14,83,Other,14.2,1.1,95,missed,attended,121,83,96,0,N
P101890,3,2025-06-21,83,Other,14.2,1.1,73,collected,attended,131,64,97,0,N
P101890,4,2025-06-28,83,Other,14.2,0.5,67,missed,scheduled,112,78,97,0,N
P101891,1,2025-08-24,74,Stroke,28.9,-0.7,82,collected,attended,160,83,97,1,N
P101891,2,2025-08-31,74,Stroke,28.9,-0.7,72,collected,attended,122,87,95,1,N
P101891,3,2025-09-07,74,Stroke,28.9,-0.6,56,collected,scheduled,168,83,92,1,Y
P101891,4,2025-09-14,74,Stroke,28.9,0.3,98,collected,missed,145,90,97,1,Y
P101892,1,2024-03-19,65,COPD,18.2,-0.5,100,collected,attended,137,83,97,0,N
P101892,2,2024-03-26,65,COPD,18.2,-0.2,100,missed,attended,159,79,95,0,N
P101892,3,2024-04-02,65,COPD,18.2,-0.1,74,missed,scheduled,131,88,98,0,N
P101892,4,2024-04-09,65,COPD,18.2,-0.7,75,late,attended,138,71,98,0,N
P101893,1,2024-05-27,59,Kidney disease,26.9,0.4,64,collected,scheduled,126,84,96,0,N
P101893,2,2024-06-03,59,Kidney disease,26.9,-0.2,97,collected,missed,158,68,94,0,N
P101893,3,2024-06-10,59,Kidney disease,26.9,-1.0,80,collected,scheduled,133,94,99,0,N
P101893,4,2024-06-17,59,Kidney disease,26.9,-1.1,96,collected,attended,147,90,96,0,N
P101894,1,2024-07-18,72,COPD,23.1,-0.5,74,collected,attended,152,78,97,0,N
P101894,2,2024-07-25,72,COPD,23.1,-0.8,71,collected,scheduled,133,94,95,0,N
P101894,3,2024-08-01,72,COPD,23.1,-0.4,87,collected,scheduled,143,78,93,0,N
P101894,4,2024-08-08,72,COPD,23.1,0.3,69,collected,attended,126,86,97,0,N
P101895,1,2024-10-01,66,COPD,14.2,-0.9,90,collected,attended,121,55,94,0,N
P101895,2,2024-10-08,66,COPD,14.2,-1.3,74,missed,scheduled,122,54,96,0,N
P101895,3,2024-10-15,66,COPD,14.2,-0.8,100,collected,attended,134,75,99,0,N
P101895,4,2024-10-22,66,COPD,14.2,-0.4,100,collected,attended,159,83,94,0,N
P101896,1,2024-06-09,60,Pneumonia,21.4,-0.1,81,missed,scheduled,134,87,96,0,N
P101896,2,2024-06-16,60,Pneumonia,21.4,-0.4,88,collected,attended,137,72,97,0,N
P101896,3,2024-06-23,60,Pneumonia,21.4,-0.5,89,collected,scheduled,124,82,95,0,N
P101896,4,2024-06-30,60,Pneumonia,21.4,-0.4,91,late,attended,131,102,95,0,N
P101897,1,2025-03-28,70,Other,21.4,-0.3,88,collected,attended,132,75,95,0,N
P101897,2,2025-04-04,70,Other,21.4,0.5,93,collected,scheduled,110,92,93,0,N
P101897,3,2025-04-11,70,Other,21.4,0.2,86,collected,attended,138,76,96,0,N
P101897,4,2025-04-18,70,Other,21.4,0.1,88,collected,attended,143,67,95,0,N
P101898,1,2025-07-20,53,Pneumonia,19.8,0.5,75,collected,scheduled,148,81,92,0,N
P101898,2,2025-07-27,53,Pneumonia,19.8,-0.2,79,collected,attended,141,85,95,0,N
P101898,3,2025-08-03,53,Pneumonia,19.8,0.4,93,collected,attended,114,71,96,0,N
P101898,4,2025-08-10,53,Pneumonia,19.8,1.5,86,collected,attended,154,83,94,0,N
P101899,1,2024-03-11,77,COPD,35.4,0.2,89,collected,attended,146,88,95,1,N
P101899,2,2024-03-18,77,COPD,35.4,0.2,89,collected,attended,141,59,97,1,N
P101899,3,2024-03-25,77,COPD,35.4,0.2,62,collected,scheduled,106,93,94,1,Y
P101899,4,2024-04-01,77,COPD,35.4,0.4,83,collected,attended,107,80,97,1,Y
P101900,1,2025-03-26,75,Pneumonia,14.2,-0.9,94,collected,attended,121,79,96,0,N
P101900,2,2025-04-02,75,Pneumonia,14.2,-0.9,90,collected,attended,142,70,94,0,N
P101900,3,2025-04-09,75,Pneumonia,14.2,-0.7,68,collected,scheduled,120,73,94,0,N
P101900,4,2025-04-16,75,Pneumonia,14.2,-0.7,86,collected,attended,132,84,94,0,N
P101901,1,2025-04-28,79,Other,19.8,-0.4,82,missed,attended,149,69,96,0,N
P101901,2,2025-05-05,79,Other,19.8,-0.5,100,collected,scheduled,134,75,97,0,N
P101901,3,2025-05-12,79,Other,19.8,-0.9,92,collected,attended,124,61,98,0,N
P101901,4,2025-05-19,79,Other,19.8,-0.5,92,collected,scheduled,106,82,91,0,N
P101902,1,2024-11-08,66,Pneumonia,15.4,0.2,86,collected,attended,116,80,98,1,N
P101902,2,2024-11-15,66,Pneumonia,15.4,-0.7,73,collected,missed,143,75,96,1,N
P101902,3,2024-11-22,66,Pneumonia,15.4,-1.2,99,collected,missed,128,78,95,1,Y
P101902,4,2024-11-29,66,Pneumonia,15.4,-1.7,81,collected,attended,115,86,97,1,Y
P101903,1,2024-07-20,71,Sepsis,13.0,-0.6,82,collected,attended,136,97,95,0,N
P101903,2,2024-07-27,71,Sepsis,13.0,-0.2,71,collected,missed,131,88,97,0,N
P101903,3,2024-08-03,71,Sepsis,13.0,0.5,83,collected,attended,128,91,95,0,N
P101903,4,2024-08-10,71,Sepsis,13.0,0.4,75,collected,missed,120,96,97,0,N
P101904,1,2024-03-17,73,Other,11.9,0.1,83,collected,attended,122,75,98,0,N
P101904,2,2024-03-24,73,Other,11.9,0.3,89,missed,attended,128,91,97,0,N
P101904,3,2024-03-31,73,Other,11.9,-0.2,68,late,missed,135,80,94,0,N
P101904,4,2024-04-07,73,Other,11.9,-0.6,82,collected,attended,127,86,95,0,N
P101905,1,2025-07-27,78,Sepsis,21.4,-0.3,82,collected,scheduled,111,85,98,0,N
P101905,2,2025-08-03,78,Sepsis,21.4,-2.0,87,collected,scheduled,121,63,97,0,N
P101905,3,2025-08-10,78,Sepsis,21.4,-2.6,79,collected,scheduled,126,66,94,0,N
P101905,4,2025-08-17,78,Sepsis,21.4,-3.2,66,missed,attended,138,84,94,0,N
P101906,1,2025-05-26,49,Kidney disease,15.4,-0.0,89,missed,missed,140,83,94,1,N
P101906,2,2025-06-02,49,Kidney disease,15.4,0.8,77,late,attended,150,84,95,1,N
P101906,3,2025-06-09,49,Kidney disease,15.4,1.5,72,missed,attended,145,69,93,1,Y
P101906,4,2025-06-16,49,Kidney disease,15.4,2.1,95,collected,attended,161,70,95,1,Y
P101907,1,2024-06-09,73,Pneumonia,26.9,1.3,78,missed,missed,126,84,97,1,N
P101907,2,2024-06-16,73,Pneumonia,26.9,1.9,75,collected,attended,148,84,98,1,N
P101907,3,2024-06-23,73,Pneumonia,26.9,2.6,81,collected,attended,119,90,96,1,Y
P101907,4,2024-06-30,73,Pneumonia,26.9,2.2,86,collected,attended,135,79,95,1,Y
P101908,1,2025-02-23,76,Other,18.2,-0.6,78,late,scheduled,133,92,96,0,N
P101908,2,2025-03-02,76,Other,18.2,-0.4,77,collected,attended,120,67,94,0,N
P101908,3,2025-03-09,76,Other,18.2,-0.9,73,collected,scheduled,121,68,99,0,N
P101908,4,2025-03-16,76,Other,18.2,-1.3,70,collected,attended,120,56,96,0,N
P101909,1,2024-07-21,91,Diabetes,28.9,-0.1,78,collected,scheduled,151,81,99,0,N
P101909,2,2024-07-28,91,Diabetes,28.9,-1.0,90,collected,scheduled,128,94,97,0,N
P101909,3,2024-08-04,91,Diabetes,28.9,-0.6,99,collected,attended,121,104,98,0,N
P101909,4,2024-08-11,91,Diabetes,28.9,-0.3,87,collected,attended,140,81,91,0,N
P101910,1,2024-06-23,49,Hip fracture,13.0,0.5,90,collected,scheduled,143,84,97,0,N
P101910,2,2024-06-30,49,Hip fracture,13.0,-0.1,80,collected,attended,141,89,95,0,N
P101910,3,2024-07-07,49,Hip fracture,13.0,0.1,72,collected,attended,147,72,95,0,N
P101910,4,2024-07-14,49,Hip fracture,13.0,-0.1,79,collected,attended,137,81,94,0,N
P101911,1,2024-02-25,85,Other,16.8,0.3,75,collected,attended,127,82,99,1,N
P101911,2,2024-03-03,85,Other,16.8,-0.0,87,collected,attended,134,76,96,1,N
P101911,3,2024-03-10,85,Other,16.8,-0.9,59,collected,scheduled,113,84,94,1,Y
P101911,4,2024-03-17,85,Other,16.8,-0.5,65,collected,scheduled,134,72,97,1,Y
P101912,1,2025-03-14,58,Hip fracture,14.2,0.1,95,collected,scheduled,134,82,99,0,N
P101912,2,2025-03-21,58,Hip fracture,14.2,0.7,82,collected,attended,123,87,96,0,N
P101912,3,2025-03-28,58,Hip fracture,14.2,0.7,87,collected,scheduled,131,84,95,0,N
P101912,4,2025-04-04,58,Hip fracture,14.2,0.0,93,collected,scheduled,140,73,95,0,N
P101913,1,2024-06-14,92,Heart failure,25.0,0.6,73,missed,missed,130,86,92,0,N
P101913,2,2024-06-21,92,Heart failure,25.0,0.5,64,collected,attended,153,83,93,0,N
P101913,3,2024-06-28,92,Heart failure,25.0,1.3,80,collected,attended,138,68,97,0,N
P101913,4,2024-07-05,92,Heart failure,25.0,1.5,77,collected,missed,136,78,96,0,N
P101914,1,2024-07-07,87,Other,23.1,0.6,100,collected,scheduled,126,78,93,0,N
P101914,2,2024-07-14,87,Other,23.1,-0.5,75,late,missed,131,91,95,0,N
P101914,3,2024-07-21,87,Other,23.1,-0.3,71,collected,scheduled,116,67,99,0,N
P101914,4,2024-07-28,87,Other,23.1,-0.7,97,collected,scheduled,126,91,96,0,N
P101915,1,2025-08-23,74,COPD,14.2,0.1,93,collected,attended,127,101,98,0,N
P101915,2,2025-08-30,74,COPD,14.2,0.9,87,collected,attended,119,78,97,0,N
P101915,3,2025-09-06,74,COPD,14.2,0.7,86,collected,attended,125,72,98,0,N
P101915,4,2025-09-13,74,COPD,14.2,-0.1,100,collected,missed,132,96,95,0,N
P101916,1,2024-09-14,66,Stroke,18.2,-0.4,68,collected,missed,141,68,94,1,N
P101916,2,2024-09-21,66,Stroke,18.2,-0.9,63,missed,attended,131,94,95,1,N
P101916,3,2024-09-28,66,Stroke,18.2,-1.0,93,collected,scheduled,122,86,96,1,Y
P101916,4,2024-10-05,66,Stroke,18.2,-1.1,84,collected,attended,144,93,96,1,Y
P101917,1,2024-07-09,62,Hip fracture,25.0,0.6,100,collected,attended,144,85,96,0,N
P101917,2,2024-07-16,62,Hip fracture,25.0,0.9,88,collected,attended,153,82,96,0,N
P101917,3,2024-07-23,62,Hip fracture,25.0,0.9,100,collected,scheduled,117,85,96,0,N
P101917,4,2024-07-30,62,Hip fracture,25.0,0.7,91,collected,attended,125,57,99,0,N
P101918,1,2024-08-12,70,Heart failure,14.2,-1.2,100,collected,scheduled,113,75,93,0,N
P101918,2,2024-08-19,70,Heart failure,14.2,-1.7,94,missed,scheduled,141,76,100,0,N
P101918,3,2024-08-26,70,Heart failure,14.2,-0.9,84,collected,scheduled,130,75,96,0,N
P101918,4,2024-09-02,70,Heart failure,14.2,-1.5,89,collected,attended,119,67,97,0,N
P101919,1,2024-11-06,61,Other,13.0,0.4,81,collected,attended,140,90,97,1,N
P101919,2,2024-11-13,61,Other,13.0,0.4,73,missed,scheduled,127,80,96,1,N
P101919,3,2024-11-20,61,Other,13.0,-0.4,80,collected,missed,136,100,94,1,Y
P101919,4,2024-11-27,61,Other,13.0,-1.2,83,late,attended,154,66,96,1,Y
P101920,1,2024-07-21,38,Heart failure,15.4,0.7,67,collected,scheduled,147,83,94,0,N
P101920,2,2024-07-28,38,Heart failure,15.4,0.7,93,collected,scheduled,127,74,95,0,N
P101920,3,2024-08-04,38,Heart failure,15.4,0.6,79,collected,missed,129,77,96,0,N
P101920,4,2024-08-11,38,Heart failure,15.4,-0.2,93,collected,attended,163,67,97,0,N
P101921,1,2024-07-30,80,Heart failure,16.8,-0.8,78,collected,scheduled,122,72,99,0,N
P101921,2,2024-08-06,80,Heart failure,16.8,-1.1,72,late,attended,102,100,94,0,N
P101921,3,2024-08-13,80,Heart failure,16.8,-0.9,68,collected,scheduled,144,82,98,0,N
P101921,4,2024-08-20,80,Heart failure,16.8,-2.1,92,collected,scheduled,113,68,97,0,N
P101922,1,2024-11-11,75,Other,16.8,-0.0,92,missed,missed,145,72,95,1,N
P101922,2,2024-11-18,75,Other,16.8,-0.6,95,collected,scheduled,137,99,98,1,N
P101922,3,2024-11-25,75,Other,16.8,-0.5,88,collected,attended,127,82,96,1,Y
P101922,4,2024-12-02,75,Other,16.8,-1.0,100,collected,scheduled,131,94,95,1,Y
P101923,1,2025-02-22,76,Heart failure,16.8,0.7,69,collected,attended,148,85,92,0,N
P101923,2,2025-03-01,76,Heart failure,16.8,0.5,78,collected,missed,136,86,96,0,N
P101923,3,2025-03-08,76,Heart failure,16.8,1.0,84,collected,attended,142,98,95,0,N
P101923,4,2025-03-15,76,Heart failure,16.8,1.0,78,late,attended,129,95,94,0,N
P101924,1,2024-03-14,58,Sepsis,16.8,-0.1,93,collected,scheduled,125,96,100,1,N
P101924,2,2024-03-21,58,Sepsis,16.8,0.3,89,collected,scheduled,142,69,94,1,N
P101924,3,2024-03-28,58,Sepsis,16.8,-0.4,72,collected,scheduled,127,93,95,1,Y
P101924,4,2024-04-04,58,Sepsis,16.8,-0.8,93,collected,attended,100,81,99,1,Y
P101925,1,2024-02-11,45,Other,14.2,-0.2,84,collected,attended,129,84,96,0,N
P101925,2,2024-02-18,45,Other,14.2,-0.3,94,collected,attended,118,65,98,0,N
P101925,3,2024-02-25,45,Other,14.2,-0.6,65,collected,attended,129,83,94,0,N
P101925,4,2024-03-03,45,Other,14.2,-0.9,84,collected,missed,128,76,96,0,N
P101926,1,2024-12-19,65,Pneumonia,15.4,-0.0,100,collected,attended,161,70,94,0,N
P101926,2,2024-12-26,65,Pneumonia,15.4,0.5,92,collected,scheduled,140,74,98,0,N
P101926,3,2025-01-02,65,Pneumonia,15.4,0.0,87,late,scheduled,136,97,93,0,N
P101926,4,2025-01-09,65,Pneumonia,15.4,0.8,84,collected,scheduled,119,65,96,0,N
P101927,1,2024-06-29,68,Diabetes,14.2,0.3,88,collected,attended,118,76,99,0,N
P101927,2,2024-07-06,68,Diabetes,14.2,0.9,85,collected,scheduled,135,60,97,0,N
P101927,3,2024-07-13,68,Diabetes,14.2,0.8,91,missed,scheduled,136,98,96,0,N
P101927,4,2024-07-20,68,Diabetes,14.2,0.6,91,collected,attended,107,66,97,0,N
P101928,1,2024-05-11,63,Other,15.4,0.3,100,collected,attended,124,59,97,0,N
P101928,2,2024-05-18,63,Other,15.4,0.8,94,missed,attended,145,63,94,0,N
P101928,3,2024-05-25,63,Other,15.4,1.7,91,collected,attended,121,81,96,0,N
P101928,4,2024-06-01,63,Other,15.4,2.8,99,late,scheduled,123,79,94,0,N
P101929,1,2025-03-02,70,Diabetes,25.0,-0.3,66,collected,attended,133,87,99,0,N
P101929,2,2025-03-09,70,Diabetes,25.0,-0.3,88,collected,scheduled,114,92,97,0,N
P101929,3,2025-03-16,70,Diabetes,25.0,0.1,79,collected,scheduled,109,82,96,0,N
P101929,4,2025-03-23,70,Diabetes,25.0,-0.2,70,collected,attended,124,74,98,0,N
P101930,1,2024-07-03,41,Pneumonia,11.9,0.5,70,collected,scheduled,143,90,94,0,N
P101930,2,2024-07-10,41,Pneumonia,11.9,0.6,86,missed,scheduled,146,98,94,0,N
P101930,3,2024-07-17,41,Pneumonia,11.9,0.2,81,late,missed,127,89,94,0,N
P101930,4,2024-07-24,41,Pneumonia,11.9,1.0,83,late,scheduled,139,78,93,0,N
P101931,1,2024-08-10,59,Pneumonia,23.1,0.4,85,collected,attended,123,68,97,0,N
P101931,2,2024-08-17,59,Pneumonia,23.1,0.7,100,late,attended,115,84,99,0,N
P101931,3,2024-08-24,59,Pneumonia,23.1,1.0,83,collected,attended,141,74,96,0,N
P101931,4,2024-08-31,59,Pneumonia,23.1,1.7,74,collected,missed,122,66,96,0,N
P101932,1,2024-09-10,51,Pneumonia,11.9,0.4,99,late,scheduled,150,89,97,0,N
P101932,2,2024-09-17,51,Pneumonia,11.9,0.4,81,collected,scheduled,131,69,93,0,N
P101932,3,2024-09-24,51,Pneumonia,11.9,0.3,85,collected,scheduled,130,88,97,0,N
P101932,4,2024-10-01,51,Pneumonia,11.9,0.5,82,collected,scheduled,110,72,98,0,N
P101933,1,2025-02-19,77,Hip fracture,13.0,-0.8,81,late,attended,143,97,95,0,N
P101933,2,2025-02-26,77,Hip fracture,13.0,-1.6,89,collected,scheduled,127,72,98,0,N
P101933,3,2025-03-05,77,Hip fracture,13.0,-1.4,85,collected,attended,126,73,97,0,N
P101933,4,2025-03-12,77,Hip fracture,13.0,-1.1,92,collected,attended,113,82,95,0,N
P101934,1,2025-02-05,56,Heart failure,11.9,-1.0,93,collected,scheduled,147,95,95,1,N
P101934,2,2025-02-12,56,Heart failure,11.9,-0.4,97,collected,attended,148,89,96,1,N
P101934,3,2025-02-19,56,Heart failure,11.9,-0.4,85,collected,attended,138,63,96,1,Y
P101934,4,2025-02-26,56,Heart failure,11.9,-1.0,71,collected,missed,126,63,99,1,Y
P101935,1,2024-10-12,84,Kidney disease,16.8,0.2,93,collected,attended,112,54,93,0,N
P101935,2,2024-10-19,84,Kidney disease,16.8,-1.0,95,collected,scheduled,99,69,98,0,N
P101935,3,2024-10-26,84,Kidney disease,16.8,-1.7,74,late,attended,123,79,94,0,N
P101935,4,2024-11-02,84,Kidney disease,16.8,-1.0,100,collected,missed,117,96,97,0,N
P101936,1,2024-11-23,57,Other,18.2,-0.5,82,missed,attended,123,65,93,0,N
P101936,2,2024-11-30,57,Other,18.2,-0.6,81,collected,scheduled,129,80,95,0,N
P101936,3,2024-12-07,57,Other,18.2,-0.3,91,late,attended,108,84,94,0,N
P101936,4,2024-12-14,57,Other,18.2,-0.2,93,collected,attended,122,75,98,0,N
P101937,1,2024-06-07,57,Sepsis,13.0,-0.9,85,collected,attended,150,77,97,0,N
P101937,2,2024-06-14,57,Sepsis,13.0,-1.5,98,collected,attended,129,76,94,0,N
P101937,3,2024-06-21,57,Sepsis,13.0,-0.6,84,late,attended,123,80,99,0,N
P101937,4,2024-06-28,57,Sepsis,13.0,-0.6,86,collected,scheduled,120,62,93,0,N
P101938,1,2025-07-03,59,Other,14.2,0.6,90,collected,attended,115,82,98,0,N
P101938,2,2025-07-10,59,Other,14.2,1.1,95,collected,scheduled,113,75,98,0,N
P101938,3,2025-07-17,59,Other,14.2,1.5,100,collected,attended,142,82,94,0,N
P101938,4,2025-07-24,59,Other,14.2,1.0,100,collected,attended,116,86,98,0,N
P101939,1,2024-11-27,86,COPD,35.4,-0.7,81,collected,scheduled,146,80,96,1,N
P101939,2,2024-12-04,86,COPD,35.4,-0.1,62,collected,missed,138,80,97,1,N
P101939,3,2024-12-11,86,COPD,35.4,-0.4,62,collected,attended,151,74,100,1,Y
P101939,4,2024-12-18,86,COPD,35.4,-0.5,88,collected,attended,140,80,95,1,Y
P101940,1,2024-03-19,74,Pneumonia,25.0,0.2,76,collected,scheduled,119,84,95,0,N
P101940,2,2024-03-26,74,Pneumonia,25.0,-0.7,96,collected,attended,150,70,98,0,N
P101940,3,2024-04-02,74,Pneumonia,25.0,-0.9,86,collected,attended,150,82,97,0,N
P101940,4,2024-04-09,74,Pneumonia,25.0,-0.9,87,collected,scheduled,135,65,97,0,N
P101941,1,2024-11-23,78,Heart failure,15.4,0.2,88,late,scheduled,145,66,96,0,N
P101941,2,2024-11-30,78,Heart failure,15.4,-0.7,68,collected,attended,117,69,99,0,N
P101941,3,2024-12-07,78,Heart failure,15.4,0.0,86,late,scheduled,169,80,96,0,N
P101941,4,2024-12-14,78,Heart failure,15.4,-0.1,85,missed,scheduled,122,71,95,0,N
P101942,1,2024-04-11,70,Hip fracture,18.2,-0.0,87,collected,attended,128,73,98,0,N
P101942,2,2024-04-18,70,Hip fracture,18.2,0.7,73,collected,attended,138,93,93,0,N
P101942,3,2024-04-25,70,Hip fracture,18.2,0.7,86,collected,missed,141,74,99,0,N
P101942,4,2024-05-02,70,Hip fracture,18.2,1.4,91,collected,missed,112,75,94,0,N
P101943,1,2025-05-20,57,Pneumonia,13.0,0.4,95,collected,scheduled,119,70,97,0,N
P101943,2,2025-05-27,57,Pneumonia,13.0,-0.1,96,collected,scheduled,90,88,100,0,N
P101943,3,2025-06-03,57,Pneumonia,13.0,-0.1,100,collected,attended,131,67,92,0,N
P101943,4,2025-06-10,57,Pneumonia,13.0,0.6,100,collected,attended,133,86,95,0,N
P101944,1,2025-05-21,69,Heart failure,18.2,-0.4,74,collected,attended,122,89,98,1,N
P101944,2,2025-05-28,69,Heart failure,18.2,-1.2,100,late,attended,127,106,97,1,N
P101944,3,2025-06-04,69,Heart failure,18.2,-1.4,93,collected,missed,150,68,94,1,Y
P101944,4,2025-06-11,69,Heart failure,18.2,-1.5,91,collected,attended,135,93,95,1,Y
P101945,1,2024-06-30,87,Other,21.4,0.7,94,collected,attended,120,90,94,1,N
P101945,2,2024-07-07,87,Other,21.4,1.0,77,missed,attended,127,66,100,1,N
P101945,3,2024-07-14,87,Other,21.4,1.1,98,late,scheduled,154,84,96,1,Y
P101945,4,2024-07-21,87,Other,21.4,0.6,88,collected,attended,133,79,97,1,Y
P101946,1,2024-04-09,60,Pneumonia,19.8,-0.9,100,late,scheduled,119,79,93,1,N
P101946,2,2024-04-16,60,Pneumonia,19.8,-1.3,93,collected,attended,162,83,97,1,N
P101946,3,2024-04-23,60,Pneumonia,19.8,-1.9,87,collected,scheduled,148,87,96,1,Y
P101946,4,2024-04-30,60,Pneumonia,19.8,-1.9,92,late,attended,134,72,92,1,Y
P101947,1,2024-03-06,67,Diabetes,13.0,-0.6,100,late,scheduled,132,90,97,0,N
P101947,2,2024-03-13,67,Diabetes,13.0,-0.9,78,late,attended,134,76,97,0,N
P101947,3,2024-03-20,67,Diabetes,13.0,-1.8,90,collected,attended,137,86,96,0,N
P101947,4,2024-03-27,67,Diabetes,13.0,-1.0,96,collected,attended,122,73,94,0,N
P101948,1,2024-04-10,64,Diabetes,11.9,0.5,100,collected,attended,141,96,92,0,N
P101948,2,2024-04-17,64,Diabetes,11.9,-0.3,86,collected,missed,126,75,94,0,N
P101948,3,2024-04-24,64,Diabetes,11.9,-1.2,68,missed,attended,153,84,98,0,N
P101948,4,2024-05-01,64,Diabetes,11.9,-1.0,84,late,attended,135,69,95,0,N
P101949,1,2025-06-14,69,Hip fracture,13.0,-0.1,61,late,scheduled,129,97,93,0,N
P101949,2,2025-06-21,69,Hip fracture,13.0,1.2,84,collected,attended,125,92,95,0,N
P101949,3,2025-06-28,69,Hip fracture,13.0,1.7,81,collected,scheduled,105,60,96,0,N
P101949,4,2025-07-05,69,Hip fracture,13.0,1.8,95,late,attended,136,93,95,0,N
P101950,1,2024-03-21,79,Heart failure,19.8,-0.3,87,collected,missed,129,72,100,0,N
P101950,2,2024-03-28,79,Heart failure,19.8,0.9,79,missed,attended,133,81,96,0,N
P101950,3,2024-04-04,79,Heart failure,19.8,0.5,90,collected,scheduled,137,89,94,0,N
P101950,4,2024-04-11,79,Heart failure,19.8,0.8,86,collected,attended,124,72,95,0,N
P101951,1,2025-02-08,71,COPD,21.4,-1.2,95,late,attended,152,89,99,0,N
P101951,2,2025-02-15,71,COPD,21.4,-1.5,73,missed,attended,131,75,93,0,N
P101951,3,2025-02-22,71,COPD,21.4,-1.1,96,late,attended,123,73,95,0,N
P101951,4,2025-03-01,71,COPD,21.4,-1.3,100,collected,missed,131,75,98,0,N
P101952,1,2025-07-12,70,Heart failure,25.0,1.4,75,collected,attended,129,77,96,0,N
P101952,2,2025-07-19,70,Heart failure,25.0,0.9,91,collected,attended,135,71,95,0,N
P101952,3,2025-07-26,70,Heart failure,25.0,1.2,82,collected,missed,142,72,98,0,N
P101952,4,2025-08-02,70,Heart failure,25.0,2.2,76,collected,attended,116,59,94,0,N
P101953,1,2025-07-27,72,Stroke,21.4,0.5,81,late,scheduled,125,73,94,0,N
P101953,2,2025-08-03,72,Stroke,21.4,0.1,70,late,attended,114,76,99,0,N
P101953,3,2025-08-10,72,Stroke,21.4,-1.0,84,missed,attended,131,94,96,0,N
P101953,4,2025-08-17,72,Stroke,21.4,-1.6,89,missed,attended,144,86,95,0,N
P101954,1,2025-08-13,64,Kidney disease,25.0,0.1,93,collected,scheduled,128,94,97,0,N
P101954,2,2025-08-20,64,Kidney disease,25.0,0.0,99,collected,attended,143,67,96,0,N
P101954,3,2025-08-27,64,Kidney disease,25.0,1.0,100,missed,attended,125,64,96,0,N
P101954,4,2025-09-03,64,Kidney disease,25.0,1.0,65,collected,missed,141,83,96,0,N
P101955,1,2025-05-12,64,Other,23.1,-0.8,64,collected,attended,121,71,98,1,N
P101955,2,2025-05-19,64,Other,23.1,-1.1,82,collected,missed,119,72,95,1,N
P101955,3,2025-05-26,64,Other,23.1,-1.0,81,collected,attended,120,84,96,1,Y
P101955,4,2025-06-02,64,Other,23.1,-0.9,100,late,attended,126,85,97,1,Y
P101956,1,2025-02-22,66,COPD,18.2,0.2,91,missed,attended,122,67,97,1,N
P101956,2,2025-03-01,66,COPD,18.2,-0.5,77,late,attended,152,83,97,1,N
P101956,3,2025-03-08,66,COPD,18.2,-0.2,85,late,missed,145,83,94,1,Y
P101956,4,2025-03-15,66,COPD,18.2,0.9,83,late,attended,156,76,99,1,Y
P101957,1,2025-04-24,51,Kidney disease,16.8,0.6,82,collected,attended,112,85,96,0,N
P101957,2,2025-05-01,51,Kidney disease,16.8,-0.1,60,collected,scheduled,145,52,95,0,N
P101957,3,2025-05-08,51,Kidney disease,16.8,-0.5,96,collected,scheduled,134,75,96,0,N
P101957,4,2025-05-15,51,Kidney disease,16.8,-0.5,100,collected,attended,114,62,97,0,N
P101958,1,2025-01-30,78,Pneumonia,16.8,-0.5,80,late,attended,166,74,97,0,N
P101958,2,2025-02-06,78,Pneumonia,16.8,-0.5,71,collected,missed,145,101,94,0,N
P101958,3,2025-02-13,78,Pneumonia,16.8,-0.8,64,collected,scheduled,140,67,96,0,N
P101958,4,2025-02-20,78,Pneumonia,16.8,-0.6,75,collected,attended,151,94,92,0,N
P101959,1,2024-04-25,65,Other,16.8,-0.2,100,collected,attended,136,91,98,0,N
P101959,2,2024-05-02,65,Other,16.8,-0.3,70,collected,attended,124,57,97,0,N
P101959,3,2024-05-09,65,Other,16.8,0.3,75,collected,attended,135,84,98,0,N
P101959,4,2024-05-16,65,Other,16.8,1.2,91,collected,missed,120,72,96,0,N
P101960,1,2025-05-07,75,Pneumonia,13.0,-0.4,91,collected,attended,116,90,97,0,N
P101960,2,2025-05-14,75,Pneumonia,13.0,-1.1,100,missed,scheduled,125,81,94,0,N
P101960,3,2025-05-21,75,Pneumonia,13.0,-0.5,95,collected,attended,114,70,96,0,N
P101960,4,2025-05-28,75,Pneumonia,13.0,-0.5,93,collected,scheduled,144,98,98,0,N
P101961,1,2024-12-20,69,Diabetes,16.8,-0.7,75,collected,scheduled,139,80,94,0,N
P101961,2,2024-12-27,69,Diabetes,16.8,-1.9,87,collected,scheduled,161,101,95,0,N
P101961,3,2025-01-03,69,Diabetes,16.8,-2.2,64,collected,scheduled,115,84,95,0,N
P101961,4,2025-01-10,69,Diabetes,16.8,-1.5,89,collected,attended,132,73,98,0,N
P101962,1,2025-08-09,55,Heart failure,19.8,-0.9,86,collected,attended,136,70,97,1,N
P101962,2,2025-08-16,55,Heart failure,19.8,-0.7,100,collected,attended,138,70,95,1,N
P101962,3,2025-08-23,55,Heart failure,19.8,0.4,100,collected,attended,110,76,93,1,Y
P101962,4,2025-08-30,55,Heart failure,19.8,0.3,92,collected,scheduled,107,78,94,1,Y
P101963,1,2025-07-10,77,COPD,28.9,-0.1,100,late,attended,140,79,99,0,N
P101963,2,2025-07-17,77,COPD,28.9,0.2,91,collected,attended,118,88,95,0,N
P101963,3,2025-07-24,77,COPD,28.9,0.3,90,missed,attended,125,79,100,0,N
P101963,4,2025-07-31,77,COPD,28.9,0.1,100,collected,scheduled,137,69,95,0,N
P101964,1,2024-02-12,61,Other,21.4,1.0,82,collected,attended,130,71,94,0,N
P101964,2,2024-02-19,61,Other,21.4,1.0,85,collected,scheduled,158,73,96,0,N
P101964,3,2024-02-26,61,Other,21.4,1.5,84,late,attended,155,67,96,0,N
P101964,4,2024-03-04,61,Other,21.4,1.0,76,collected,missed,129,77,97,0,N
P101965,1,2024-04-24,88,Diabetes,19.8,0.8,80,missed,attended,118,71,94,0,N
P101965,2,2024-05-01,88,Diabetes,19.8,2.2,90,collected,missed,125,70,95,0,N
P101965,3,2024-05-08,88,Diabetes,19.8,1.9,98,collected,attended,127,95,94,0,N
P101965,4,2024-05-15,88,Diabetes,19.8,1.2,100,collected,scheduled,118,69,95,0,N
P101966,1,2025-03-22,49,Kidney disease,14.2,-0.0,96,collected,attended,145,73,94,0,N
P101966,2,2025-03-29,49,Kidney disease,14.2,-1.3,95,collected,attended,140,79,97,0,N
P101966,3,2025-04-05,49,Kidney disease,14.2,-1.8,94,collected,attended,134,93,96,0,N
P101966,4,2025-04-12,49,Kidney disease,14.2,-0.9,97,collected,scheduled,123,85,99,0,N
P101967,1,2024-12-29,100,Diabetes,37.8,0.9,89,collected,attended,157,87,95,1,N
P101967,2,2025-01-05,100,Diabetes,37.8,1.0,69,collected,missed,143,81,97,1,N
P101967,3,2025-01-12,100,Diabetes,37.8,0.3,82,collected,scheduled,155,109,93,1,Y
P101967,4,2025-01-19,100,Diabetes,37.8,0.9,88,collected,missed,158,68,95,1,Y
P101968,1,2024-02-01,82,Diabetes,11.9,-0.6,100,late,missed,159,64,95,0,N
P101968,2,2024-02-08,82,Diabetes,11.9,-0.9,84,collected,attended,140,75,97,0,N
P101968,3,2024-02-15,82,Diabetes,11.9,0.3,85,collected,attended,130,63,95,0,N
P101968,4,2024-02-22,82,Diabetes,11.9,-0.4,96,collected,attended,107,66,93,0,N
P101969,1,2025-03-03,76,Stroke,21.4,-0.4,87,collected,attended,129,92,97,0,N
P101969,2,2025-03-10,76,Stroke,21.4,-0.0,83,collected,attended,115,73,94,0,N
P101969,3,2025-03-17,76,Stroke,21.4,-0.4,100,collected,missed,127,80,93,0,N
P101969,4,2025-03-24,76,Stroke,21.4,-0.6,92,collected,attended,156,62,98,0,N
P101970,1,2024-08-17,50,Diabetes,16.8,0.1,82,collected,attended,158,76,96,0,N
P101970,2,2024-08-24,50,Diabetes,16.8,0.9,100,late,scheduled,129,68,96,0,N
P101970,3,2024-08-31,50,Diabetes,16.8,0.6,66,collected,attended,109,83,96,0,N
P101970,4,2024-09-07,50,Diabetes,16.8,-0.0,82,collected,attended,128,73,95,0,N
P101971,1,2024-09-03,48,Hip fracture,15.4,0.6,98,collected,attended,157,83,95,0,N
P101971,2,2024-09-10,48,Hip fracture,15.4,0.1,85,collected,attended,131,69,95,0,N
P101971,3,2024-09-17,48,Hip fracture,15.4,-0.1,100,collected,scheduled,130,81,94,0,N
P101971,4,2024-09-24,48,Hip fracture,15.4,1.0,84,collected,attended,144,77,96,0,N
P101972,1,2024-09-13,84,Other,26.9,0.6,67,late,scheduled,133,72,99,1,N
P101972,2,2024-09-20,84,Other,26.9,0.6,78,late,scheduled,142,85,96,1,N
P101972,3,2024-09-27,84,Other,26.9,1.2,73,collected,attended,126,99,94,1,Y
P101972,4,2024-10-04,84,Other,26.9,0.5,70,missed,missed,155,77,93,1,Y
P101973,1,2024-06-29,57,Sepsis,15.4,0.6,81,collected,attended,146,81,96,1,N
P101973,2,2024-07-06,57,Sepsis,15.4,0.5,96,collected,scheduled,134,72,96,1,N
P101973,3,2024-07-13,57,Sepsis,15.4,1.2,91,collected,missed,144,71,97,1,Y
P101973,4,2024-07-20,57,Sepsis,15.4,2.2,92,collected,attended,120,61,99,1,Y
P101974,1,2024-10-05,79,Other,33.2,0.1,81,late,scheduled,124,58,94,1,N
P101974,2,2024-10-12,79,Other,33.2,0.7,87,collected,attended,161,79,98,1,N
P101974,3,2024-10-19,79,Other,33.2,0.7,100,collected,missed,137,81,98,1,Y
P101974,4,2024-10-26,79,Other,33.2,-0.4,84,missed,attended,113,61,97,1,Y
P101975,1,2024-02-27,66,Sepsis,13.0,-1.1,84,collected,attended,142,76,93,1,N
P101975,2,2024-03-05,66,Sepsis,13.0,-0.3,82,collected,missed,143,100,96,1,N
P101975,3,2024-03-12,66,Sepsis,13.0,1.0,71,missed,scheduled,168,96,96,1,Y
P101975,4,2024-03-19,66,Sepsis,13.0,2.6,79,late,missed,162,83,94,1,Y
P101976,1,2024-02-05,72,Diabetes,15.4,0.2,79,collected,scheduled,124,85,94,0,N
P101976,2,2024-02-12,72,Diabetes,15.4,0.4,61,late,attended,141,90,96,0,N
P101976,3,2024-02-19,72,Diabetes,15.4,-0.4,67,missed,attended,144,81,98,0,N
P101976,4,2024-02-26,72,Diabetes,15.4,0.5,88,late,scheduled,148,80,94,0,N
P101977,1,2024-03-28,67,Heart failure,33.2,0.8,80,collected,attended,123,93,98,1,N
P101977,2,2024-04-04,67,Heart failure,33.2,1.6,84,collected,attended,124,69,100,1,N
P101977,3,2024-04-11,67,Heart failure,33.2,3.0,71,collected,scheduled,127,87,95,1,Y
P101977,4,2024-04-18,67,Heart failure,33.2,2.3,76,collected,attended,150,74,96,1,Y
P101978,1,2025-03-02,74,Sepsis,15.4,1.4,81,collected,attended,123,85,99,0,N
P101978,2,2025-03-09,74,Sepsis,15.4,2.1,84,late,attended,133,64,97,0,N
P101978,3,2025-03-16,74,Sepsis,15.4,3.2,93,collected,missed,118,59,96,0,N
P101978,4,2025-03-23,74,Sepsis,15.4,2.9,83,collected,scheduled,124,78,95,0,N
P101979,1,2024-10-17,44,Pneumonia,15.4,0.1,82,late,attended,125,79,97,1,N
P101979,2,2024-10-24,44,Pneumonia,15.4,-0.4,87,collected,attended,119,87,96,1,N
P101979,3,2024-10-31,44,Pneumonia,15.4,-0.8,76,missed,attended,121,97,95,1,Y
P101979,4,2024-11-07,44,Pneumonia,15.4,-0.2,100,collected,scheduled,134,79,97,1,Y
P101980,1,2025-06-25,73,Diabetes,15.4,-0.7,87,missed,attended,137,88,97,0,N
P101980,2,2025-07-02,73,Diabetes,15.4,0.1,69,collected,missed,157,102,91,0,N
P101980,3,2025-07-09,73,Diabetes,15.4,-0.5,76,collected,scheduled,138,86,96,0,N
P101980,4,2025-07-16,73,Diabetes,15.4,-0.4,96,collected,scheduled,142,88,94,0,N
P101981,1,2024-07-13,83,Sepsis,21.4,0.1,85,collected,attended,151,50,98,0,N
P101981,2,2024-07-20,83,Sepsis,21.4,-0.4,91,collected,scheduled,160,69,97,0,N
P101981,3,2024-07-27,83,Sepsis,21.4,0.2,78,collected,missed,153,74,97,0,N
P101981,4,2024-08-03,83,Sepsis,21.4,-0.3,93,collected,scheduled,110,85,97,0,N
P101982,1,2025-08-06,57,Heart failure,15.4,0.6,84,collected,attended,116,59,95,0,N
P101982,2,2025-08-13,57,Heart failure,15.4,0.8,100,missed,attended,115,66,95,0,N
P101982,3,2025-08-20,57,Heart failure,15.4,0.9,89,collected,scheduled,127,70,96,0,N
P101982,4,2025-08-27,57,Heart failure,15.4,1.1,79,collected,attended,138,95,97,0,N
P101983,1,2024-09-01,73,Heart failure,21.4,0.1,100,late,missed,119,71,95,0,N
P101983,2,2024-09-08,73,Heart failure,21.4,-0.3,100,collected,scheduled,129,87,97,0,N
P101983,3,2024-09-15,73,Heart failure,21.4,1.0,100,collected,attended,135,82,94,0,N
P101983,4,2024-09-22,73,Heart failure,21.4,1.2,90,late,attended,128,80,95,0,N
P101984,1,2024-03-30,65,Diabetes,28.9,0.3,100,collected,attended,129,90,98,0,N
P101984,2,2024-04-06,65,Diabetes,28.9,0.4,90,collected,scheduled,117,82,95,0,N
P101984,3,2024-04-13,65,Diabetes,28.9,0.4,94,missed,attended,154,75,95,0,N
P101984,4,2024-04-20,65,Diabetes,28.9,0.7,94,collected,attended,116,90,96,0,N
P101985,1,2025-02-12,65,Heart failure,19.8,-0.0,93,collected,attended,151,109,95,1,N
P101985,2,2025-02-19,65,Heart failure,19.8,-0.6,80,collected,attended,105,69,93,1,N
P101985,3,2025-02-26,65,Heart failure,19.8,0.2,82,missed,attended,138,64,98,1,Y
P101985,4,2025-03-05,65,Heart failure,19.8,0.9,95,collected,attended,132,78,95,1,Y
P101986,1,2025-01-20,51,Hip fracture,15.4,0.2,99,collected,scheduled,120,76,97,0,N
P101986,2,2025-01-27,51,Hip fracture,15.4,0.4,100,collected,attended,165,83,94,0,N
P101986,3,2025-02-03,51,Hip fracture,15.4,0.6,90,late,missed,137,92,99,0,N
P101986,4,2025-02-10,51,Hip fracture,15.4,0.9,91,collected,attended,100,65,97,0,N
P101987,1,2024-04-17,88,Sepsis,16.8,1.1,93,late,attended,124,82,95,0,N
P101987,2,2024-04-24,88,Sepsis,16.8,1.5,92,collected,attended,131,70,93,0,N
P101987,3,2024-05-01,88,Sepsis,16.8,1.6,82,late,attended,131,77,95,0,N
P101987,4,2024-05-08,88,Sepsis,16.8,1.2,76,collected,attended,144,80,97,0,N
P101988,1,2024-04-18,71,Kidney disease,31.0,1.2,76,late,scheduled,98,89,93,1,N
P101988,2,2024-04-25,71,Kidney disease,31.0,1.5,79,missed,attended,150,74,96,1,N
P101988,3,2024-05-02,71,Kidney disease,31.0,1.7,78,missed,missed,139,86,92,1,Y
P101988,4,2024-05-09,71,Kidney disease,31.0,2.1,63,missed,attended,132,88,98,1,Y
P101989,1,2024-08-24,74,COPD,13.0,-0.9,90,collected,scheduled,112,77,96,1,N
P101989,2,2024-08-31,74,COPD,13.0,-1.0,94,collected,attended,122,79,95,1,N
P101989,3,2024-09-07,74,COPD,13.0,-0.5,89,missed,scheduled,119,73,98,1,Y
P101989,4,2024-09-14,74,COPD,13.0,-1.0,77,collected,scheduled,162,86,98,1,Y
P101990,1,2025-06-18,52,Sepsis,16.8,0.4,87,collected,attended,115,85,99,0,N
P101990,2,2025-06-25,52,Sepsis,16.8,0.6,72,collected,scheduled,150,68,94,0,N
P101990,3,2025-07-02,52,Sepsis,16.8,-0.1,93,late,attended,118,72,97,0,N
P101990,4,2025-07-09,52,Sepsis,16.8,-0.6,88,missed,scheduled,124,66,94,0,N
P101991,1,2024-07-06,78,Other,21.4,-0.5,86,missed,missed,151,63,94,1,N
P101991,2,2024-07-13,78,Other,21.4,-1.2,79,collected,attended,145,80,95,1,N
P101991,3,2024-07-20,78,Other,21.4,-1.7,61,collected,missed,146,87,95,1,Y
P101991,4,2024-07-27,78,Other,21.4,-2.2,79,collected,attended,152,70,93,1,Y
P101992,1,2025-01-30,79,Stroke,16.8,1.0,93,late,attended,140,88,96,1,N
P101992,2,2025-02-06,79,Stroke,16.8,1.3,63,collected,attended,146,79,94,1,N
P101992,3,2025-02-13,79,Stroke,16.8,0.9,69,late,attended,120,94,93,1,Y
P101992,4,2025-02-20,79,Stroke,16.8,0.7,69,collected,scheduled,151,82,97,1,Y
P101993,1,2025-05-28,70,Diabetes,15.4,0.6,79,collected,attended,126,77,94,0,N
P101993,2,2025-06-04,70,Diabetes,15.4,0.8,100,collected,attended,143,105,96,0,N
P101993,3,2025-06-11,70,Diabetes,15.4,0.9,88,collected,missed,140,94,96,0,N
P101993,4,2025-06-18,70,Diabetes,15.4,0.8,89,collected,missed,124,86,96,0,N
P101994,1,2024-05-05,73,Hip fracture,18.2,-0.7,77,collected,attended,134,79,97,0,N
P101994,2,2024-05-12,73,Hip fracture,18.2,-0.1,78,late,attended,123,81,96,0,N
P101994,3,2024-05-19,73,Hip fracture,18.2,1.0,89,collected,attended,131,79,96,0,N
P101994,4,2024-05-26,73,Hip fracture,18.2,0.9,88,late,scheduled,113,105,100,0,N
P101995,1,2025-07-29,60,Heart failure,16.8,0.4,88,collected,attended,139,81,95,0,N
P101995,2,2025-08-05,60,Heart failure,16.8,0.6,88,late,attended,131,77,97,0,N
P101995,3,2025-08-12,60,Heart failure,16.8,0.5,87,collected,missed,126,93,94,0,N
P101995,4,2025-08-19,60,Heart failure,16.8,-0.1,90,collected,missed,143,73,95,0,N
P101996,1,2024-04-14,82,COPD,23.1,-0.9,87,collected,scheduled,121,90,98,0,N
P101996,2,2024-04-21,82,COPD,23.1,-1.1,82,collected,scheduled,122,60,98,0,N
P101996,3,2024-04-28,82,COPD,23.1,-0.5,88,collected,missed,130,60,97,0,N
P101996,4,2024-05-05,82,COPD,23.1,-0.6,87,late,scheduled,135,79,99,0,N
P101997,1,2025-06-15,84,Diabetes,19.8,0.1,100,collected,attended,142,82,98,0,N
P101997,2,2025-06-22,84,Diabetes,19.8,0.7,97,collected,scheduled,127,79,94,0,N
P101997,3,2025-06-29,84,Diabetes,19.8,1.3,88,late,scheduled,129,77,97,0,N
P101997,4,2025-07-06,84,Diabetes,19.8,2.0,79,collected,scheduled,141,94,97,0,N
P101998,1,2024-11-12,52,Other,11.9,0.4,83,collected,attended,143,69,96,0,N
P101998,2,2024-11-19,52,Other,11.9,1.4,77,collected,scheduled,137,66,97,0,N
P101998,3,2024-11-26,52,Other,11.9,1.9,80,collected,attended,114,82,100,0,N
P101998,4,2024-12-03,52,Other,11.9,2.9,99,collected,scheduled,141,76,100,0,N
P101999,1,2024-12-16,54,Other,16.8,-0.5,96,late,attended,140,76,98,0,N
P101999,2,2024-12-23,54,Other,16.8,-1.3,75,collected,scheduled,129,84,92,0,N
P101999,3,2024-12-30,54,Other,16.8,-1.0,78,collected,attended,115,88,94,0,N
P101999,4,2025-01-06,54,Other,16.8,-0.7,90,collected,attended,137,76,94,0,N
P102000,1,2025-07-21,89,Heart failure,19.8,0.2,100,collected,scheduled,148,90,96,1,N
P102000,2,2025-07-28,89,Heart failure,19.8,0.7,95,collected,attended,132,73,98,1,N
P102000,3,2025-08-04,89,Heart failure,19.8,1.7,97,collected,scheduled,129,63,96,1,Y
P102000,4,2025-08-11,89,Heart failure,19.8,2.1,87,collected,scheduled,140,86,96,1,Y
P102001,1,2024-02-20,40,Diabetes,11.9,-0.5,88,late,attended,139,85,96,0,N
P102001,2,2024-02-27,40,Diabetes,11.9,-0.6,97,collected,attended,156,81,96,0,N
P102001,3,2024-03-05,40,Diabetes,11.9,-0.8,82,collected,scheduled,156,91,99,0,N
P102001,4,2024-03-12,40,Diabetes,11.9,-0.1,86,collected,attended,137,84,96,0,N
P102002,1,2024-12-21,59,Heart failure,13.0,0.2,87,collected,scheduled,146,70,97,0,N
P102002,2,2024-12-28,59,Heart failure,13.0,1.1,85,collected,attended,148,71,98,0,N
P102002,3,2025-01-04,59,Heart failure,13.0,0.4,91,late,attended,158,87,93,0,N
P102002,4,2025-01-11,59,Heart failure,13.0,0.3,67,collected,attended,153,97,96,0,N
P102003,1,2025-03-07,84,Other,19.8,-0.1,82,collected,scheduled,136,72,98,0,N
P102003,2,2025-03-14,84,Other,19.8,0.2,67,collected,scheduled,130,74,96,0,N
P102003,3,2025-03-21,84,Other,19.8,-1.3,82,collected,scheduled,146,91,92,0,N
P102003,4,2025-03-28,84,Other,19.8,-1.1,78,collected,attended,145,67,96,0,N
P102004,1,2025-01-24,71,Stroke,21.4,-0.9,72,collected,scheduled,126,78,94,0,N
P102004,2,2025-01-31,71,Stroke,21.4,0.0,79,collected,scheduled,120,72,96,0,N
P102004,3,2025-02-07,71,Stroke,21.4,0.7,98,collected,attended,143,79,92,0,N
P102004,4,2025-02-14,71,Stroke,21.4,0.3,90,collected,attended,160,75,95,0,N
P102005,1,2024-11-17,63,Diabetes,23.1,0.7,100,collected,scheduled,112,84,96,0,N
P102005,2,2024-11-24,63,Diabetes,23.1,0.7,94,collected,scheduled,124,86,99,0,N
P102005,3,2024-12-01,63,Diabetes,23.1,-0.8,91,late,attended,155,78,97,0,N
P102005,4,2024-12-08,63,Diabetes,23.1,-0.6,92,collected,attended,129,84,96,0,N
P102006,1,2024-07-21,66,Pneumonia,18.2,0.6,82,collected,scheduled,140,41,98,0,N
P102006,2,2024-07-28,66,Pneumonia,18.2,-0.1,89,collected,attended,139,80,95,0,N
P102006,3,2024-08-04,66,Pneumonia,18.2,0.6,90,late,scheduled,136,65,91,0,N
P102006,4,2024-08-11,66,Pneumonia,18.2,1.1,88,collected,scheduled,161,62,96,0,N
P102007,1,2024-01-16,63,COPD,14.2,-0.7,84,collected,scheduled,142,72,98,0,N
P102007,2,2024-01-23,63,COPD,14.2,0.2,94,collected,scheduled,134,74,97,0,N
P102007,3,2024-01-30,63,COPD,14.2,0.1,72,missed,attended,124,69,96,0,N
P102007,4,2024-02-06,63,COPD,14.2,0.0,82,late,attended,128,74,91,0,N
P102008,1,2024-06-09,56,COPD,13.0,-0.3,100,collected,missed,118,69,94,0,N
P102008,2,2024-06-16,56,COPD,13.0,-0.4,100,late,attended,136,62,95,0,N
P102008,3,2024-06-23,56,COPD,13.0,-0.1,81,collected,scheduled,100,71,92,0,N
P102008,4,2024-06-30,56,COPD,13.0,-0.5,83,collected,attended,133,74,97,0,N
P102009,1,2025-07-07,81,Sepsis,23.1,-0.4,88,collected,scheduled,143,83,99,0,N
P102009,2,2025-07-14,81,Sepsis,23.1,-1.2,84,missed,attended,126,73,97,0,N
P102009,3,2025-07-21,81,Sepsis,23.1,-1.7,91,late,attended,124,97,96,0,N
P102009,4,2025-07-28,81,Sepsis,23.1,-0.9,86,collected,attended,132,62,97,0,N
P102010,1,2025-04-05,44,Pneumonia,13.0,-0.5,70,collected,attended,156,90,97,0,N
P102010,2,2025-04-12,44,Pneumonia,13.0,-0.4,81,collected,attended,123,96,95,0,N
P102010,3,2025-04-19,44,Pneumonia,13.0,-0.9,100,missed,scheduled,148,101,95,0,N
P102010,4,2025-04-26,44,Pneumonia,13.0,-0.6,93,collected,attended,144,80,93,0,N
P102011,1,2025-01-23,58,Hip fracture,25.0,0.3,85,collected,scheduled,117,64,98,0,N
P102011,2,2025-01-30,58,Hip fracture,25.0,0.0,96,late,attended,137,67,98,0,N
P102011,3,2025-02-06,58,Hip fracture,25.0,0.4,93,missed,attended,140,70,96,0,N
P102011,4,2025-02-13,58,Hip fracture,25.0,-0.4,91,collected,attended,125,66,97,0,N
P102012,1,2024-08-19,75,Stroke,14.2,0.1,82,late,missed,119,69,96,0,N
P102012,2,2024-08-26,75,Stroke,14.2,-0.2,85,collected,scheduled,152,67,93,0,N
P102012,3,2024-09-02,75,Stroke,14.2,-0.1,97,collected,missed,104,64,93,0,N
P102012,4,2024-09-09,75,Stroke,14.2,-1.4,90,collected,scheduled,146,82,93,0,N
P102013,1,2024-07-14,77,COPD,26.9,-1.3,100,collected,scheduled,137,54,96,0,N
P102013,2,2024-07-21,77,COPD,26.9,-1.4,90,missed,scheduled,144,61,97,0,N
P102013,3,2024-07-28,77,COPD,26.9,-1.0,65,missed,attended,139,78,98,0,N
P102013,4,2024-08-04,77,COPD,26.9,-1.2,78,collected,scheduled,147,87,95,0,N
P102014,1,2025-02-26,83,Other,42.6,-0.2,94,collected,scheduled,139,65,99,0,N
P102014,2,2025-03-05,83,Other,42.6,0.1,73,collected,attended,132,73,99,0,N
P102014,3,2025-03-12,83,Other,42.6,-0.3,99,collected,attended,142,95,95,0,N
P102014,4,2025-03-19,83,Other,42.6,0.5,74,collected,scheduled,118,52,98,0,N
P102015,1,2025-02-20,48,Diabetes,13.0,1.0,83,collected,attended,144,58,93,0,N
P102015,2,2025-02-27,48,Diabetes,13.0,1.0,75,collected,attended,117,65,98,0,N
P102015,3,2025-03-06,48,Diabetes,13.0,-0.2,92,collected,attended,131,69,98,0,N
P102015,4,2025-03-13,48,Diabetes,13.0,-0.5,97,collected,scheduled,143,81,97,0,N
P102016,1,2024-12-28,85,Other,21.4,-0.3,95,collected,scheduled,118,92,93,0,N
P102016,2,2025-01-04,85,Other,21.4,-0.9,97,collected,attended,127,81,96,0,N
P102016,3,2025-01-11,85,Other,21.4,-1.4,86,collected,attended,138,87,99,0,N
P102016,4,2025-01-18,85,Other,21.4,-1.0,97,collected,attended,120,75,99,0,N
P102017,1,2025-04-14,56,Heart failure,13.0,-0.2,85,collected,attended,119,60,100,0,N
P102017,2,2025-04-21,56,Heart failure,13.0,-0.9,100,collected,attended,132,83,96,0,N
P102017,3,2025-04-28,56,Heart failure,13.0,-1.4,80,missed,scheduled,148,77,94,0,N
P102017,4,2025-05-05,56,Heart failure,13.0,-0.8,80,missed,scheduled,132,71,95,0,N
P102018,1,2024-10-13,77,Hip fracture,21.4,0.6,81,collected,scheduled,129,74,94,0,N
P102018,2,2024-10-20,77,Hip fracture,21.4,0.9,89,collected,attended,153,86,96,0,N
P102018,3,2024-10-27,77,Hip fracture,21.4,0.5,67,collected,attended,126,90,95,0,N
P102018,4,2024-11-03,77,Hip fracture,21.4,1.1,82,late,missed,139,74,93,0,N
P102019,1,2025-04-25,44,Kidney disease,15.4,-0.2,94,collected,missed,111,80,97,0,N
P102019,2,2025-05-02,44,Kidney disease,15.4,-0.4,70,collected,scheduled,116,77,98,0,N
P102019,3,2025-05-09,44,Kidney disease,15.4,-1.6,87,collected,attended,125,92,94,0,N
P102019,4,2025-05-16,44,Kidney disease,15.4,-1.6,73,collected,missed,130,56,99,0,N
P102020,1,2024-04-12,58,Kidney disease,23.1,0.7,97,collected,attended,150,78,97,0,N
P102020,2,2024-04-19,58,Kidney disease,23.1,-0.0,99,collected,attended,110,66,96,0,N
P102020,3,2024-04-26,58,Kidney disease,23.1,-0.5,89,missed,scheduled,138,79,100,0,N
P102020,4,2024-05-03,58,Kidney disease,23.1,0.2,85,collected,attended,138,71,95,0,N
P102021,1,2025-05-22,51,Stroke,15.4,-0.1,74,collected,attended,128,75,99,0,N
P102021,2,2025-05-29,51,Stroke,15.4,-0.0,83,collected,scheduled,145,72,95,0,N
P102021,3,2025-06-05,51,Stroke,15.4,-0.9,81,collected,scheduled,106,79,96,0,N
P102021,4,2025-06-12,51,Stroke,15.4,-0.5,79,late,attended,135,81,97,0,N
P102022,1,2024-04-03,62,Heart failure,14.2,-0.4,82,collected,attended,115,80,95,0,N
P102022,2,2024-04-10,62,Heart failure,14.2,-0.6,72,collected,scheduled,128,79,96,0,N
P102022,3,2024-04-17,62,Heart failure,14.2,-0.1,100,collected,attended,142,84,93,0,N
P102022,4,2024-04-24,62,Heart failure,14.2,0.3,93,late,attended,113,87,95,0,N
P102023,1,2024-08-02,34,Stroke,15.4,0.8,86,collected,scheduled,130,81,97,0,N
P102023,2,2024-08-09,34,Stroke,15.4,0.6,85,missed,scheduled,136,68,93,0,N
P102023,3,2024-08-16,34,Stroke,15.4,1.2,86,collected,attended,117,91,96,0,N
P102023,4,2024-08-23,34,Stroke,15.4,1.6,87,collected,scheduled,138,83,96,0,N
P102024,1,2024-07-06,79,Other,18.2,-0.2,100,collected,attended,140,72,95,0,N
P102024,2,2024-07-13,79,Other,18.2,-0.2,100,late,attended,119,85,94,0,N
P102024,3,2024-07-20,79,Other,18.2,0.6,96,collected,attended,120,81,96,0,N
P102024,4,2024-07-27,79,Other,18.2,1.7,87,collected,attended,127,65,100,0,N
P102025,1,2025-02-16,52,Hip fracture,25.0,-1.4,64,collected,attended,124,80,99,1,N
P102025,2,2025-02-23,52,Hip fracture,25.0,-0.6,78,collected,attended,139,81,95,1,N
P102025,3,2025-03-02,52,Hip fracture,25.0,-0.6,60,late,attended,142,78,93,1,Y
P102025,4,2025-03-09,52,Hip fracture,25.0,-0.4,70,collected,attended,130,82,94,1,Y
P102026,1,2024-12-11,75,Heart failure,19.8,0.6,93,collected,attended,126,76,97,0,N
P102026,2,2024-12-18,75,Heart failure,19.8,0.7,97,collected,attended,125,71,95,0,N
P102026,3,2024-12-25,75,Heart failure,19.8,0.3,91,collected,scheduled,143,64,98,0,N
P102026,4,2025-01-01,75,Heart failure,19.8,-0.2,100,missed,scheduled,118,68,95,0,N
P102027,1,2025-05-24,77,Other,25.0,0.0,91,collected,scheduled,132,89,95,0,N
P102027,2,2025-05-31,77,Other,25.0,1.2,100,late,attended,132,97,95,0,N
P102027,3,2025-06-07,77,Other,25.0,1.4,89,late,attended,124,62,96,0,N
P102027,4,2025-06-14,77,Other,25.0,1.9,77,collected,attended,143,69,97,0,N
P102028,1,2024-05-15,65,Diabetes,23.1,-0.5,74,late,attended,119,79,97,0,N
P102028,2,2024-05-22,65,Diabetes,23.1,-0.3,72,collected,attended,129,100,96,0,N
P102028,3,2024-05-29,65,Diabetes,23.1,-0.0,96,collected,attended,131,75,95,0,N
P102028,4,2024-06-05,65,Diabetes,23.1,0.7,66,collected,attended,146,73,95,0,N
P102029,1,2025-03-21,76,Diabetes,23.1,-0.7,84,collected,attended,135,59,98,0,N
P102029,2,2025-03-28,76,Diabetes,23.1,-0.5,77,collected,scheduled,146,87,97,0,N
P102029,3,2025-04-04,76,Diabetes,23.1,-0.2,100,collected,attended,127,82,98,0,N
P102029,4,2025-04-11,76,Diabetes,23.1,-0.7,77,late,attended,127,70,98,0,N
P102030,1,2025-01-24,81,Diabetes,21.4,0.1,84,collected,missed,150,106,95,1,N
P102030,2,2025-01-31,81,Diabetes,21.4,1.1,74,late,missed,132,78,96,1,N
P102030,3,2025-02-07,81,Diabetes,21.4,0.5,77,collected,missed,162,82,91,1,Y
P102030,4,2025-02-14,81,Diabetes,21.4,0.0,62,missed,attended,140,90,95,1,Y
P102031,1,2024-10-06,69,Pneumonia,15.4,-0.3,91,collected,attended,147,62,96,0,N
P102031,2,2024-10-13,69,Pneumonia,15.4,0.1,79,collected,scheduled,142,80,95,0,N
P102031,3,2024-10-20,69,Pneumonia,15.4,-0.1,77,collected,missed,136,101,96,0,N
P102031,4,2024-10-27,69,Pneumonia,15.4,-0.6,99,collected,attended,123,95,97,0,N
P102032,1,2025-05-26,50,COPD,25.0,-0.2,83,missed,attended,118,86,95,1,N
P102032,2,2025-06-02,50,COPD,25.0,-0.1,82,late,missed,121,65,94,1,N
P102032,3,2025-06-09,50,COPD,25.0,-1.9,77,collected,missed,141,99,96,1,Y
P102032,4,2025-06-16,50,COPD,25.0,-1.1,89,late,attended,141,88,97,1,Y
P102033,1,2025-06-08,69,Sepsis,11.9,0.2,92,collected,missed,154,91,99,0,N
P102033,2,2025-06-15,69,Sepsis,11.9,-0.3,87,collected,scheduled,123,51,97,0,N
P102033,3,2025-06-22,69,Sepsis,11.9,-0.6,100,collected,attended,144,92,95,0,N
P102033,4,2025-06-29,69,Sepsis,11.9,-0.7,100,collected,attended,127,85,96,0,N
P102034,1,2025-05-22,79,Diabetes,33.2,0.1,91,late,scheduled,135,97,94,0,N
P102034,2,2025-05-29,79,Diabetes,33.2,0.6,86,collected,attended,117,73,95,0,N
P102034,3,2025-06-05,79,Diabetes,33.2,0.4,95,collected,scheduled,117,71,93,0,N
P102034,4,2025-06-12,79,Diabetes,33.2,0.7,95,collected,scheduled,135,75,98,0,N
P102035,1,2024-09-27,70,Other,19.8,0.4,79,collected,attended,116,73,95,1,N
P102035,2,2024-10-04,70,Other,19.8,0.7,81,missed,attended,162,83,92,1,N
P102035,3,2024-10-11,70,Other,19.8,1.0,82,collected,missed,124,100,98,1,Y
P102035,4,2024-10-18,70,Other,19.8,1.1,72,collected,attended,131,110,94,1,Y
P102036,1,2024-10-02,42,Stroke,21.4,0.8,87,missed,scheduled,126,53,94,0,N
P102036,2,2024-10-09,42,Stroke,21.4,0.7,89,collected,missed,160,76,97,0,N
P102036,3,2024-10-16,42,Stroke,21.4,0.7,100,missed,missed,126,81,95,0,N
P102036,4,2024-10-23,42,Stroke,21.4,-0.2,97,collected,scheduled,134,76,99,0,N
P102037,1,2025-04-19,64,Sepsis,15.4,-0.5,79,late,attended,149,86,94,0,N
P102037,2,2025-04-26,64,Sepsis,15.4,-0.3,65,missed,scheduled,131,95,92,0,N
P102037,3,2025-05-03,64,Sepsis,15.4,0.5,74,collected,attended,134,85,94,0,N
P102037,4,2025-05-10,64,Sepsis,15.4,0.0,82,collected,scheduled,115,88,95,0,N
P102038,1,2024-06-09,86,Other,19.8,-0.6,84,collected,attended,166,81,94,1,N
P102038,2,2024-06-16,86,Other,19.8,-0.1,61,late,scheduled,147,99,96,1,N
P102038,3,2024-06-23,86,Other,19.8,-0.2,72,missed,missed,154,88,95,1,Y
P102038,4,2024-06-30,86,Other,19.8,1.4,61,collected,attended,151,89,93,1,Y
P102039,1,2024-10-20,56,Diabetes,26.9,1.3,78,missed,attended,146,69,95,0,N
P102039,2,2024-10-27,56,Diabetes,26.9,1.1,86,collected,scheduled,140,69,96,0,N
P102039,3,2024-11-03,56,Diabetes,26.9,1.1,72,collected,attended,135,82,96,0,N
P102039,4,2024-11-10,56,Diabetes,26.9,1.5,93,collected,attended,153,88,95,0,N
P102040,1,2025-05-24,71,Sepsis,19.8,-0.9,84,collected,attended,111,77,96,0,N
P102040,2,2025-05-31,71,Sepsis,19.8,-0.5,89,late,attended,131,91,98,0,N
P102040,3,2025-06-07,71,Sepsis,19.8,-1.5,78,missed,attended,116,69,95,0,N
P102040,4,2025-06-14,71,Sepsis,19.8,-1.8,68,late,scheduled,131,91,96,0,N
P102041,1,2024-02-05,62,COPD,25.0,0.5,87,collected,attended,120,85,97,0,N
P102041,2,2024-02-12,62,COPD,25.0,-0.5,95,collected,attended,139,74,95,0,N
P102041,3,2024-02-19,62,COPD,25.0,0.0,90,collected,scheduled,138,68,93,0,N
P102041,4,2024-02-26,62,COPD,25.0,-0.4,85,collected,attended,116,70,92,0,N
P102042,1,2025-06-06,86,Diabetes,15.4,0.4,84,collected,attended,121,79,96,0,N
P102042,2,2025-06-13,86,Diabetes,15.4,0.7,90,missed,missed,147,78,97,0,N
P102042,3,2025-06-20,86,Diabetes,15.4,0.9,89,collected,attended,122,63,98,0,N
P102042,4,2025-06-27,86,Diabetes,15.4,1.2,97,collected,attended,130,67,97,0,N
P102043,1,2025-04-12,84,Heart failure,25.0,-2.0,94,late,missed,109,81,98,0,N
P102043,2,2025-04-19,84,Heart failure,25.0,-3.0,96,missed,attended,162,63,96,0,N
P102043,3,2025-04-26,84,Heart failure,25.0,-2.8,86,collected,attended,127,83,96,0,N
P102043,4,2025-05-03,84,Heart failure,25.0,-3.0,98,collected,attended,165,67,95,0,N
P102044,1,2024-04-15,85,Sepsis,23.1,0.4,79,collected,scheduled,136,87,93,0,N
P102044,2,2024-04-22,85,Sepsis,23.1,0.6,82,late,missed,140,83,96,0,N
P102044,3,2024-04-29,85,Sepsis,23.1,0.1,92,collected,attended,135,87,94,0,N
P102044,4,2024-05-06,85,Sepsis,23.1,0.5,100,collected,attended,128,73,95,0,N
P102045,1,2025-07-04,74,Diabetes,15.4,-0.7,100,collected,attended,113,80,98,0,N
P102045,2,2025-07-11,74,Diabetes,15.4,-0.8,89,collected,attended,151,66,94,0,N
P102045,3,2025-07-18,74,Diabetes,15.4,-0.8,100,collected,attended,134,82,98,0,N
P102045,4,2025-07-25,74,Diabetes,15.4,-0.8,88,collected,missed,115,61,96,0,N
P102046,1,2024-05-20,65,Sepsis,15.4,-0.2,100,collected,attended,125,86,95,0,N
P102046,2,2024-05-27,65,Sepsis,15.4,-0.2,100,collected,attended,145,69,98,0,N
P102046,3,2024-06-03,65,Sepsis,15.4,0.8,99,collected,attended,99,90,95,0,N
P102046,4,2024-06-10,65,Sepsis,15.4,0.2,87,late,attended,108,82,94,0,N
P102047,1,2024-04-16,77,Other,25.0,-1.0,80,missed,scheduled,121,94,98,0,N
P102047,2,2024-04-23,77,Other,25.0,-0.5,89,late,attended,119,64,96,0,N
P102047,3,2024-04-30,77,Other,25.0,-0.2,92,collected,missed,142,77,96,0,N
P102047,4,2024-05-07,77,Other,25.0,0.2,95,late,scheduled,164,64,97,0,N
P102048,1,2024-03-12,61,Stroke,14.2,0.3,100,collected,attended,146,88,97,0,N
P102048,2,2024-03-19,61,Stroke,14.2,-0.0,88,collected,attended,142,62,97,0,N
P102048,3,2024-03-26,61,Stroke,14.2,-0.5,74,collected,scheduled,123,93,97,0,N
P102048,4,2024-04-02,61,Stroke,14.2,-0.3,79,missed,scheduled,120,72,95,0,N
P102049,1,2024-03-15,61,COPD,26.9,-0.7,78,collected,attended,144,87,95,0,N
P102049,2,2024-03-22,61,COPD,26.9,-0.3,69,collected,attended,148,76,97,0,N
P102049,3,2024-03-29,61,COPD,26.9,-1.5,69,collected,attended,127,76,96,0,N
P102049,4,2024-04-05,61,COPD,26.9,-1.5,94,missed,attended,147,76,93,0,N
P102050,1,2025-08-19,56,Stroke,14.2,-0.5,98,collected,attended,146,64,96,1,N
P102050,2,2025-08-26,56,Stroke,14.2,-0.3,98,collected,attended,136,96,96,1,N
P102050,3,2025-09-02,56,Stroke,14.2,-0.2,100,late,scheduled,127,64,100,1,Y
P102050,4,2025-09-09,56,Stroke,14.2,-0.2,55,late,scheduled,94,93,96,1,Y
P102051,1,2024-05-23,95,Diabetes,21.4,0.7,82,collected,attended,137,91,98,1,N
P102051,2,2024-05-30,95,Diabetes,21.4,-0.4,61,late,missed,154,71,93,1,N
P102051,3,2024-06-06,95,Diabetes,21.4,-0.6,77,collected,attended,134,104,97,1,Y
P102051,4,2024-06-13,95,Diabetes,21.4,0.4,82,collected,scheduled,154,98,94,1,Y
P102052,1,2024-08-09,42,Heart failure,19.8,-0.8,78,collected,attended,119,75,94,0,N
P102052,2,2024-08-16,42,Heart failure,19.8,-0.2,100,collected,scheduled,144,77,97,0,N
P102052,3,2024-08-23,42,Heart failure,19.8,-0.3,80,collected,scheduled,115,74,94,0,N
P102052,4,2024-08-30,42,Heart failure,19.8,-0.0,84,collected,attended,136,71,95,0,N
P102053,1,2025-05-13,73,Heart failure,14.2,1.5,81,collected,attended,152,76,100,1,N
P102053,2,2025-05-20,73,Heart failure,14.2,1.9,90,collected,scheduled,132,73,96,1,N
P102053,3,2025-05-27,73,Heart failure,14.2,2.7,80,late,missed,133,78,92,1,Y
P102053,4,2025-06-03,73,Heart failure,14.2,2.9,98,collected,attended,122,83,99,1,Y
P102054,1,2024-07-13,69,Kidney disease,13.0,-1.2,92,collected,missed,148,87,95,0,N
P102054,2,2024-07-20,69,Kidney disease,13.0,-1.6,84,collected,attended,154,76,94,0,N
P102054,3,2024-07-27,69,Kidney disease,13.0,-1.0,100,collected,attended,144,64,97,0,N
P102054,4,2024-08-03,69,Kidney disease,13.0,-0.7,94,collected,scheduled,124,76,96,0,N
P102055,1,2024-04-24,82,Sepsis,23.1,-0.3,99,collected,attended,142,63,98,0,N
P102055,2,2024-05-01,82,Sepsis,23.1,-1.5,76,collected,attended,135,62,95,0,N
P102055,3,2024-05-08,82,Sepsis,23.1,-1.4,100,collected,attended,146,84,97,0,N
P102055,4,2024-05-15,82,Sepsis,23.1,-0.8,85,collected,attended,110,80,98,0,N
P102056,1,2024-05-20,64,Diabetes,25.0,0.9,100,late,attended,157,75,99,0,N
P102056,2,2024-05-27,64,Diabetes,25.0,1.4,88,collected,attended,144,76,92,0,N
P102056,3,2024-06-03,64,Diabetes,25.0,1.8,83,late,scheduled,158,74,96,0,N
P102056,4,2024-06-10,64,Diabetes,25.0,1.9,78,late,scheduled,135,61,97,0,N
P102057,1,2025-07-14,52,Sepsis,14.2,0.4,96,collected,attended,137,90,98,0,N
P102057,2,2025-07-21,52,Sepsis,14.2,0.9,81,collected,attended,129,76,98,0,N
P102057,3,2025-07-28,52,Sepsis,14.2,0.6,88,collected,scheduled,135,68,97,0,N
P102057,4,2025-08-04,52,Sepsis,14.2,1.6,65,collected,attended,169,88,95,0,N
P102058,1,2024-03-18,67,COPD,14.2,-1.1,84,late,scheduled,126,72,96,1,N
P102058,2,2024-03-25,67,COPD,14.2,-1.4,70,missed,scheduled,135,95,95,1,N
P102058,3,2024-04-01,67,COPD,14.2,-0.7,67,collected,attended,159,100,94,1,Y
P102058,4,2024-04-08,67,COPD,14.2,0.2,82,collected,scheduled,134,88,94,1,Y
P102059,1,2025-08-26,81,Heart failure,31.0,0.0,51,collected,scheduled,156,82,99,1,N
P102059,2,2025-09-02,81,Heart failure,31.0,1.3,80,missed,attended,162,80,95,1,N
P102059,3,2025-09-09,81,Heart failure,31.0,1.9,74,collected,scheduled,159,65,95,1,Y
P102059,4,2025-09-16,81,Heart failure,31.0,2.1,73,missed,attended,131,83,94,1,Y
P102060,1,2024-11-17,65,Kidney disease,14.2,1.1,88,collected,scheduled,125,92,93,0,N
P102060,2,2024-11-24,65,Kidney disease,14.2,2.0,100,collected,missed,129,99,95,0,N
P102060,3,2024-12-01,65,Kidney disease,14.2,2.4,89,collected,attended,145,71,98,0,N
P102060,4,2024-12-08,65,Kidney disease,14.2,1.2,76,collected,scheduled,151,85,97,0,N
P102061,1,2024-12-10,74,COPD,19.8,0.1,92,collected,scheduled,141,77,95,0,N
P102061,2,2024-12-17,74,COPD,19.8,0.9,87,collected,scheduled,129,79,95,0,N
P102061,3,2024-12-24,74,COPD,19.8,2.3,90,collected,attended,138,80,94,0,N
P102061,4,2024-12-31,74,COPD,19.8,1.6,94,collected,attended,152,75,99,0,N
P102062,1,2024-11-01,94,Diabetes,40.1,1.3,61,collected,attended,137,97,95,1,N
P102062,2,2024-11-08,94,Diabetes,40.1,1.6,78,missed,missed,144,95,94,1,N
P102062,3,2024-11-15,94,Diabetes,40.1,2.2,84,late,attended,118,77,97,1,Y
P102062,4,2024-11-22,94,Diabetes,40.1,3.5,93,missed,attended,157,83,97,1,Y
P102063,1,2024-04-22,47,Heart failure,25.0,0.6,98,late,attended,130,92,95,0,N
P102063,2,2024-04-29,47,Heart failure,25.0,0.7,77,late,attended,120,96,96,0,N
P102063,3,2024-05-06,47,Heart failure,25.0,1.5,75,collected,attended,141,76,98,0,N
P102063,4,2024-05-13,47,Heart failure,25.0,0.8,98,collected,attended,142,57,97,0,N
P102064,1,2025-08-14,62,Pneumonia,15.4,-0.3,91,collected,scheduled,115,88,95,0,N
P102064,2,2025-08-21,62,Pneumonia,15.4,-0.9,85,collected,attended,148,86,98,0,N
P102064,3,2025-08-28,62,Pneumonia,15.4,-1.1,83,missed,scheduled,131,74,95,0,N
P102064,4,2025-09-04,62,Pneumonia,15.4,-0.5,89,late,attended,118,94,94,0,N
P102065,1,2024-10-01,62,Heart failure,15.4,-1.4,93,collected,scheduled,128,82,96,0,N
P102065,2,2024-10-08,62,Heart failure,15.4,-1.2,89,collected,attended,105,63,95,0,N
P102065,3,2024-10-15,62,Heart failure,15.4,-2.2,87,collected,scheduled,138,78,100,0,N
P102065,4,2024-10-22,62,Heart failure,15.4,-1.0,79,collected,attended,126,83,98,0,N
P102066,1,2024-09-06,69,Sepsis,16.8,-0.1,95,collected,attended,126,82,98,0,N
P102066,2,2024-09-13,69,Sepsis,16.8,-0.2,89,late,attended,133,85,94,0,N
P102066,3,2024-09-20,69,Sepsis,16.8,-0.5,89,collected,missed,136,82,98,0,N
P102066,4,2024-09-27,69,Sepsis,16.8,0.1,72,collected,attended,123,80,97,0,N
P102067,1,2024-07-01,82,Stroke,25.0,-0.7,60,collected,missed,130,67,96,0,N
P102067,2,2024-07-08,82,Stroke,25.0,-0.7,81,collected,missed,150,93,94,0,N
P102067,3,2024-07-15,82,Stroke,25.0,-0.2,98,collected,attended,155,77,97,0,N
P102067,4,2024-07-22,82,Stroke,25.0,0.2,71,collected,attended,150,109,97,0,N
P102068,1,2024-04-13,64,Sepsis,15.4,-0.2,82,collected,attended,133,80,96,0,N
P102068,2,2024-04-20,64,Sepsis,15.4,-0.2,90,collected,attended,112,101,93,0,N
P102068,3,2024-04-27,64,Sepsis,15.4,-0.2,95,collected,attended,114,86,97,0,N
P102068,4,2024-05-04,64,Sepsis,15.4,-0.4,88,collected,scheduled,144,71,99,0,N
P102069,1,2024-05-02,66,Diabetes,19.8,-0.6,99,collected,missed,125,71,99,0,N
P102069,2,2024-05-09,66,Diabetes,19.8,-1.9,80,collected,attended,154,94,95,0,N
P102069,3,2024-05-16,66,Diabetes,19.8,-2.4,100,collected,scheduled,133,67,98,0,N
P102069,4,2024-05-23,66,Diabetes,19.8,-2.2,95,late,attended,132,80,93,0,N
P102070,1,2024-09-23,64,Kidney disease,11.9,-0.1,79,missed,missed,161,81,95,0,N
P102070,2,2024-09-30,64,Kidney disease,11.9,-0.5,69,collected,scheduled,153,87,93,0,N
P102070,3,2024-10-07,64,Kidney disease,11.9,-0.6,75,collected,scheduled,143,67,96,0,N
P102070,4,2024-10-14,64,Kidney disease,11.9,0.3,79,late,scheduled,130,102,95,0,N
P102071,1,2024-12-19,82,Hip fracture,16.8,0.5,89,collected,attended,134,71,96,1,N
P102071,2,2024-12-26,82,Hip fracture,16.8,0.8,100,collected,missed,140,56,92,1,N
P102071,3,2025-01-02,82,Hip fracture,16.8,0.1,100,collected,attended,125,88,96,1,Y
P102071,4,2025-01-09,82,Hip fracture,16.8,-0.1,91,collected,attended,125,88,96,1,Y
P102072,1,2025-06-11,100,Hip fracture,50.0,-0.8,68,collected,attended,133,71,95,1,N
P102072,2,2025-06-18,100,Hip fracture,50.0,-0.2,63,collected,missed,145,89,95,1,N
P102072,3,2025-06-25,100,Hip fracture,50.0,0.3,81,late,attended,146,78,95,1,Y
P102072,4,2025-07-02,100,Hip fracture,50.0,0.7,60,late,attended,114,83,94,1,Y
P102073,1,2024-02-10,63,Sepsis,23.1,-0.8,100,collected,scheduled,115,67,95,0,N
P102073,2,2024-02-17,63,Sepsis,23.1,-1.5,90,collected,scheduled,155,68,97,0,N
P102073,3,2024-02-24,63,Sepsis,23.1,-1.0,80,late,attended,138,72,99,0,N
P102073,4,2024-03-02,63,Sepsis,23.1,-1.0,91,collected,attended,116,81,92,0,N
P102074,1,2025-05-03,33,Heart failure,11.9,0.6,90,collected,attended,149,90,96,0,N
P102074,2,2025-05-10,33,Heart failure,11.9,0.2,73,collected,attended,147,64,97,0,N
P102074,3,2025-05-17,33,Heart failure,11.9,0.8,87,missed,missed,143,91,97,0,N
P102074,4,2025-05-24,33,Heart failure,11.9,1.3,55,missed,missed,155,64,96,0,N
P102075,1,2025-01-16,58,Pneumonia,28.9,-0.2,91,collected,attended,96,69,99,0,N
P102075,2,2025-01-23,58,Pneumonia,28.9,-0.1,86,collected,attended,122,75,97,0,N
P102075,3,2025-01-30,58,Pneumonia,28.9,0.4,88,collected,attended,128,87,94,0,N
P102075,4,2025-02-06,58,Pneumonia,28.9,-0.2,70,collected,attended,112,66,97,0,N
P102076,1,2025-06-18,75,COPD,16.8,0.4,86,collected,attended,140,74,96,0,N
P102076,2,2025-06-25,75,COPD,16.8,1.4,71,collected,attended,119,89,93,0,N
P102076,3,2025-07-02,75,COPD,16.8,0.7,79,late,scheduled,124,69,94,0,N
P102076,4,2025-07-09,75,COPD,16.8,1.0,83,collected,scheduled,123,85,97,0,N
P102077,1,2024-10-16,61,Heart failure,14.2,0.3,60,collected,attended,119,74,96,0,N
P102077,2,2024-10-23,61,Heart failure,14.2,1.2,75,collected,attended,105,74,96,0,N
P102077,3,2024-10-30,61,Heart failure,14.2,1.7,87,collected,attended,145,65,96,0,N
P102077,4,2024-11-06,61,Heart failure,14.2,2.4,94,late,scheduled,159,70,97,0,N
P102078,1,2024-10-20,55,COPD,15.4,0.4,98,collected,scheduled,128,78,95,0,N
P102078,2,2024-10-27,55,COPD,15.4,0.4,79,collected,attended,112,86,96,0,N
P102078,3,2024-11-03,55,COPD,15.4,-0.0,94,collected,scheduled,111,72,95,0,N
P102078,4,2024-11-10,55,COPD,15.4,1.2,96,collected,attended,121,58,96,0,N
P102079,1,2024-05-20,72,Kidney disease,15.4,1.0,99,collected,attended,153,83,96,0,N
P102079,2,2024-05-27,72,Kidney disease,15.4,0.5,85,collected,scheduled,99,71,97,0,N
P102079,3,2024-06-03,72,Kidney disease,15.4,0.9,90,collected,attended,133,106,97,0,N
P102079,4,2024-06-10,72,Kidney disease,15.4,2.4,82,late,attended,132,71,98,0,N
P102080,1,2024-06-11,100,COPD,31.0,0.2,90,collected,scheduled,121,86,96,0,N
P102080,2,2024-06-18,100,COPD,31.0,0.0,97,collected,scheduled,133,70,91,0,N
P102080,3,2024-06-25,100,COPD,31.0,-0.4,82,collected,scheduled,140,81,96,0,N
P102080,4,2024-07-02,100,COPD,31.0,0.6,81,collected,attended,147,82,100,0,N
P102081,1,2025-01-19,73,Other,18.2,1.0,80,collected,attended,146,68,96,0,N
P102081,2,2025-01-26,73,Other,18.2,1.6,83,collected,scheduled,141,87,97,0,N
P102081,3,2025-02-02,73,Other,18.2,1.4,94,collected,missed,146,90,96,0,N
P102081,4,2025-02-09,73,Other,18.2,0.8,75,collected,missed,138,65,96,0,N
P102082,1,2024-07-01,74,COPD,25.0,0.4,97,collected,attended,134,67,95,0,N
P102082,2,2024-07-08,74,COPD,25.0,1.8,80,collected,scheduled,111,73,95,0,N
P102082,3,2024-07-15,74,COPD,25.0,1.5,97,collected,scheduled,138,94,96,0,N
P102082,4,2024-07-22,74,COPD,25.0,1.7,90,collected,scheduled,133,46,94,0,N
P102083,1,2024-07-06,62,Diabetes,15.4,0.6,91,collected,attended,170,69,96,1,N
P102083,2,2024-07-13,62,Diabetes,15.4,0.7,72,collected,attended,143,81,95,1,N
P102083,3,2024-07-20,62,Diabetes,15.4,0.5,100,collected,attended,137,78,95,1,Y
P102083,4,2024-07-27,62,Diabetes,15.4,1.5,80,collected,attended,126,75,95,1,Y
P102084,1,2025-01-15,80,Heart failure,21.4,-0.2,94,collected,attended,109,86,95,0,N
P102084,2,2025-01-22,80,Heart failure,21.4,0.2,78,missed,scheduled,141,79,94,0,N
P102084,3,2025-01-29,80,Heart failure,21.4,0.9,87,collected,scheduled,146,62,97,0,N
P102084,4,2025-02-05,80,Heart failure,21.4,1.1,81,collected,attended,125,86,96,0,N
P102085,1,2025-03-11,49,Heart failure,21.4,0.0,96,collected,attended,120,78,98,0,N
P102085,2,2025-03-18,49,Heart failure,21.4,0.6,81,collected,attended,129,76,97,0,N
P102085,3,2025-03-25,49,Heart failure,21.4,1.1,99,late,attended,123,93,96,0,N
P102085,4,2025-04-01,49,Heart failure,21.4,1.9,82,collected,attended,145,90,93,0,N
P102086,1,2025-08-19,88,Sepsis,21.4,-0.2,81,collected,attended,139,73,97,0,N
P102086,2,2025-08-26,88,Sepsis,21.4,-0.4,77,collected,scheduled,128,75,93,0,N
P102086,3,2025-09-02,88,Sepsis,21.4,-0.2,88,collected,attended,139,92,96,0,N
P102086,4,2025-09-09,88,Sepsis,21.4,0.2,95,collected,attended,128,55,97,0,N
P102087,1,2024-03-07,71,Stroke,25.0,0.8,71,missed,attended,131,63,100,0,N
P102087,2,2024-03-14,71,Stroke,25.0,0.8,87,missed,attended,157,91,97,0,N
P102087,3,2024-03-21,71,Stroke,25.0,0.7,94,missed,attended,135,83,98,0,N
P102087,4,2024-03-28,71,Stroke,25.0,1.5,80,collected,scheduled,129,80,94,0,N
P102088,1,2025-05-09,58,Diabetes,15.4,-0.4,80,collected,attended,162,90,96,0,N
P102088,2,2025-05-16,58,Diabetes,15.4,0.4,65,collected,scheduled,147,90,98,0,N
P102088,3,2025-05-23,58,Diabetes,15.4,0.3,88,collected,attended,142,80,96,0,N
P102088,4,2025-05-30,58,Diabetes,15.4,-0.3,75,collected,missed,122,86,96,0,N
P102089,1,2024-05-18,53,Hip fracture,11.9,0.1,76,collected,missed,155,62,100,0,N
P102089,2,2024-05-25,53,Hip fracture,11.9,0.8,62,collected,attended,127,64,99,0,N
P102089,3,2024-06-01,53,Hip fracture,11.9,1.1,77,collected,attended,157,76,95,0,N
P102089,4,2024-06-08,53,Hip fracture,11.9,1.5,73,late,missed,149,91,94,0,N
P102090,1,2025-01-29,93,Other,19.8,0.8,89,missed,missed,157,67,98,1,N
P102090,2,2025-02-05,93,Other,19.8,0.8,95,collected,attended,135,98,94,1,N
P102090,3,2025-02-12,93,Other,19.8,1.3,99,collected,attended,129,89,99,1,Y
P102090,4,2025-02-19,93,Other,19.8,1.5,83,late,attended,164,83,96,1,Y
P102091,1,2024-10-27,68,Other,14.2,-0.2,93,collected,scheduled,108,62,97,0,N
P102091,2,2024-11-03,68,Other,14.2,1.0,74,missed,scheduled,129,89,98,0,N
P102091,3,2024-11-10,68,Other,14.2,1.6,89,collected,attended,144,80,94,0,N
P102091,4,2024-11-17,68,Other,14.2,1.9,94,collected,attended,129,70,96,0,N
P102092,1,2025-08-17,67,Hip fracture,13.0,0.5,92,collected,attended,131,70,94,0,N
P102092,2,2025-08-24,67,Hip fracture,13.0,1.4,98,collected,attended,122,69,97,0,N
P102092,3,2025-08-31,67,Hip fracture,13.0,2.5,85,collected,scheduled,134,73,97,0,N
P102092,4,2025-09-07,67,Hip fracture,13.0,2.5,89,missed,scheduled,123,80,99,0,N
P102093,1,2024-03-15,67,Stroke,13.0,0.3,74,collected,attended,122,79,92,1,N
P102093,2,2024-03-22,67,Stroke,13.0,1.4,77,late,scheduled,113,102,96,1,N
P102093,3,2024-03-29,67,Stroke,13.0,2.1,87,collected,attended,120,70,98,1,Y
P102093,4,2024-04-05,67,Stroke,13.0,1.4,82,late,scheduled,137,62,97,1,Y
P102094,1,2024-12-07,50,Other,15.4,-0.9,94,collected,attended,146,97,96,0,N
P102094,2,2024-12-14,50,Other,15.4,-1.5,97,collected,attended,149,62,95,0,N
P102094,3,2024-12-21,50,Other,15.4,-1.7,84,collected,scheduled,120,75,96,0,N
P102094,4,2024-12-28,50,Other,15.4,-2.2,98,collected,attended,122,78,96,0,N
P102095,1,2025-03-17,54,Kidney disease,18.2,-0.2,75,collected,attended,135,74,99,0,N
P102095,2,2025-03-24,54,Kidney disease,18.2,-0.1,95,collected,scheduled,138,88,95,0,N
P102095,3,2025-03-31,54,Kidney disease,18.2,-1.1,74,collected,scheduled,135,97,96,0,N
P102095,4,2025-04-07,54,Kidney disease,18.2,0.5,76,collected,attended,130,60,97,0,N
P102096,1,2025-04-20,95,Diabetes,18.2,-0.2,84,missed,scheduled,134,77,98,0,N
P102096,2,2025-04-27,95,Diabetes,18.2,0.1,100,collected,scheduled,152,62,97,0,N
P102096,3,2025-05-04,95,Diabetes,18.2,0.6,100,collected,scheduled,146,82,97,0,N
P102096,4,2025-05-11,95,Diabetes,18.2,-0.1,84,collected,scheduled,133,81,95,0,N
P102097,1,2024-04-17,82,Sepsis,21.4,-0.4,70,collected,attended,144,84,95,0,N
P102097,2,2024-04-24,82,Sepsis,21.4,0.8,90,collected,scheduled,138,77,95,0,N
P102097,3,2024-05-01,82,Sepsis,21.4,0.9,80,collected,attended,131,104,97,0,N
P102097,4,2024-05-08,82,Sepsis,21.4,1.8,88,late,scheduled,117,77,95,0,N
P102098,1,2024-05-22,86,Diabetes,16.8,0.9,84,late,scheduled,133,64,95,0,N
P102098,2,2024-05-29,86,Diabetes,16.8,0.6,87,collected,attended,168,98,96,0,N
P102098,3,2024-06-05,86,Diabetes,16.8,0.3,77,collected,attended,146,79,96,0,N
P102098,4,2024-06-12,86,Diabetes,16.8,-0.3,81,collected,attended,135,72,97,0,N
P102099,1,2024-09-16,76,Kidney disease,14.2,0.9,100,collected,scheduled,136,79,96,0,N
P102099,2,2024-09-23,76,Kidney disease,14.2,0.9,100,collected,attended,136,68,98,0,N
P102099,3,2024-09-30,76,Kidney disease,14.2,1.4,94,collected,attended,130,81,95,0,N
P102099,4,2024-10-07,76,Kidney disease,14.2,2.4,73,collected,missed,147,66,97,0,N
P102100,1,2025-02-08,81,Other,25.0,0.6,78,collected,attended,140,64,96,0,N
P102100,2,2025-02-15,81,Other,25.0,0.6,79,collected,attended,132,78,97,0,N
P102100,3,2025-02-22,81,Other,25.0,0.2,100,collected,missed,133,79,94,0,N
P102100,4,2025-03-01,81,Other,25.0,-0.2,85,collected,attended,136,84,95,0,N
P102101,1,2024-11-16,84,Kidney disease,28.9,0.7,93,collected,attended,126,96,98,0,N
P102101,2,2024-11-23,84,Kidney disease,28.9,-0.2,90,collected,scheduled,129,69,96,0,N
P102101,3,2024-11-30,84,Kidney disease,28.9,-0.4,86,late,attended,124,69,97,0,N
P102101,4,2024-12-07,84,Kidney disease,28.9,-0.4,100,collected,missed,124,95,95,0,N
P102102,1,2024-09-30,71,COPD,15.4,-0.2,78,collected,attended,119,76,98,0,N
P102102,2,2024-10-07,71,COPD,15.4,-1.0,64,missed,attended,128,68,96,0,N
P102102,3,2024-10-14,71,COPD,15.4,-1.7,71,collected,scheduled,134,58,100,0,N
P102102,4,2024-10-21,71,COPD,15.4,-0.6,86,collected,attended,128,79,99,0,N
P102103,1,2024-09-12,64,Pneumonia,13.0,-0.5,92,collected,attended,105,89,96,0,N
P102103,2,2024-09-19,64,Pneumonia,13.0,-1.0,95,collected,scheduled,118,73,95,0,N
P102103,3,2024-09-26,64,Pneumonia,13.0,-0.7,97,late,scheduled,160,60,96,0,N
P102103,4,2024-10-03,64,Pneumonia,13.0,-0.4,97,collected,attended,136,80,93,0,N
P102104,1,2024-08-15,60,Other,18.2,0.8,81,collected,scheduled,143,92,94,0,N
P102104,2,2024-08-22,60,Other,18.2,1.8,100,collected,attended,144,80,97,0,N
P102104,3,2024-08-29,60,Other,18.2,3.0,100,collected,scheduled,139,80,98,0,N
P102104,4,2024-09-05,60,Other,18.2,3.6,77,missed,scheduled,149,89,95,0,N
P102105,1,2024-10-10,67,Diabetes,16.8,0.6,92,collected,scheduled,122,86,96,0,N
P102105,2,2024-10-17,67,Diabetes,16.8,0.3,96,collected,scheduled,130,60,95,0,N
P102105,3,2024-10-24,67,Diabetes,16.8,0.5,98,collected,scheduled,118,87,95,0,N
P102105,4,2024-10-31,67,Diabetes,16.8,0.4,93,collected,attended,119,85,93,0,N
P102106,1,2024-03-07,52,COPD,15.4,0.5,95,collected,scheduled,131,80,99,0,N
P102106,2,2024-03-14,52,COPD,15.4,0.9,92,collected,attended,130,80,97,0,N
P102106,3,2024-03-21,52,COPD,15.4,2.0,85,collected,attended,126,82,95,0,N
P102106,4,2024-03-28,52,COPD,15.4,1.3,90,missed,attended,144,63,97,0,N
P102107,1,2025-07-06,56,Heart failure,25.0,0.6,95,collected,attended,119,88,96,0,N
P102107,2,2025-07-13,56,Heart failure,25.0,1.2,100,late,scheduled,149,83,97,0,N
P102107,3,2025-07-20,56,Heart failure,25.0,0.7,80,collected,attended,123,73,97,0,N
P102107,4,2025-07-27,56,Heart failure,25.0,1.1,71,collected,attended,120,79,95,0,N
P102108,1,2024-07-12,77,Diabetes,26.9,-0.4,96,collected,attended,123,90,97,0,N
P102108,2,2024-07-19,77,Diabetes,26.9,-0.5,98,collected,attended,135,83,95,0,N
P102108,3,2024-07-26,77,Diabetes,26.9,-0.4,90,collected,attended,136,73,97,0,N
P102108,4,2024-08-02,77,Diabetes,26.9,-0.4,93,collected,attended,125,100,96,0,N
P102109,1,2025-07-04,100,Other,23.1,-0.8,83,collected,scheduled,129,100,96,0,N
P102109,2,2025-07-11,100,Other,23.1,-0.2,100,collected,attended,132,74,96,0,N
P102109,3,2025-07-18,100,Other,23.1,-0.8,97,collected,attended,135,78,98,0,N
P102109,4,2025-07-25,100,Other,23.1,-0.7,100,collected,attended,123,59,96,0,N
P102110,1,2024-02-16,51,Stroke,13.0,0.4,85,collected,scheduled,136,100,97,0,N
P102110,2,2024-02-23,51,Stroke,13.0,0.6,75,collected,scheduled,141,91,96,0,N
P102110,3,2024-03-01,51,Stroke,13.0,0.2,96,collected,attended,111,78,98,0,N
P102110,4,2024-03-08,51,Stroke,13.0,0.3,79,collected,attended,137,86,98,0,N
P102111,1,2024-03-07,75,Diabetes,21.4,0.0,85,collected,scheduled,118,88,94,0,N
P102111,2,2024-03-14,75,Diabetes,21.4,0.3,95,collected,attended,132,77,99,0,N
P102111,3,2024-03-21,75,Diabetes,21.4,1.2,91,collected,attended,99,74,96,0,N
P102111,4,2024-03-28,75,Diabetes,21.4,-0.0,83,collected,attended,117,96,96,0,N
P102112,1,2024-03-24,84,Diabetes,19.8,-0.2,74,collected,attended,124,93,93,0,N
P102112,2,2024-03-31,84,Diabetes,19.8,-1.2,91,collected,attended,145,73,95,0,N
P102112,3,2024-04-07,84,Diabetes,19.8,-1.9,85,collected,attended,131,71,98,0,N
P102112,4,2024-04-14,84,Diabetes,19.8,-2.1,88,missed,attended,144,83,94,0,N
P102113,1,2025-07-23,73,Hip fracture,18.2,-1.4,76,collected,missed,147,85,94,0,N
P102113,2,2025-07-30,73,Hip fracture,18.2,-1.2,83,collected,attended,123,91,92,0,N
P102113,3,2025-08-06,73,Hip fracture,18.2,-1.3,84,collected,attended,128,84,96,0,N
P102113,4,2025-08-13,73,Hip fracture,18.2,-1.3,99,collected,attended,147,84,97,0,N
P102114,1,2025-02-17,61,COPD,19.8,0.1,91,collected,attended,108,56,94,0,N
P102114,2,2025-02-24,61,COPD,19.8,0.9,98,collected,attended,132,85,95,0,N
P102114,3,2025-03-03,61,COPD,19.8,1.2,87,late,attended,144,85,96,0,N
P102114,4,2025-03-10,61,COPD,19.8,1.4,76,collected,scheduled,101,78,97,0,N
P102115,1,2025-08-28,88,Other,23.1,0.2,85,collected,scheduled,113,96,97,0,N
P102115,2,2025-09-04,88,Other,23.1,-1.1,97,late,attended,137,91,96,0,N
P102115,3,2025-09-11,88,Other,23.1,-1.1,100,missed,attended,145,62,98,0,N
P102115,4,2025-09-18,88,Other,23.1,-0.3,85,missed,attended,135,88,97,0,N
P102116,1,2025-04-27,78,Other,26.9,-0.1,100,collected,scheduled,123,84,99,1,N
P102116,2,2025-05-04,78,Other,26.9,0.4,84,missed,attended,139,75,95,1,N
P102116,3,2025-05-11,78,Other,26.9,0.8,83,late,missed,169,94,98,1,Y
P102116,4,2025-05-18,78,Other,26.9,0.9,75,collected,scheduled,151,85,95,1,Y
P102117,1,2024-12-21,45,Stroke,13.0,-0.8,89,collected,attended,126,83,97,0,N
P102117,2,2024-12-28,45,Stroke,13.0,-0.1,95,collected,missed,140,67,95,0,N
P102117,3,2025-01-04,45,Stroke,13.0,0.3,80,collected,attended,131,73,97,0,N
P102117,4,2025-01-11,45,Stroke,13.0,-0.6,96,late,attended,116,62,97,0,N
P102118,1,2024-03-11,70,Sepsis,11.9,-0.1,100,collected,attended,161,93,100,1,N
P102118,2,2024-03-18,70,Sepsis,11.9,-1.2,88,missed,scheduled,120,74,97,1,N
P102118,3,2024-03-25,70,Sepsis,11.9,-0.5,73,missed,attended,121,78,97,1,Y
P102118,4,2024-04-01,70,Sepsis,11.9,-1.1,78,missed,scheduled,139,72,94,1,Y
P102119,1,2024-07-22,83,COPD,25.0,-0.1,86,collected,missed,144,88,93,0,N
P102119,2,2024-07-29,83,COPD,25.0,-0.5,80,collected,attended,134,71,95,0,N
P102119,3,2024-08-05,83,COPD,25.0,-0.7,95,collected,attended,123,74,96,0,N
P102119,4,2024-08-12,83,COPD,25.0,-1.3,100,late,attended,115,83,95,0,N
P102120,1,2025-05-17,56,Stroke,16.8,0.9,88,missed,attended,129,61,94,1,N
P102120,2,2025-05-24,56,Stroke,16.8,0.3,77,late,scheduled,134,66,96,1,N
P102120,3,2025-05-31,56,Stroke,16.8,-1.2,66,collected,missed,148,94,95,1,Y
P102120,4,2025-06-07,56,Stroke,16.8,-1.7,78,missed,missed,139,83,94,1,Y
P102121,1,2024-07-29,59,Hip fracture,13.0,0.1,71,missed,attended,135,85,95,0,N
P102121,2,2024-08-05,59,Hip fracture,13.0,-0.9,72,late,scheduled,143,86,97,0,N
P102121,3,2024-08-12,59,Hip fracture,13.0,-1.0,71,collected,scheduled,142,80,93,0,N
P102121,4,2024-08-19,59,Hip fracture,13.0,-1.7,82,late,attended,166,75,92,0,N
P102122,1,2024-06-20,68,Heart failure,21.4,-0.1,100,collected,attended,148,65,96,0,N
P102122,2,2024-06-27,68,Heart failure,21.4,1.0,90,collected,scheduled,134,88,97,0,N
P102122,3,2024-07-04,68,Heart failure,21.4,1.3,94,collected,scheduled,110,59,96,0,N
P102122,4,2024-07-11,68,Heart failure,21.4,1.9,79,collected,attended,103,67,97,0,N
P102123,1,2024-08-08,71,Diabetes,16.8,-0.6,87,collected,attended,151,78,93,1,N
P102123,2,2024-08-15,71,Diabetes,16.8,-0.2,86,late,scheduled,156,83,94,1,N
P102123,3,2024-08-22,71,Diabetes,16.8,-0.8,90,collected,attended,158,87,97,1,Y
P102123,4,2024-08-29,71,Diabetes,16.8,-1.1,92,collected,attended,131,68,93,1,Y
P102124,1,2024-06-06,77,COPD,25.0,0.4,79,missed,missed,139,89,93,0,N
P102124,2,2024-06-13,77,COPD,25.0,0.6,93,collected,scheduled,124,76,94,0,N
P102124,3,2024-06-20,77,COPD,25.0,0.2,95,collected,attended,140,63,97,0,N
P102124,4,2024-06-27,77,COPD,25.0,-0.1,86,collected,attended,152,80,99,0,N
P102125,1,2025-01-05,96,Heart failure,26.9,-0.0,83,late,attended,114,67,98,0,N
P102125,2,2025-01-12,96,Heart failure,26.9,-0.8,91,collected,scheduled,154,94,96,0,N
P102125,3,2025-01-19,96,Heart failure,26.9,-0.1,85,collected,scheduled,152,78,96,0,N
P102125,4,2025-01-26,96,Heart failure,26.9,-0.2,92,collected,scheduled,128,63,94,0,N
P102126,1,2024-11-10,64,Other,18.2,0.9,89,collected,attended,155,97,94,0,N
P102126,2,2024-11-17,64,Other,18.2,0.5,100,collected,missed,132,62,97,0,N
P102126,3,2024-11-24,64,Other,18.2,-0.7,64,collected,attended,135,85,96,0,N
P102126,4,2024-12-01,64,Other,18.2,-0.4,92,collected,attended,116,93,94,0,N
P102127,1,2024-02-11,96,COPD,23.1,0.4,87,collected,missed,132,83,95,0,N
P102127,2,2024-02-18,96,COPD,23.1,0.8,90,collected,scheduled,127,88,95,0,N
P102127,3,2024-02-25,96,COPD,23.1,0.5,91,collected,attended,129,101,94,0,N
P102127,4,2024-03-03,96,COPD,23.1,-0.3,81,late,attended,161,87,96,0,N
P102128,1,2024-11-13,87,COPD,18.2,0.0,86,collected,attended,116,59,95,0,N
P102128,2,2024-11-20,87,COPD,18.2,0.1,77,late,scheduled,123,97,94,0,N
P102128,3,2024-11-27,87,COPD,18.2,-0.4,86,collected,scheduled,121,75,95,0,N
P102128,4,2024-12-04,87,COPD,18.2,-0.5,91,collected,scheduled,127,70,96,0,N
P102129,1,2025-02-27,98,Heart failure,15.4,-0.2,80,collected,missed,137,84,96,0,N
P102129,2,2025-03-06,98,Heart failure,15.4,1.0,85,collected,attended,140,84,94,0,N
P102129,3,2025-03-13,98,Heart failure,15.4,-0.2,77,collected,scheduled,138,83,98,0,N
P102129,4,2025-03-20,98,Heart failure,15.4,0.9,83,collected,attended,121,103,98,0,N
P102130,1,2024-12-23,73,Stroke,21.4,0.1,77,collected,attended,125,65,96,0,N
P102130,2,2024-12-30,73,Stroke,21.4,0.7,91,collected,attended,147,88,97,0,N
P102130,3,2025-01-06,73,Stroke,21.4,-0.1,100,collected,attended,144,68,95,0,N
P102130,4,2025-01-13,73,Stroke,21.4,0.6,83,collected,missed,126,81,97,0,N
P102131,1,2025-02-25,60,Other,21.4,0.0,96,collected,scheduled,128,83,97,0,N
P102131,2,2025-03-04,60,Other,21.4,0.3,84,collected,attended,121,58,94,0,N
P102131,3,2025-03-11,60,Other,21.4,0.1,92,collected,missed,108,81,94,0,N
P102131,4,2025-03-18,60,Other,21.4,0.7,93,collected,scheduled,130,87,98,0,N
P102132,1,2025-08-02,66,Stroke,11.9,0.0,100,collected,scheduled,139,87,97,0,N
P102132,2,2025-08-09,66,Stroke,11.9,-0.2,86,missed,attended,149,78,95,0,N
P102132,3,2025-08-16,66,Stroke,11.9,-1.1,81,late,missed,139,87,96,0,N
P102132,4,2025-08-23,66,Stroke,11.9,-0.8,92,collected,scheduled,127,81,92,0,N
P102133,1,2025-05-19,59,Other,15.4,0.1,97,collected,attended,141,82,94,0,N
P102133,2,2025-05-26,59,Other,15.4,0.2,91,collected,scheduled,128,84,99,0,N
P102133,3,2025-06-02,59,Other,15.4,-0.1,93,collected,attended,121,79,94,0,N
P102133,4,2025-06-09,59,Other,15.4,-0.6,77,collected,scheduled,157,96,95,0,N
P102134,1,2025-06-21,67,Other,25.0,-1.1,86,late,scheduled,123,98,96,1,N
P102134,2,2025-06-28,67,Other,25.0,-1.0,70,collected,scheduled,118,67,94,1,N
P102134,3,2025-07-05,67,Other,25.0,-0.8,74,late,scheduled,139,78,91,1,Y
P102134,4,2025-07-12,67,Other,25.0,-0.2,60,collected,attended,141,80,96,1,Y
P102135,1,2025-02-08,72,Other,18.2,-0.1,99,collected,attended,146,69,92,0,N
P102135,2,2025-02-15,72,Other,18.2,-0.9,100,late,attended,134,74,98,0,N
P102135,3,2025-02-22,72,Other,18.2,-1.0,100,collected,attended,141,99,95,0,N
P102135,4,2025-03-01,72,Other,18.2,-1.5,85,collected,scheduled,137,82,97,0,N
P102136,1,2025-08-28,54,Pneumonia,18.2,0.1,88,collected,attended,138,73,96,0,N
P102136,2,2025-09-04,54,Pneumonia,18.2,-0.8,89,collected,attended,135,76,99,0,N
P102136,3,2025-09-11,54,Pneumonia,18.2,-0.6,96,collected,attended,148,84,96,0,N
P102136,4,2025-09-18,54,Pneumonia,18.2,0.2,98,late,attended,145,81,96,0,N
P102137,1,2025-02-06,78,Kidney disease,19.8,-0.1,90,missed,scheduled,135,53,97,0,N
P102137,2,2025-02-13,78,Kidney disease,19.8,0.1,88,collected,attended,115,72,95,0,N
P102137,3,2025-02-20,78,Kidney disease,19.8,-0.3,89,late,attended,122,61,96,0,N
P102137,4,2025-02-27,78,Kidney disease,19.8,0.1,87,late,scheduled,140,74,95,0,N
P102138,1,2024-05-12,88,Diabetes,15.4,-0.6,100,collected,attended,164,89,94,0,N
P102138,2,2024-05-19,88,Diabetes,15.4,0.4,88,collected,missed,139,71,95,0,N
P102138,3,2024-05-26,88,Diabetes,15.4,-0.3,98,late,scheduled,146,92,93,0,N
P102138,4,2024-06-02,88,Diabetes,15.4,-0.9,89,collected,attended,143,65,95,0,N
P102139,1,2024-12-15,67,COPD,15.4,0.4,89,collected,attended,162,64,96,0,N
P102139,2,2024-12-22,67,COPD,15.4,-1.1,100,collected,scheduled,124,69,95,0,N
P102139,3,2024-12-29,67,COPD,15.4,-1.7,72,late,scheduled,121,100,97,0,N
P102139,4,2025-01-05,67,COPD,15.4,-1.5,100,collected,attended,116,63,97,0,N
P102140,1,2024-12-26,91,Sepsis,21.4,-1.4,83,collected,scheduled,157,84,93,0,N
P102140,2,2025-01-02,91,Sepsis,21.4,-3.3,91,late,attended,135,83,97,0,N
P102140,3,2025-01-09,91,Sepsis,21.4,-3.6,80,collected,attended,128,73,95,0,N
P102140,4,2025-01-16,91,Sepsis,21.4,-3.5,100,collected,attended,134,89,94,0,N
P102141,1,2025-03-18,78,Heart failure,37.8,-0.2,85,collected,missed,143,75,95,0,N
P102141,2,2025-03-25,78,Heart failure,37.8,-0.9,70,collected,attended,130,72,97,0,N
P102141,3,2025-04-01,78,Heart failure,37.8,-0.1,81,collected,attended,113,88,96,0,N
P102141,4,2025-04-08,78,Heart failure,37.8,-0.1,72,collected,attended,140,71,97,0,N
P102142,1,2024-03-26,77,Sepsis,33.2,-0.6,92,collected,attended,117,74,96,0,N
P102142,2,2024-04-02,77,Sepsis,33.2,-1.3,86,collected,attended,134,66,96,0,N
P102142,3,2024-04-09,77,Sepsis,33.2,-1.3,85,collected,missed,137,72,95,0,N
P102142,4,2024-04-16,77,Sepsis,33.2,-2.0,83,collected,attended,133,74,95,0,N
P102143,1,2025-04-10,64,Other,14.2,-1.0,79,collected,attended,159,85,95,0,N
P102143,2,2025-04-17,64,Other,14.2,-1.5,76,missed,missed,135,68,99,0,N
P102143,3,2025-04-24,64,Other,14.2,-0.5,75,late,attended,134,78,95,0,N
P102143,4,2025-05-01,64,Other,14.2,-1.0,78,collected,scheduled,109,104,93,0,N
P102144,1,2024-04-13,73,Pneumonia,23.1,0.3,84,collected,scheduled,158,81,95,0,N
P102144,2,2024-04-20,73,Pneumonia,23.1,0.6,64,late,attended,143,93,96,0,N
P102144,3,2024-04-27,73,Pneumonia,23.1,0.8,69,collected,attended,158,104,94,0,N
P102144,4,2024-05-04,73,Pneumonia,23.1,1.2,65,collected,scheduled,123,87,97,0,N
P102145,1,2025-05-14,60,Kidney disease,14.2,-0.3,77,missed,attended,135,69,95,0,N
P102145,2,2025-05-21,60,Kidney disease,14.2,-0.0,100,collected,scheduled,119,78,94,0,N
P102145,3,2025-05-28,60,Kidney disease,14.2,-0.2,87,collected,attended,116,81,97,0,N
P102145,4,2025-06-04,60,Kidney disease,14.2,-1.2,82,late,scheduled,121,76,97,0,N
P102146,1,2024-11-30,43,COPD,21.4,0.1,92,collected,attended,140,90,96,1,N
P102146,2,2024-12-07,43,COPD,21.4,-0.9,78,collected,scheduled,139,88,96,1,N
P102146,3,2024-12-14,43,COPD,21.4,-0.7,59,late,missed,137,83,94,1,Y
P102146,4,2024-12-21,43,COPD,21.4,-0.9,74,missed,attended,164,82,95,1,Y
P102147,1,2025-03-19,63,Hip fracture,19.8,0.1,73,collected,missed,122,64,96,0,N
P102147,2,2025-03-26,63,Hip fracture,19.8,-0.3,73,collected,scheduled,134,94,95,0,N
P102147,3,2025-04-02,63,Hip fracture,19.8,-0.8,67,collected,attended,151,93,95,0,N
P102147,4,2025-04-09,63,Hip fracture,19.8,-0.6,71,missed,scheduled,153,82,97,0,N
P102148,1,2024-04-08,62,Other,11.9,1.6,65,missed,scheduled,130,92,95,1,N
P102148,2,2024-04-15,62,Other,11.9,2.1,71,missed,scheduled,153,93,97,1,N
P102148,3,2024-04-22,62,Other,11.9,2.0,65,collected,missed,150,71,98,1,Y
P102148,4,2024-04-29,62,Other,11.9,2.6,83,collected,attended,128,91,94,1,Y
P102149,1,2025-07-26,62,Heart failure,13.0,0.0,89,collected,attended,115,62,94,0,N
P102149,2,2025-08-02,62,Heart failure,13.0,0.2,96,collected,missed,146,83,98,0,N
P102149,3,2025-08-09,62,Heart failure,13.0,0.6,68,late,attended,145,89,97,0,N
P102149,4,2025-08-16,62,Heart failure,13.0,1.1,70,collected,attended,140,89,95,0,N
P102150,1,2025-08-13,63,Heart failure,11.9,0.5,100,collected,attended,157,90,97,0,N
P102150,2,2025-08-20,63,Heart failure,11.9,-0.5,100,late,scheduled,123,71,97,0,N
P102150,3,2025-08-27,63,Heart failure,11.9,-0.4,100,collected,scheduled,136,60,95,0,N
P102150,4,2025-09-03,63,Heart failure,11.9,0.1,95,collected,attended,133,69,97,0,N
P102151,1,2024-12-15,68,Other,16.8,0.4,83,collected,attended,145,91,98,0,N
P102151,2,2024-12-22,68,Other,16.8,1.0,95,collected,attended,140,87,95,0,N
P102151,3,2024-12-29,68,Other,16.8,1.0,87,collected,scheduled,102,86,99,0,N
P102151,4,2025-01-05,68,Other,16.8,0.7,86,collected,attended,149,85,95,0,N
P102152,1,2024-09-06,90,Other,25.0,-1.3,94,collected,missed,111,83,95,0,N
P102152,2,2024-09-13,90,Other,25.0,-1.2,97,collected,attended,166,74,93,0,N
P102152,3,2024-09-20,90,Other,25.0,-1.9,84,missed,attended,130,66,97,0,N
P102152,4,2024-09-27,90,Other,25.0,-1.6,85,collected,attended,128,56,96,0,N
P102153,1,2024-04-06,90,Sepsis,21.4,-0.6,67,collected,scheduled,141,60,99,0,N
P102153,2,2024-04-13,90,Sepsis,21.4,-1.5,68,late,attended,110,89,95,0,N
P102153,3,2024-04-20,90,Sepsis,21.4,-1.7,77,collected,scheduled,136,74,98,0,N
P102153,4,2024-04-27,90,Sepsis,21.4,-0.9,79,collected,attended,131,82,98,0,N
P102154,1,2025-08-03,78,Sepsis,19.8,0.1,80,collected,attended,158,91,98,0,N
P102154,2,2025-08-10,78,Sepsis,19.8,-0.9,99,collected,attended,124,87,94,0,N
P102154,3,2025-08-17,78,Sepsis,19.8,-1.5,73,collected,scheduled,139,65,96,0,N
P102154,4,2025-08-24,78,Sepsis,19.8,-1.1,71,collected,attended,140,99,99,0,N
P102155,1,2024-11-29,74,COPD,14.2,0.1,72,late,attended,111,91,96,0,N
P102155,2,2024-12-06,74,COPD,14.2,-0.8,70,collected,scheduled,129,66,94,0,N
P102155,3,2024-12-13,74,COPD,14.2,-0.5,78,collected,scheduled,135,76,96,0,N
P102155,4,2024-12-20,74,COPD,14.2,-0.8,93,collected,attended,126,82,97,0,N
P102156,1,2024-01-20,68,Stroke,18.2,0.3,100,collected,missed,159,74,96,0,N
P102156,2,2024-01-27,68,Stroke,18.2,1.2,92,collected,attended,131,81,95,0,N
P102156,3,2024-02-03,68,Stroke,18.2,0.4,100,collected,scheduled,138,68,94,0,N
P102156,4,2024-02-10,68,Stroke,18.2,0.3,84,collected,scheduled,135,72,96,0,N
P102157,1,2024-03-19,85,Other,26.9,1.3,91,collected,attended,142,75,98,0,N
P102157,2,2024-03-26,85,Other,26.9,2.3,100,collected,attended,133,72,96,0,N
P102157,3,2024-04-02,85,Other,26.9,2.2,93,collected,attended,133,74,92,0,N
P102157,4,2024-04-09,85,Other,26.9,1.6,68,collected,attended,115,81,97,0,N
P102158,1,2024-11-01,67,Sepsis,23.1,0.1,90,missed,attended,130,93,98,1,N
P102158,2,2024-11-08,67,Sepsis,23.1,0.5,81,collected,scheduled,143,73,92,1,N
P102158,3,2024-11-15,67,Sepsis,23.1,0.6,84,late,attended,144,97,95,1,Y
P102158,4,2024-11-22,67,Sepsis,23.1,0.7,75,collected,attended,130,82,98,1,Y
P102159,1,2025-06-18,81,Other,21.4,-0.8,79,late,attended,121,82,97,0,N
P102159,2,2025-06-25,81,Other,21.4,-1.0,86,missed,missed,151,80,93,0,N
P102159,3,2025-07-02,81,Other,21.4,-1.4,73,collected,scheduled,145,55,93,0,N
P102159,4,2025-07-09,81,Other,21.4,-0.6,80,collected,missed,163,84,95,0,N
P102160,1,2025-07-08,71,Other,11.9,0.1,100,collected,attended,116,84,99,0,N
P102160,2,2025-07-15,71,Other,11.9,-0.7,55,collected,missed,127,78,96,0,N
P102160,3,2025-07-22,71,Other,11.9,-2.2,92,collected,attended,134,61,93,0,N
P102160,4,2025-07-29,71,Other,11.9,-2.6,88,late,attended,118,86,96,0,N
P102161,1,2025-06-30,82,Other,14.2,-0.4,97,collected,scheduled,135,85,93,0,N
P102161,2,2025-07-07,82,Other,14.2,-0.3,95,collected,scheduled,148,74,99,0,N
P102161,3,2025-07-14,82,Other,14.2,-0.5,80,collected,scheduled,114,79,97,0,N
P102161,4,2025-07-21,82,Other,14.2,-1.0,79,late,attended,145,61,95,0,N
P102162,1,2024-04-15,66,Other,15.4,0.9,100,collected,attended,134,86,97,0,N
P102162,2,2024-04-22,66,Other,15.4,1.4,82,collected,missed,125,70,96,0,N
P102162,3,2024-04-29,66,Other,15.4,2.4,89,missed,missed,133,78,95,0,N
P102162,4,2024-05-06,66,Other,15.4,4.0,82,collected,attended,114,71,95,0,N
P102163,1,2025-03-16,90,Pneumonia,18.2,-0.7,95,collected,attended,135,76,99,0,N
P102163,2,2025-03-23,90,Pneumonia,18.2,-0.7,97,collected,missed,126,76,98,0,N
P102163,3,2025-03-30,90,Pneumonia,18.2,-1.2,96,missed,attended,117,67,94,0,N
P102163,4,2025-04-06,90,Pneumonia,18.2,-0.5,89,collected,attended,112,84,96,0,N
P102164,1,2025-01-12,45,Pneumonia,14.2,-0.1,100,collected,missed,114,78,98,0,N
P102164,2,2025-01-19,45,Pneumonia,14.2,0.5,85,collected,missed,147,87,96,0,N
P102164,3,2025-01-26,45,Pneumonia,14.2,0.1,100,collected,scheduled,135,79,94,0,N
P102164,4,2025-02-02,45,Pneumonia,14.2,1.1,92,collected,attended,147,58,93,0,N
P102165,1,2024-05-23,86,Other,13.0,-0.2,83,missed,scheduled,126,83,96,0,N
P102165,2,2024-05-30,86,Other,13.0,-0.0,74,collected,attended,132,100,94,0,N
P102165,3,2024-06-06,86,Other,13.0,-0.3,100,collected,scheduled,151,63,96,0,N
P102165,4,2024-06-13,86,Other,13.0,-0.5,97,late,attended,147,66,96,0,N
P102166,1,2024-09-01,57,Other,15.4,-0.3,89,collected,scheduled,132,64,96,0,N
P102166,2,2024-09-08,57,Other,15.4,-0.6,98,missed,attended,120,66,94,0,N
P102166,3,2024-09-15,57,Other,15.4,-0.5,73,collected,attended,138,76,98,0,N
P102166,4,2024-09-22,57,Other,15.4,-0.3,83,collected,missed,128,67,95,0,N
P102167,1,2024-11-28,68,Heart failure,14.2,0.3,100,collected,scheduled,123,58,94,1,N
P102167,2,2024-12-05,68,Heart failure,14.2,0.4,96,late,scheduled,132,82,97,1,N
P102167,3,2024-12-12,68,Heart failure,14.2,1.8,81,collected,attended,143,92,93,1,Y
P102167,4,2024-12-19,68,Heart failure,14.2,0.5,77,collected,attended,133,68,92,1,Y
P102168,1,2025-03-09,56,Sepsis,19.8,0.1,93,missed,attended,134,89,97,0,N
P102168,2,2025-03-16,56,Sepsis,19.8,0.7,85,collected,attended,155,71,96,0,N
P102168,3,2025-03-23,56,Sepsis,19.8,0.8,71,collected,scheduled,127,91,96,0,N
P102168,4,2025-03-30,56,Sepsis,19.8,0.6,84,collected,attended,107,57,97,0,N
P102169,1,2024-10-27,100,Heart failure,31.0,-0.6,88,collected,attended,100,67,97,0,N
P102169,2,2024-11-03,100,Heart failure,31.0,-1.2,100,missed,attended,128,108,94,0,N
P102169,3,2024-11-10,100,Heart failure,31.0,-0.7,100,collected,attended,131,82,97,0,N
P102169,4,2024-11-17,100,Heart failure,31.0,-0.8,74,collected,attended,129,66,96,0,N
P102170,1,2024-02-01,69,Other,19.8,-0.6,100,collected,attended,107,82,99,0,N
P102170,2,2024-02-08,69,Other,19.8,-1.6,71,missed,attended,108,57,94,0,N
P102170,3,2024-02-15,69,Other,19.8,-2.2,100,collected,scheduled,131,68,96,0,N
P102170,4,2024-02-22,69,Other,19.8,-1.4,92,collected,missed,161,69,96,0,N
P102171,1,2025-02-22,80,Diabetes,21.4,-0.0,84,collected,attended,148,73,96,0,N
P102171,2,2025-03-01,80,Diabetes,21.4,-0.3,82,collected,attended,119,79,94,0,N
P102171,3,2025-03-08,80,Diabetes,21.4,-1.3,68,collected,scheduled,144,77,99,0,N
P102171,4,2025-03-15,80,Diabetes,21.4,-1.5,99,collected,attended,165,76,96,0,N
P102172,1,2024-07-04,91,Pneumonia,14.2,0.6,89,collected,attended,117,102,93,0,N
P102172,2,2024-07-11,91,Pneumonia,14.2,0.4,100,late,attended,129,82,99,0,N
P102172,3,2024-07-18,91,Pneumonia,14.2,-0.4,97,collected,missed,132,63,95,0,N
P102172,4,2024-07-25,91,Pneumonia,14.2,-0.3,100,collected,scheduled,132,93,98,0,N
P102173,1,2024-04-11,48,Sepsis,19.8,-0.7,89,collected,missed,108,73,94,0,N
P102173,2,2024-04-18,48,Sepsis,19.8,-0.7,79,collected,attended,117,85,98,0,N
P102173,3,2024-04-25,48,Sepsis,19.8,-1.1,84,collected,attended,153,67,98,0,N
P102173,4,2024-05-02,48,Sepsis,19.8,-0.2,100,collected,attended,125,67,97,0,N
P102174,1,2025-08-08,62,COPD,21.4,-0.6,100,collected,missed,131,86,94,0,N
P102174,2,2025-08-15,62,COPD,21.4,-0.9,100,collected,scheduled,155,86,96,0,N
P102174,3,2025-08-22,62,COPD,21.4,-1.1,84,collected,attended,152,71,94,0,N
P102174,4,2025-08-29,62,COPD,21.4,-0.8,74,collected,attended,125,85,97,0,N
P102175,1,2024-01-24,56,Kidney disease,16.8,-0.2,86,collected,missed,144,87,96,0,N
P102175,2,2024-01-31,56,Kidney disease,16.8,-0.7,97,missed,missed,132,71,98,0,N
P102175,3,2024-02-07,56,Kidney disease,16.8,-1.5,84,collected,missed,137,67,95,0,N
P102175,4,2024-02-14,56,Kidney disease,16.8,-0.0,96,late,missed,106,81,96,0,N
P102176,1,2024-05-22,61,COPD,25.0,0.8,80,collected,scheduled,120,83,94,1,N
P102176,2,2024-05-29,61,COPD,25.0,2.1,81,collected,scheduled,103,78,98,1,N
P102176,3,2024-06-05,61,COPD,25.0,1.2,80,late,attended,121,58,98,1,Y
P102176,4,2024-06-12,61,COPD,25.0,1.6,85,late,scheduled,138,73,96,1,Y
P102177,1,2024-11-01,71,COPD,16.8,0.5,100,collected,attended,174,78,97,0,N
P102177,2,2024-11-08,71,COPD,16.8,0.7,89,collected,attended,135,81,97,0,N
P102177,3,2024-11-15,71,COPD,16.8,1.3,87,missed,attended,135,75,97,0,N
P102177,4,2024-11-22,71,COPD,16.8,0.5,85,collected,attended,116,73,97,0,N
P102178,1,2025-07-01,89,Other,28.9,-0.4,97,collected,scheduled,118,57,97,0,N
P102178,2,2025-07-08,89,Other,28.9,0.1,84,collected,scheduled,136,95,94,0,N
P102178,3,2025-07-15,89,Other,28.9,0.7,74,collected,attended,92,89,97,0,N
P102178,4,2025-07-22,89,Other,28.9,0.9,100,collected,attended,121,56,96,0,N
P102179,1,2025-02-02,65,Diabetes,16.8,1.0,89,collected,scheduled,120,71,97,0,N
P102179,2,2025-02-09,65,Diabetes,16.8,0.8,92,collected,attended,124,90,95,0,N
P102179,3,2025-02-16,65,Diabetes,16.8,1.5,85,collected,attended,136,83,97,0,N
P102179,4,2025-02-23,65,Diabetes,16.8,1.9,100,collected,scheduled,113,83,94,0,N
P102180,1,2024-12-09,76,Kidney disease,11.9,0.5,83,collected,attended,143,70,100,1,N
P102180,2,2024-12-16,76,Kidney disease,11.9,1.0,80,late,attended,133,91,98,1,N
P102180,3,2024-12-23,76,Kidney disease,11.9,1.8,86,missed,scheduled,145,92,99,1,Y
P102180,4,2024-12-30,76,Kidney disease,11.9,1.2,81,collected,scheduled,140,88,96,1,Y
P102181,1,2025-06-13,60,Hip fracture,18.2,-0.4,92,collected,attended,129,81,97,0,N
P102181,2,2025-06-20,60,Hip fracture,18.2,-0.2,85,collected,attended,140,57,94,0,N
P102181,3,2025-06-27,60,Hip fracture,18.2,-0.4,85,missed,missed,150,75,93,0,N
P102181,4,2025-07-04,60,Hip fracture,18.2,0.2,87,collected,attended,158,89,96,0,N
P102182,1,2024-05-06,71,Diabetes,28.9,0.2,76,collected,attended,131,85,98,1,N
P102182,2,2024-05-13,71,Diabetes,28.9,1.0,91,collected,scheduled,130,88,94,1,N
P102182,3,2024-05-20,71,Diabetes,28.9,1.9,84,missed,scheduled,154,83,96,1,Y
P102182,4,2024-05-27,71,Diabetes,28.9,1.4,82,missed,attended,136,64,95,1,Y
P102183,1,2024-05-31,74,Stroke,18.2,-0.3,57,collected,attended,167,81,97,0,N
P102183,2,2024-06-07,74,Stroke,18.2,-0.4,91,late,attended,143,86,94,0,N
P102183,3,2024-06-14,74,Stroke,18.2,-0.5,63,collected,attended,142,70,93,0,N
P102183,4,2024-06-21,74,Stroke,18.2,0.3,72,missed,attended,143,75,94,0,N
P102184,1,2024-04-30,68,Other,25.0,0.3,80,collected,scheduled,144,78,97,0,N
P102184,2,2024-05-07,68,Other,25.0,0.6,90,collected,scheduled,116,95,97,0,N
P102184,3,2024-05-14,68,Other,25.0,0.8,95,collected,attended,150,78,96,0,N
P102184,4,2024-05-21,68,Other,25.0,0.1,75,collected,attended,120,102,94,0,N
P102185,1,2024-05-03,61,COPD,11.9,-0.3,91,collected,attended,111,96,98,0,N
P102185,2,2024-05-10,61,COPD,11.9,0.0,100,collected,scheduled,149,81,94,0,N
P102185,3,2024-05-17,61,COPD,11.9,0.3,84,collected,scheduled,145,77,99,0,N
P102185,4,2024-05-24,61,COPD,11.9,0.7,71,collected,attended,143,85,99,0,N
P102186,1,2025-04-16,62,Stroke,11.9,-1.4,87,collected,attended,132,82,95,0,N
P102186,2,2025-04-23,62,Stroke,11.9,-1.7,84,missed,attended,138,72,97,0,N
P102186,3,2025-04-30,62,Stroke,11.9,-1.0,100,late,attended,135,87,95,0,N
P102186,4,2025-05-07,62,Stroke,11.9,-1.0,100,collected,scheduled,126,75,94,0,N
P102187,1,2024-04-14,44,Hip fracture,14.2,0.3,100,collected,scheduled,133,57,98,0,N
P102187,2,2024-04-21,44,Hip fracture,14.2,0.1,91,collected,attended,135,79,98,0,N
P102187,3,2024-04-28,44,Hip fracture,14.2,-0.1,87,collected,attended,151,73,96,0,N
P102187,4,2024-05-05,44,Hip fracture,14.2,0.9,88,collected,attended,134,70,95,0,N
P102188,1,2024-04-21,68,Pneumonia,16.8,-0.4,98,collected,attended,141,76,97,0,N
P102188,2,2024-04-28,68,Pneumonia,16.8,0.3,84,collected,attended,122,67,98,0,N
P102188,3,2024-05-05,68,Pneumonia,16.8,0.3,97,collected,scheduled,143,68,98,0,N
P102188,4,2024-05-12,68,Pneumonia,16.8,1.5,99,collected,scheduled,142,65,100,0,N
P102189,1,2024-10-12,49,Sepsis,15.4,-0.6,85,collected,attended,114,96,97,0,N
P102189,2,2024-10-19,49,Sepsis,15.4,0.4,85,collected,attended,109,67,99,0,N
P102189,3,2024-10-26,49,Sepsis,15.4,0.9,67,collected,attended,98,71,96,0,N
P102189,4,2024-11-02,49,Sepsis,15.4,0.8,78,collected,attended,134,97,95,0,N
P102190,1,2024-07-04,73,Other,23.1,0.0,81,collected,attended,118,67,94,1,N
P102190,2,2024-07-11,73,Other,23.1,-0.5,83,collected,attended,122,70,98,1,N
P102190,3,2024-07-18,73,Other,23.1,-0.4,77,collected,attended,117,71,96,1,Y
P102190,4,2024-07-25,73,Other,23.1,-1.7,90,collected,scheduled,155,80,95,1,Y
P102191,1,2024-06-01,57,Other,11.9,0.3,92,collected,attended,139,79,94,0,N
P102191,2,2024-06-08,57,Other,11.9,1.3,89,late,attended,117,92,97,0,N
P102191,3,2024-06-15,57,Other,11.9,0.7,85,collected,attended,152,82,96,0,N
P102191,4,2024-06-22,57,Other,11.9,-0.6,77,collected,attended,115,74,96,0,N
P102192,1,2025-04-16,70,Kidney disease,25.0,-0.1,84,late,missed,135,86,95,0,N
P102192,2,2025-04-23,70,Kidney disease,25.0,-0.9,86,missed,attended,141,70,94,0,N
P102192,3,2025-04-30,70,Kidney disease,25.0,0.5,97,collected,attended,132,88,97,0,N
P102192,4,2025-05-07,70,Kidney disease,25.0,0.1,86,collected,attended,104,92,94,0,N
P102193,1,2024-01-22,76,Hip fracture,16.8,-0.2,93,late,scheduled,121,60,96,0,N
P102193,2,2024-01-29,76,Hip fracture,16.8,0.7,89,collected,attended,137,86,97,0,N
P102193,3,2024-02-05,76,Hip fracture,16.8,1.2,79,collected,attended,118,83,96,0,N
P102193,4,2024-02-12,76,Hip fracture,16.8,1.3,100,collected,scheduled,121,79,93,0,N
P102194,1,2024-02-21,77,Pneumonia,15.4,0.0,89,collected,attended,119,110,98,0,N
P102194,2,2024-02-28,77,Pneumonia,15.4,0.2,66,collected,scheduled,135,33,99,0,N
P102194,3,2024-03-06,77,Pneumonia,15.4,0.3,68,collected,attended,141,85,96,0,N
P102194,4,2024-03-13,77,Pneumonia,15.4,0.1,82,collected,scheduled,146,75,97,0,N
P102195,1,2025-07-04,42,Stroke,14.2,-0.9,89,collected,attended,143,80,95,0,N
P102195,2,2025-07-11,42,Stroke,14.2,-1.3,95,collected,attended,104,89,95,0,N
P102195,3,2025-07-18,42,Stroke,14.2,-1.8,80,collected,attended,148,85,98,0,N
P102195,4,2025-07-25,42,Stroke,14.2,-1.6,78,missed,attended,111,79,94,0,N
P102196,1,2025-08-01,61,Heart failure,19.8,-0.3,80,collected,attended,145,72,96,0,N
P102196,2,2025-08-08,61,Heart failure,19.8,-0.5,89,collected,scheduled,102,65,97,0,N
P102196,3,2025-08-15,61,Heart failure,19.8,0.4,75,collected,attended,142,73,97,0,N
P102196,4,2025-08-22,61,Heart failure,19.8,0.9,100,late,scheduled,136,86,97,0,N
P102197,1,2024-06-02,79,Pneumonia,26.9,0.0,77,collected,scheduled,116,60,94,0,N
P102197,2,2024-06-09,79,Pneumonia,26.9,-0.0,99,collected,attended,107,77,97,0,N
P102197,3,2024-06-16,79,Pneumonia,26.9,0.2,100,collected,attended,94,71,92,0,N
P102197,4,2024-06-23,79,Pneumonia,26.9,-0.0,75,collected,scheduled,130,96,94,0,N
P102198,1,2025-03-03,80,Heart failure,16.8,-0.0,94,collected,attended,136,71,97,0,N
P102198,2,2025-03-10,80,Heart failure,16.8,-0.0,97,collected,attended,145,107,94,0,N
P102198,3,2025-03-17,80,Heart failure,16.8,0.4,87,collected,attended,141,78,96,0,N
P102198,4,2025-03-24,80,Heart failure,16.8,1.7,100,collected,attended,113,67,97,0,N
P102199,1,2024-01-30,46,Other,16.8,0.8,94,collected,attended,154,65,96,0,N
P102199,2,2024-02-06,46,Other,16.8,0.5,83,collected,attended,138,83,97,0,N
P102199,3,2024-02-13,46,Other,16.8,0.4,100,collected,scheduled,142,79,96,0,N
P102199,4,2024-02-20,46,Other,16.8,1.2,68,collected,scheduled,131,82,98,0,N
P102200,1,2024-02-10,65,Pneumonia,13.0,0.4,77,late,scheduled,127,79,96,0,N
P102200,2,2024-02-17,65,Pneumonia,13.0,0.1,100,collected,missed,156,84,99,0,N
P102200,3,2024-02-24,65,Pneumonia,13.0,-0.6,88,late,scheduled,151,81,95,0,N
P102200,4,2024-03-02,65,Pneumonia,13.0,0.7,73,late,attended,122,67,94,0,N
P102201,1,2024-08-07,75,Other,28.9,0.5,80,late,attended,145,62,93,1,N
P102201,2,2024-08-14,75,Other,28.9,0.1,74,missed,scheduled,138,79,96,1,N
P102201,3,2024-08-21,75,Other,28.9,0.9,72,missed,scheduled,132,83,93,1,Y
P102201,4,2024-08-28,75,Other,28.9,0.9,98,late,missed,128,68,94,1,Y
P102202,1,2025-02-17,70,Heart failure,13.0,0.2,82,collected,attended,121,92,98,0,N
P102202,2,2025-02-24,70,Heart failure,13.0,-0.7,100,collected,attended,130,85,95,0,N
P102202,3,2025-03-03,70,Heart failure,13.0,0.0,97,collected,attended,138,86,94,0,N
P102202,4,2025-03-10,70,Heart failure,13.0,-0.2,91,collected,attended,140,92,94,0,N
P102203,1,2024-06-06,63,Hip fracture,25.0,1.0,84,collected,missed,132,86,98,1,N
P102203,2,2024-06-13,63,Hip fracture,25.0,1.8,70,collected,attended,129,89,98,1,N
P102203,3,2024-06-20,63,Hip fracture,25.0,1.5,82,collected,attended,149,71,96,1,Y
P102203,4,2024-06-27,63,Hip fracture,25.0,3.3,84,collected,attended,118,59,96,1,Y
P102204,1,2024-07-28,66,Other,15.4,-0.5,77,late,scheduled,143,54,99,0,N
P102204,2,2024-08-04,66,Other,15.4,-1.3,89,collected,attended,135,61,95,0,N
P102204,3,2024-08-11,66,Other,15.4,-1.5,94,collected,attended,118,71,95,0,N
P102204,4,2024-08-18,66,Other,15.4,-2.6,90,collected,attended,130,64,97,0,N
P102205,1,2025-01-27,70,Other,13.0,-0.3,98,collected,attended,130,89,94,0,N
P102205,2,2025-02-03,70,Other,13.0,0.3,83,collected,scheduled,160,94,97,0,N
P102205,3,2025-02-10,70,Other,13.0,0.8,90,late,attended,129,80,96,0,N
P102205,4,2025-02-17,70,Other,13.0,1.1,75,collected,scheduled,127,74,100,0,N
P102206,1,2024-10-28,63,Heart failure,15.4,0.8,77,collected,missed,151,99,95,1,N
P102206,2,2024-11-04,63,Heart failure,15.4,1.5,74,missed,missed,147,69,96,1,N
P102206,3,2024-11-11,63,Heart failure,15.4,1.7,79,collected,scheduled,128,77,95,1,Y
P102206,4,2024-11-18,63,Heart failure,15.4,2.0,84,collected,missed,136,89,94,1,Y
P102207,1,2024-12-29,67,Stroke,13.0,-0.7,87,collected,attended,128,71,98,0,N
P102207,2,2025-01-05,67,Stroke,13.0,0.4,92,collected,attended,132,87,96,0,N
P102207,3,2025-01-12,67,Stroke,13.0,2.0,72,collected,attended,130,63,96,0,N
P102207,4,2025-01-19,67,Stroke,13.0,0.9,100,late,attended,123,67,96,0,N
P102208,1,2024-02-24,62,Kidney disease,15.4,0.7,76,collected,attended,138,92,95,0,N
P102208,2,2024-03-02,62,Kidney disease,15.4,0.7,85,collected,attended,133,51,96,0,N
P102208,3,2024-03-09,62,Kidney disease,15.4,0.9,86,collected,attended,150,82,95,0,N
P102208,4,2024-03-16,62,Kidney disease,15.4,1.7,93,collected,attended,128,68,97,0,N
P102209,1,2025-07-12,64,Pneumonia,15.4,-0.0,100,collected,attended,114,75,97,0,N
P102209,2,2025-07-19,64,Pneumonia,15.4,0.3,75,collected,attended,134,88,95,0,N
P102209,3,2025-07-26,64,Pneumonia,15.4,0.4,86,collected,attended,133,80,98,0,N
P102209,4,2025-08-02,64,Pneumonia,15.4,1.6,84,collected,attended,146,92,94,0,N
P102210,1,2024-08-16,67,Pneumonia,25.0,-0.8,89,collected,scheduled,134,76,97,0,N
P102210,2,2024-08-23,67,Pneumonia,25.0,-0.4,88,late,scheduled,121,57,95,0,N
P102210,3,2024-08-30,67,Pneumonia,25.0,0.5,75,late,scheduled,162,83,95,0,N
P102210,4,2024-09-06,67,Pneumonia,25.0,0.9,71,missed,missed,133,77,94,0,N
P102211,1,2025-01-26,87,Diabetes,33.2,-0.2,70,collected,scheduled,119,70,97,0,N
P102211,2,2025-02-02,87,Diabetes,33.2,0.2,72,collected,attended,134,80,93,0,N
P102211,3,2025-02-09,87,Diabetes,33.2,0.4,84,collected,attended,123,78,96,0,N
P102211,4,2025-02-16,87,Diabetes,33.2,1.2,86,collected,attended,147,65,96,0,N
P102212,1,2024-02-06,74,Other,28.9,0.4,79,missed,attended,127,65,94,0,N
P102212,2,2024-02-13,74,Other,28.9,0.2,79,collected,attended,135,63,94,0,N
P102212,3,2024-02-20,74,Other,28.9,-0.2,99,collected,attended,137,86,93,0,N
P102212,4,2024-02-27,74,Other,28.9,-1.1,76,collected,scheduled,125,48,95,0,N
P102213,1,2024-11-01,81,Heart failure,15.4,1.0,79,collected,missed,133,86,94,0,N
P102213,2,2024-11-08,81,Heart failure,15.4,1.2,89,collected,attended,153,77,93,0,N
P102213,3,2024-11-15,81,Heart failure,15.4,1.6,57,collected,missed,139,94,94,0,N
P102213,4,2024-11-22,81,Heart failure,15.4,1.7,76,collected,attended,143,87,96,0,N
P102214,1,2025-01-21,81,Hip fracture,26.9,-0.4,82,collected,attended,142,96,95,1,N
P102214,2,2025-01-28,81,Hip fracture,26.9,0.3,88,missed,missed,159,84,95,1,N
P102214,3,2025-02-04,81,Hip fracture,26.9,0.1,78,collected,scheduled,140,86,93,1,Y
P102214,4,2025-02-11,81,Hip fracture,26.9,0.0,80,collected,scheduled,139,101,93,1,Y
P102215,1,2025-07-05,37,Other,11.9,-0.5,66,collected,scheduled,161,73,93,0,N
P102215,2,2025-07-12,37,Other,11.9,-1.1,66,missed,scheduled,106,70,90,0,N
P102215,3,2025-07-19,37,Other,11.9,-1.1,89,collected,attended,143,72,96,0,N
P102215,4,2025-07-26,37,Other,11.9,-0.4,69,late,attended,146,106,96,0,N
P102216,1,2024-03-01,57,Heart failure,14.2,-0.1,100,missed,attended,123,76,93,0,N
P102216,2,2024-03-08,57,Heart failure,14.2,-0.1,88,collected,attended,128,71,95,0,N
P102216,3,2024-03-15,57,Heart failure,14.2,0.2,91,collected,attended,168,111,100,0,N
P102216,4,2024-03-22,57,Heart failure,14.2,-0.2,84,collected,attended,128,88,97,0,N
P102217,1,2024-01-28,44,Kidney disease,15.4,0.1,68,collected,scheduled,102,70,97,0,N
P102217,2,2024-02-04,44,Kidney disease,15.4,0.3,97,late,missed,127,99,95,0,N
P102217,3,2024-02-11,44,Kidney disease,15.4,1.4,83,collected,attended,117,81,91,0,N
P102217,4,2024-02-18,44,Kidney disease,15.4,1.0,100,collected,attended,148,84,97,0,N
P102218,1,2024-05-17,62,Sepsis,18.2,0.6,83,collected,attended,135,91,100,0,N
P102218,2,2024-05-24,62,Sepsis,18.2,-0.0,100,collected,scheduled,139,76,96,0,N
P102218,3,2024-05-31,62,Sepsis,18.2,-0.8,90,collected,attended,115,90,100,0,N
P102218,4,2024-06-07,62,Sepsis,18.2,-0.6,85,collected,attended,145,69,98,0,N
P102219,1,2025-02-18,76,Kidney disease,16.8,0.1,77,collected,attended,140,64,95,0,N
P102219,2,2025-02-25,76,Kidney disease,16.8,-0.2,99,collected,missed,110,70,99,0,N
P102219,3,2025-03-04,76,Kidney disease,16.8,-0.2,76,collected,attended,147,86,97,0,N
P102219,4,2025-03-11,76,Kidney disease,16.8,-0.1,86,collected,scheduled,156,70,96,0,N
P102220,1,2024-03-05,55,Other,14.2,-0.4,88,missed,attended,112,69,96,0,N
P102220,2,2024-03-12,55,Other,14.2,-1.2,100,collected,attended,119,91,92,0,N
P102220,3,2024-03-19,55,Other,14.2,-1.6,88,collected,attended,125,104,97,0,N
P102220,4,2024-03-26,55,Other,14.2,-2.2,76,late,scheduled,135,73,97,0,N
P102221,1,2025-05-31,65,Heart failure,15.4,-0.3,79,late,attended,130,60,96,0,N
P102221,2,2025-06-07,65,Heart failure,15.4,-0.1,81,collected,scheduled,110,81,96,0,N
P102221,3,2025-06-14,65,Heart failure,15.4,0.4,72,collected,attended,138,69,91,0,N
P102221,4,2025-06-21,65,Heart failure,15.4,0.4,90,collected,attended,143,89,92,0,N
P102222,1,2025-04-17,68,Heart failure,23.1,0.2,89,collected,scheduled,133,77,95,0,N
P102222,2,2025-04-24,68,Heart failure,23.1,-1.2,80,collected,scheduled,112,90,94,0,N
P102222,3,2025-05-01,68,Heart failure,23.1,-1.6,74,missed,attended,150,84,98,0,N
P102222,4,2025-05-08,68,Heart failure,23.1,-1.5,92,collected,attended,132,84,96,0,N
P102223,1,2024-09-06,36,Pneumonia,13.0,-0.4,100,collected,attended,124,53,96,0,N
P102223,2,2024-09-13,36,Pneumonia,13.0,-0.0,77,late,attended,127,62,95,0,N
P102223,3,2024-09-20,36,Pneumonia,13.0,0.1,66,late,missed,136,77,96,0,N
P102223,4,2024-09-27,36,Pneumonia,13.0,0.1,84,late,attended,120,99,95,0,N
P102224,1,2025-03-06,73,Diabetes,15.4,0.1,77,collected,attended,120,97,94,0,N
P102224,2,2025-03-13,73,Diabetes,15.4,-0.0,81,collected,attended,123,78,94,0,N
P102224,3,2025-03-20,73,Diabetes,15.4,0.4,99,late,attended,157,64,96,0,N
P102224,4,2025-03-27,73,Diabetes,15.4,0.8,90,late,attended,162,82,94,0,N
P102225,1,2025-02-14,50,Hip fracture,26.9,-0.7,100,collected,attended,123,94,95,0,N
P102225,2,2025-02-21,50,Hip fracture,26.9,-1.2,66,collected,scheduled,119,106,96,0,N
P102225,3,2025-02-28,50,Hip fracture,26.9,-0.4,100,collected,attended,140,74,93,0,N
P102225,4,2025-03-07,50,Hip fracture,26.9,0.1,98,collected,attended,128,90,94,0,N
P102226,1,2025-04-10,61,Sepsis,18.2,-0.2,71,collected,missed,158,64,96,0,N
P102226,2,2025-04-17,61,Sepsis,18.2,-1.0,100,late,missed,102,69,97,0,N
P102226,3,2025-04-24,61,Sepsis,18.2,-1.7,80,collected,attended,103,86,94,0,N
P102226,4,2025-05-01,61,Sepsis,18.2,-1.2,70,missed,missed,150,82,98,0,N
P102227,1,2024-06-20,56,Heart failure,15.4,-0.3,88,collected,scheduled,133,58,100,0,N
P102227,2,2024-06-27,56,Heart failure,15.4,-0.1,81,collected,attended,123,79,99,0,N
P102227,3,2024-07-04,56,Heart failure,15.4,-0.6,99,late,attended,145,91,100,0,N
P102227,4,2024-07-11,56,Heart failure,15.4,-0.0,73,late,scheduled,129,79,95,0,N
P102228,1,2024-09-09,68,Stroke,26.9,-0.0,93,collected,attended,140,80,93,0,N
P102228,2,2024-09-16,68,Stroke,26.9,0.1,77,late,attended,125,69,95,0,N
P102228,3,2024-09-23,68,Stroke,26.9,0.8,97,late,attended,119,79,95,0,N
P102228,4,2024-09-30,68,Stroke,26.9,0.3,68,collected,scheduled,146,71,94,0,N
P102229,1,2024-07-25,52,Kidney disease,16.8,-0.2,72,late,attended,120,77,97,0,N
P102229,2,2024-08-01,52,Kidney disease,16.8,-0.8,86,collected,scheduled,145,79,97,0,N
P102229,3,2024-08-08,52,Kidney disease,16.8,-2.4,100,collected,attended,105,82,98,0,N
P102229,4,2024-08-15,52,Kidney disease,16.8,-2.3,100,collected,attended,138,66,94,0,N
P102230,1,2024-08-15,71,Other,18.2,-0.7,90,collected,attended,132,89,95,0,N
P102230,2,2024-08-22,71,Other,18.2,-0.4,84,late,attended,119,78,95,0,N
P102230,3,2024-08-29,71,Other,18.2,-0.8,84,collected,attended,134,73,97,0,N
P102230,4,2024-09-05,71,Other,18.2,-0.4,81,collected,scheduled,117,66,95,0,N
P102231,1,2025-03-07,65,COPD,18.2,-0.6,94,late,attended,107,84,97,0,N
P102231,2,2025-03-14,65,COPD,18.2,-0.6,99,collected,scheduled,117,78,91,0,N
P102231,3,2025-03-21,65,COPD,18.2,-0.8,91,collected,attended,143,78,96,0,N
P102231,4,2025-03-28,65,COPD,18.2,-1.1,75,collected,attended,144,56,95,0,N
P102232,1,2024-06-15,72,Stroke,25.0,-0.1,79,late,attended,118,62,99,0,N
P102232,2,2024-06-22,72,Stroke,25.0,-0.7,92,collected,attended,130,88,98,0,N
P102232,3,2024-06-29,72,Stroke,25.0,-0.9,100,missed,attended,118,76,94,0,N
P102232,4,2024-07-06,72,Stroke,25.0,-0.8,95,late,scheduled,150,87,96,0,N
P102233,1,2025-03-11,65,Heart failure,14.2,0.6,60,collected,missed,136,96,97,1,N
P102233,2,2025-03-18,65,Heart failure,14.2,0.4,78,collected,scheduled,138,70,91,1,N
P102233,3,2025-03-25,65,Heart failure,14.2,1.8,78,collected,scheduled,142,91,94,1,Y
P102233,4,2025-04-01,65,Heart failure,14.2,2.6,81,missed,missed,136,86,94,1,Y
P102234,1,2024-11-29,41,Diabetes,23.1,-0.6,71,collected,attended,143,82,99,1,N
P102234,2,2024-12-06,41,Diabetes,23.1,-0.4,63,missed,scheduled,138,89,95,1,N
P102234,3,2024-12-13,41,Diabetes,23.1,-0.1,78,collected,attended,127,88,98,1,Y
P102234,4,2024-12-20,41,Diabetes,23.1,0.6,77,late,attended,134,76,96,1,Y
P102235,1,2024-07-05,64,Pneumonia,16.8,-0.2,85,collected,attended,128,91,94,0,N
P102235,2,2024-07-12,64,Pneumonia,16.8,-0.8,82,collected,attended,127,72,95,0,N
P102235,3,2024-07-19,64,Pneumonia,16.8,-0.9,88,collected,attended,158,79,98,0,N
P102235,4,2024-07-26,64,Pneumonia,16.8,-0.7,81,collected,attended,117,94,94,0,N
P102236,1,2025-06-02,81,Other,16.8,-0.3,70,late,scheduled,132,86,96,0,N
P102236,2,2025-06-09,81,Other,16.8,-0.1,88,collected,scheduled,130,88,91,0,N
P102236,3,2025-06-16,81,Other,16.8,-0.3,69,collected,attended,128,87,96,0,N
P102236,4,2025-06-23,81,Other,16.8,-0.3,84,missed,scheduled,141,65,93,0,N
P102237,1,2025-03-05,71,Other,18.2,0.4,86,collected,attended,129,96,97,0,N
P102237,2,2025-03-12,71,Other,18.2,1.0,92,late,attended,117,100,97,0,N
P102237,3,2025-03-19,71,Other,18.2,1.5,90,late,attended,143,76,98,0,N
P102237,4,2025-03-26,71,Other,18.2,1.8,70,collected,attended,146,95,95,0,N
P102238,1,2025-07-13,62,COPD,15.4,0.5,78,late,attended,151,71,94,0,N
P102238,2,2025-07-20,62,COPD,15.4,0.9,90,collected,attended,151,70,95,0,N
P102238,3,2025-07-27,62,COPD,15.4,1.7,72,collected,attended,138,78,96,0,N
P102238,4,2025-08-03,62,COPD,15.4,1.6,97,collected,scheduled,116,100,97,0,N
P102239,1,2024-06-05,61,Heart failure,25.0,0.0,85,collected,scheduled,130,83,96,0,N
P102239,2,2024-06-12,61,Heart failure,25.0,-0.1,100,collected,attended,125,71,94,0,N
P102239,3,2024-06-19,61,Heart failure,25.0,0.3,99,collected,scheduled,150,57,96,0,N
P102239,4,2024-06-26,61,Heart failure,25.0,0.0,82,collected,missed,123,88,96,0,N
P102240,1,2024-12-25,79,Sepsis,31.0,0.8,80,collected,missed,148,85,93,1,N
P102240,2,2025-01-01,79,Sepsis,31.0,1.4,55,late,attended,137,86,93,1,N
P102240,3,2025-01-08,79,Sepsis,31.0,0.8,78,collected,missed,134,72,92,1,Y
P102240,4,2025-01-15,79,Sepsis,31.0,1.4,88,collected,attended,156,94,97,1,Y
P102241,1,2025-01-23,73,Heart failure,23.1,-0.5,84,collected,attended,117,68,96,0,N
P102241,2,2025-01-30,73,Heart failure,23.1,0.1,83,collected,attended,133,79,95,0,N
P102241,3,2025-02-06,73,Heart failure,23.1,-0.1,100,collected,attended,143,83,96,0,N
P102241,4,2025-02-13,73,Heart failure,23.1,1.1,77,collected,missed,126,68,96,0,N
P102242,1,2024-10-31,62,Heart failure,18.2,0.2,89,collected,attended,135,57,95,0,N
P102242,2,2024-11-07,62,Heart failure,18.2,0.4,78,missed,scheduled,113,77,94,0,N
P102242,3,2024-11-14,62,Heart failure,18.2,0.7,84,collected,missed,135,65,92,0,N
P102242,4,2024-11-21,62,Heart failure,18.2,1.2,79,collected,scheduled,135,93,98,0,N
P102243,1,2024-07-29,56,Hip fracture,15.4,-1.4,77,late,missed,150,91,95,1,N
P102243,2,2024-08-05,56,Hip fracture,15.4,-0.8,72,collected,missed,148,90,97,1,N
P102243,3,2024-08-12,56,Hip fracture,15.4,-0.5,82,late,attended,141,77,95,1,Y
P102243,4,2024-08-19,56,Hip fracture,15.4,-1.3,67,collected,scheduled,123,72,93,1,Y
P102244,1,2025-03-15,63,Other,18.2,-0.1,100,late,attended,150,75,98,0,N
P102244,2,2025-03-22,63,Other,18.2,-0.3,98,collected,scheduled,131,71,96,0,N
P102244,3,2025-03-29,63,Other,18.2,0.3,87,collected,attended,135,70,97,0,N
P102244,4,2025-04-05,63,Other,18.2,0.7,100,collected,attended,132,79,99,0,N
P102245,1,2025-07-24,57,Sepsis,11.9,-0.3,87,late,attended,145,83,99,1,N
P102245,2,2025-07-31,57,Sepsis,11.9,-0.4,90,collected,attended,131,98,97,1,N
P102245,3,2025-08-07,57,Sepsis,11.9,-0.9,65,collected,missed,134,89,97,1,Y
P102245,4,2025-08-14,57,Sepsis,11.9,-2.5,100,late,attended,126,75,96,1,Y
P102246,1,2025-04-21,70,Heart failure,23.1,0.4,89,collected,missed,117,80,97,0,N
P102246,2,2025-04-28,70,Heart failure,23.1,1.3,61,collected,scheduled,129,58,98,0,N
P102246,3,2025-05-05,70,Heart failure,23.1,0.6,80,collected,scheduled,132,88,96,0,N
P102246,4,2025-05-12,70,Heart failure,23.1,0.6,78,collected,attended,128,79,95,0,N
P102247,1,2024-05-03,70,Other,26.9,0.5,89,collected,attended,133,94,93,0,N
P102247,2,2024-05-10,70,Other,26.9,0.3,100,collected,scheduled,135,67,96,0,N
P102247,3,2024-05-17,70,Other,26.9,-0.7,95,collected,attended,153,71,96,0,N
P102247,4,2024-05-24,70,Other,26.9,-1.1,99,missed,attended,130,80,92,0,N
P102248,1,2025-01-29,75,Diabetes,21.4,0.7,88,collected,attended,141,82,96,0,N
P102248,2,2025-02-05,75,Diabetes,21.4,1.1,79,collected,attended,117,93,96,0,N
P102248,3,2025-02-12,75,Diabetes,21.4,0.6,85,late,attended,135,82,94,0,N
P102248,4,2025-02-19,75,Diabetes,21.4,0.3,100,collected,attended,133,69,98,0,N
P102249,1,2024-05-11,70,Sepsis,13.0,-0.8,85,collected,attended,117,70,94,0,N
P102249,2,2024-05-18,70,Sepsis,13.0,-0.8,77,collected,missed,113,48,96,0,N
P102249,3,2024-05-25,70,Sepsis,13.0,-0.2,100,collected,attended,119,76,95,0,N
P102249,4,2024-06-01,70,Sepsis,13.0,-0.7,95,missed,attended,178,79,94,0,N
P102250,1,2025-08-18,63,Other,14.2,-1.2,100,collected,scheduled,114,107,95,0,N
P102250,2,2025-08-25,63,Other,14.2,-1.3,94,missed,scheduled,129,86,94,0,N
P102250,3,2025-09-01,63,Other,14.2,-0.9,85,collected,scheduled,137,69,97,0,N
P102250,4,2025-09-08,63,Other,14.2,-1.4,93,late,attended,133,62,99,0,N
P102251,1,2024-02-16,84,Other,15.4,-0.1,100,collected,scheduled,150,79,96,0,N
P102251,2,2024-02-23,84,Other,15.4,-0.7,82,collected,attended,108,74,98,0,N
P102251,3,2024-03-01,84,Other,15.4,-0.6,80,collected,attended,145,76,99,0,N
P102251,4,2024-03-08,84,Other,15.4,0.3,89,collected,attended,133,99,99,0,N
P102252,1,2025-07-17,47,Other,25.0,1.1,64,collected,missed,134,94,98,0,N
P102252,2,2025-07-24,47,Other,25.0,0.7,97,collected,scheduled,143,72,96,0,N
P102252,3,2025-07-31,47,Other,25.0,2.0,100,missed,scheduled,142,52,93,0,N
P102252,4,2025-08-07,47,Other,25.0,2.7,96,collected,attended,140,81,97,0,N
P102253,1,2025-08-07,74,COPD,15.4,0.3,78,collected,attended,112,85,95,0,N
P102253,2,2025-08-14,74,COPD,15.4,-0.1,93,collected,attended,125,64,96,0,N
P102253,3,2025-08-21,74,COPD,15.4,-0.9,89,collected,attended,143,78,97,0,N
P102253,4,2025-08-28,74,COPD,15.4,-0.3,81,collected,attended,135,72,95,0,N
P102254,1,2024-10-11,76,Other,31.0,0.3,72,late,scheduled,125,95,95,1,N
P102254,2,2024-10-18,76,Other,31.0,0.1,65,missed,scheduled,133,82,96,1,N
P102254,3,2024-10-25,76,Other,31.0,-1.2,71,collected,missed,127,72,97,1,Y
P102254,4,2024-11-01,76,Other,31.0,-1.8,69,collected,missed,161,79,96,1,Y
P102255,1,2024-06-12,70,Diabetes,14.2,-0.3,72,late,scheduled,156,72,92,1,N
P102255,2,2024-06-19,70,Diabetes,14.2,-0.7,69,collected,missed,125,98,96,1,N
P102255,3,2024-06-26,70,Diabetes,14.2,-1.2,64,collected,attended,132,90,96,1,Y
P102255,4,2024-07-03,70,Diabetes,14.2,-1.1,64,collected,missed,134,81,95,1,Y
P102256,1,2025-05-16,65,Sepsis,15.4,-0.4,97,collected,attended,131,58,97,0,N
P102256,2,2025-05-23,65,Sepsis,15.4,-0.9,94,collected,attended,121,68,95,0,N
P102256,3,2025-05-30,65,Sepsis,15.4,-0.8,67,late,attended,121,65,94,0,N
P102256,4,2025-06-06,65,Sepsis,15.4,0.8,71,collected,scheduled,136,87,94,0,N
P102257,1,2024-05-03,58,COPD,13.0,0.4,85,collected,attended,151,78,99,0,N
P102257,2,2024-05-10,58,COPD,13.0,-0.3,97,collected,scheduled,117,96,94,0,N
P102257,3,2024-05-17,58,COPD,13.0,0.6,73,collected,missed,137,94,95,0,N
P102257,4,2024-05-24,58,COPD,13.0,0.5,100,missed,attended,120,84,98,0,N
P102258,1,2024-01-17,60,Diabetes,21.4,0.5,76,late,attended,121,82,95,0,N
P102258,2,2024-01-24,60,Diabetes,21.4,0.9,82,collected,scheduled,153,77,94,0,N
P102258,3,2024-01-31,60,Diabetes,21.4,1.5,87,collected,attended,128,84,94,0,N
P102258,4,2024-02-07,60,Diabetes,21.4,1.8,85,collected,attended,130,75,97,0,N
P102259,1,2024-08-16,59,Heart failure,21.4,-0.5,94,collected,missed,167,78,96,1,N
P102259,2,2024-08-23,59,Heart failure,21.4,-1.2,95,late,attended,122,94,97,1,N
P102259,3,2024-08-30,59,Heart failure,21.4,-1.7,99,missed,attended,159,79,95,1,Y
P102259,4,2024-09-06,59,Heart failure,21.4,-0.5,91,late,attended,135,69,92,1,Y
P102260,1,2024-12-15,60,Hip fracture,16.8,-0.7,90,collected,scheduled,108,83,92,0,N
P102260,2,2024-12-22,60,Hip fracture,16.8,-0.8,76,collected,scheduled,147,68,96,0,N
P102260,3,2024-12-29,60,Hip fracture,16.8,-1.6,90,collected,attended,148,90,98,0,N
P102260,4,2025-01-05,60,Hip fracture,16.8,-0.9,78,collected,attended,129,94,95,0,N
P102261,1,2024-12-22,71,Kidney disease,15.4,-0.6,86,collected,attended,133,80,99,0,N
P102261,2,2024-12-29,71,Kidney disease,15.4,-1.0,93,collected,scheduled,162,69,95,0,N
P102261,3,2025-01-05,71,Kidney disease,15.4,-0.8,81,collected,attended,137,83,96,0,N
P102261,4,2025-01-12,71,Kidney disease,15.4,-0.2,99,collected,attended,148,89,94,0,N
P102262,1,2024-03-14,76,Kidney disease,33.2,-1.1,63,collected,scheduled,141,97,95,1,N
P102262,2,2024-03-21,76,Kidney disease,33.2,-2.2,62,collected,scheduled,134,69,94,1,N
P102262,3,2024-03-28,76,Kidney disease,33.2,-2.5,71,collected,missed,166,84,98,1,Y
P102262,4,2024-04-04,76,Kidney disease,33.2,-2.0,83,collected,attended,157,85,95,1,Y
P102263,1,2025-04-23,66,Pneumonia,16.8,-0.4,95,collected,scheduled,135,81,100,0,N
P102263,2,2025-04-30,66,Pneumonia,16.8,0.1,78,collected,attended,125,85,97,0,N
P102263,3,2025-05-07,66,Pneumonia,16.8,0.9,94,collected,attended,120,78,93,0,N
P102263,4,2025-05-14,66,Pneumonia,16.8,0.6,70,collected,attended,160,85,94,0,N
P102264,1,2024-10-14,68,Pneumonia,18.2,-1.3,83,collected,missed,135,87,96,0,N
P102264,2,2024-10-21,68,Pneumonia,18.2,-1.3,73,late,scheduled,150,73,99,0,N
P102264,3,2024-10-28,68,Pneumonia,18.2,-1.5,77,collected,attended,126,81,96,0,N
P102264,4,2024-11-04,68,Pneumonia,18.2,-1.7,91,collected,scheduled,136,89,97,0,N
P102265,1,2024-04-02,84,Pneumonia,16.8,0.3,95,collected,attended,126,76,94,0,N
P102265,2,2024-04-09,84,Pneumonia,16.8,0.8,75,late,attended,122,59,95,0,N
P102265,3,2024-04-16,84,Pneumonia,16.8,0.5,94,collected,missed,154,82,98,0,N
P102265,4,2024-04-23,84,Pneumonia,16.8,1.0,87,missed,attended,131,79,93,0,N
P102266,1,2025-08-07,73,Pneumonia,18.2,0.5,86,collected,attended,136,80,98,0,N
P102266,2,2025-08-14,73,Pneumonia,18.2,-0.1,93,collected,attended,130,90,98,0,N
P102266,3,2025-08-21,73,Pneumonia,18.2,-0.8,100,collected,attended,139,75,99,0,N
P102266,4,2025-08-28,73,Pneumonia,18.2,-1.4,92,collected,missed,148,93,97,0,N
P102267,1,2024-01-12,79,Kidney disease,28.9,0.5,78,late,scheduled,121,62,95,0,N
P102267,2,2024-01-19,79,Kidney disease,28.9,0.2,86,collected,missed,128,60,98,0,N
P102267,3,2024-01-26,79,Kidney disease,28.9,1.2,87,collected,scheduled,121,85,98,0,N
P102267,4,2024-02-02,79,Kidney disease,28.9,0.9,87,collected,attended,112,66,99,0,N
P102268,1,2025-03-22,53,Kidney disease,25.0,-0.7,91,late,attended,149,89,97,0,N
P102268,2,2025-03-29,53,Kidney disease,25.0,-0.4,83,collected,scheduled,102,90,96,0,N
P102268,3,2025-04-05,53,Kidney disease,25.0,-1.2,99,missed,attended,143,68,96,0,N
P102268,4,2025-04-12,53,Kidney disease,25.0,-2.9,74,collected,attended,125,90,96,0,N
P102269,1,2025-08-14,82,Diabetes,16.8,-0.6,94,collected,attended,143,89,99,0,N
P102269,2,2025-08-21,82,Diabetes,16.8,0.0,83,collected,scheduled,145,80,94,0,N
P102269,3,2025-08-28,82,Diabetes,16.8,0.8,96,late,scheduled,162,84,94,0,N
P102269,4,2025-09-04,82,Diabetes,16.8,0.4,77,late,missed,145,89,97,0,N
P102270,1,2024-06-27,60,Diabetes,19.8,0.2,89,collected,attended,116,90,97,0,N
P102270,2,2024-07-04,60,Diabetes,19.8,-1.0,94,collected,scheduled,130,94,99,0,N
P102270,3,2024-07-11,60,Diabetes,19.8,-1.6,75,collected,missed,123,72,95,0,N
P102270,4,2024-07-18,60,Diabetes,19.8,-1.8,100,collected,attended,125,68,96,0,N
P102271,1,2025-02-10,79,Sepsis,16.8,-0.4,93,missed,attended,148,78,93,1,N
P102271,2,2025-02-17,79,Sepsis,16.8,-1.5,93,missed,missed,105,61,97,1,N
P102271,3,2025-02-24,79,Sepsis,16.8,-1.0,91,collected,scheduled,136,77,93,1,Y
P102271,4,2025-03-03,79,Sepsis,16.8,-1.2,84,late,attended,137,76,95,1,Y
P102272,1,2025-06-01,68,Heart failure,35.4,0.7,100,collected,missed,111,71,95,0,N
P102272,2,2025-06-08,68,Heart failure,35.4,1.5,67,collected,scheduled,134,79,96,0,N
P102272,3,2025-06-15,68,Heart failure,35.4,1.3,94,collected,attended,126,79,97,0,N
P102272,4,2025-06-22,68,Heart failure,35.4,1.5,99,collected,attended,148,76,95,0,N
P102273,1,2025-05-29,83,Heart failure,19.8,-0.2,84,collected,attended,141,78,94,0,N
P102273,2,2025-06-05,83,Heart failure,19.8,-0.4,82,collected,attended,126,58,91,0,N
P102273,3,2025-06-12,83,Heart failure,19.8,0.8,86,collected,scheduled,149,62,98,0,N
P102273,4,2025-06-19,83,Heart failure,19.8,0.9,95,collected,attended,109,58,95,0,N
P102274,1,2024-06-16,56,Pneumonia,16.8,-0.5,70,collected,attended,104,69,95,0,N
P102274,2,2024-06-23,56,Pneumonia,16.8,-0.2,81,collected,scheduled,133,86,97,0,N
P102274,3,2024-06-30,56,Pneumonia,16.8,-0.7,100,collected,attended,139,71,95,0,N
P102274,4,2024-07-07,56,Pneumonia,16.8,-0.2,89,missed,attended,131,75,97,0,N
P102275,1,2025-01-24,62,Other,21.4,-0.1,100,late,missed,141,76,97,1,N
P102275,2,2025-01-31,62,Other,21.4,0.6,84,collected,attended,126,89,95,1,N
P102275,3,2025-02-07,62,Other,21.4,1.6,84,late,attended,148,73,96,1,Y
P102275,4,2025-02-14,62,Other,21.4,1.1,89,collected,attended,145,77,95,1,Y
P102276,1,2024-04-05,75,Pneumonia,26.9,-0.4,93,collected,attended,108,70,97,1,N
P102276,2,2024-04-12,75,Pneumonia,26.9,0.6,76,collected,attended,159,78,97,1,N
P102276,3,2024-04-19,75,Pneumonia,26.9,1.3,71,late,attended,120,73,96,1,Y
P102276,4,2024-04-26,75,Pneumonia,26.9,1.9,81,missed,attended,131,71,96,1,Y
P102277,1,2024-10-11,81,Diabetes,16.8,-0.3,82,collected,scheduled,140,77,97,0,N
P102277,2,2024-10-18,81,Diabetes,16.8,-1.6,89,collected,scheduled,153,72,94,0,N
P102277,3,2024-10-25,81,Diabetes,16.8,-2.1,78,late,attended,103,72,96,0,N
P102277,4,2024-11-01,81,Diabetes,16.8,-1.6,86,collected,attended,146,88,93,0,N
P102278,1,2025-05-26,77,Heart failure,13.0,-0.4,70,collected,attended,142,71,96,0,N
P102278,2,2025-06-02,77,Heart failure,13.0,0.0,76,missed,attended,118,84,93,0,N
P102278,3,2025-06-09,77,Heart failure,13.0,-0.7,61,missed,missed,149,87,96,0,N
P102278,4,2025-06-16,77,Heart failure,13.0,-0.2,85,late,attended,131,75,96,0,N
P102279,1,2024-08-28,51,Heart failure,16.8,1.3,95,collected,scheduled,138,80,96,0,N
P102279,2,2024-09-04,51,Heart failure,16.8,0.2,100,collected,attended,129,90,95,0,N
P102279,3,2024-09-11,51,Heart failure,16.8,-0.5,86,collected,scheduled,136,70,95,0,N
P102279,4,2024-09-18,51,Heart failure,16.8,-1.1,93,late,scheduled,146,88,94,0,N
P102280,1,2024-08-30,53,Hip fracture,16.8,0.5,82,collected,missed,109,68,98,0,N
P102280,2,2024-09-06,53,Hip fracture,16.8,-0.1,81,collected,attended,135,78,96,0,N
P102280,3,2024-09-13,53,Hip fracture,16.8,-0.4,80,collected,attended,120,77,96,0,N
P102280,4,2024-09-20,53,Hip fracture,16.8,-0.5,97,late,attended,120,94,97,0,N
P102281,1,2024-03-10,52,COPD,23.1,-0.7,85,collected,scheduled,133,103,94,1,N
P102281,2,2024-03-17,52,COPD,23.1,-0.3,90,collected,scheduled,121,65,95,1,N
P102281,3,2024-03-24,52,COPD,23.1,-0.0,90,collected,attended,129,80,98,1,Y
P102281,4,2024-03-31,52,COPD,23.1,0.9,85,collected,missed,112,68,93,1,Y
P102282,1,2024-07-23,73,Kidney disease,28.9,0.8,82,collected,scheduled,156,63,98,0,N
P102282,2,2024-07-30,73,Kidney disease,28.9,-0.6,96,late,scheduled,139,95,96,0,N
P102282,3,2024-08-06,73,Kidney disease,28.9,-0.6,93,missed,scheduled,135,93,96,0,N
P102282,4,2024-08-13,73,Kidney disease,28.9,-0.7,78,collected,attended,119,92,96,0,N
P102283,1,2025-06-09,69,Heart failure,19.8,1.1,80,late,scheduled,145,90,94,1,N
P102283,2,2025-06-16,69,Heart failure,19.8,2.2,66,collected,missed,136,76,98,1,N
P102283,3,2025-06-23,69,Heart failure,19.8,3.3,86,collected,attended,145,81,95,1,Y
P102283,4,2025-06-30,69,Heart failure,19.8,2.8,92,collected,missed,134,89,97,1,Y
P102284,1,2025-04-18,48,Kidney disease,11.9,0.6,93,late,missed,127,77,95,0,N
P102284,2,2025-04-25,48,Kidney disease,11.9,1.4,91,collected,attended,129,76,95,0,N
P102284,3,2025-05-02,48,Kidney disease,11.9,2.2,97,collected,scheduled,134,91,93,0,N
P102284,4,2025-05-09,48,Kidney disease,11.9,2.2,94,collected,attended,133,71,94,0,N
P102285,1,2025-01-23,57,Other,13.0,-0.6,76,collected,attended,144,76,96,0,N
P102285,2,2025-01-30,57,Other,13.0,-0.4,78,collected,attended,137,70,98,0,N
P102285,3,2025-02-06,57,Other,13.0,-0.0,81,collected,attended,127,82,98,0,N
P102285,4,2025-02-13,57,Other,13.0,0.2,77,collected,attended,158,75,94,0,N
P102286,1,2025-02-07,95,Heart failure,18.2,0.9,88,collected,scheduled,117,69,99,1,N
P102286,2,2025-02-14,95,Heart failure,18.2,1.6,82,collected,scheduled,140,77,97,1,N
P102286,3,2025-02-21,95,Heart failure,18.2,1.2,64,late,attended,134,92,99,1,Y
P102286,4,2025-02-28,95,Heart failure,18.2,1.8,90,collected,attended,122,95,95,1,Y
P102287,1,2025-08-20,58,COPD,15.4,0.1,96,missed,scheduled,170,89,95,0,N
P102287,2,2025-08-27,58,COPD,15.4,0.2,93,late,scheduled,131,80,93,0,N
P102287,3,2025-09-03,58,COPD,15.4,-0.1,87,collected,attended,128,89,97,0,N
P102287,4,2025-09-10,58,COPD,15.4,-0.3,81,collected,attended,128,70,99,0,N
P102288,1,2024-08-07,80,Sepsis,23.1,0.0,100,late,attended,133,80,96,0,N
P102288,2,2024-08-14,80,Sepsis,23.1,-0.1,93,collected,scheduled,143,81,96,0,N
P102288,3,2024-08-21,80,Sepsis,23.1,0.7,75,collected,attended,121,88,94,0,N
P102288,4,2024-08-28,80,Sepsis,23.1,0.1,86,collected,scheduled,137,72,98,0,N
P102289,1,2024-10-31,88,Other,23.1,-0.6,99,collected,scheduled,123,93,99,0,N
P102289,2,2024-11-07,88,Other,23.1,0.0,79,missed,attended,127,79,94,0,N
P102289,3,2024-11-14,88,Other,23.1,-0.0,96,collected,scheduled,158,75,97,0,N
P102289,4,2024-11-21,88,Other,23.1,-0.8,87,collected,attended,123,68,96,0,N
P102290,1,2024-08-11,67,Pneumonia,16.8,1.0,80,missed,attended,154,70,97,0,N
P102290,2,2024-08-18,67,Pneumonia,16.8,1.4,90,collected,missed,134,80,94,0,N
P102290,3,2024-08-25,67,Pneumonia,16.8,1.6,100,collected,scheduled,133,80,99,0,N
P102290,4,2024-09-01,67,Pneumonia,16.8,0.8,98,collected,scheduled,114,77,96,0,N
P102291,1,2025-06-01,65,Other,23.1,-0.1,81,missed,attended,143,93,97,0,N
P102291,2,2025-06-08,65,Other,23.1,-0.4,77,collected,scheduled,130,69,94,0,N
P102291,3,2025-06-15,65,Other,23.1,-0.3,82,collected,scheduled,125,86,95,0,N
P102291,4,2025-06-22,65,Other,23.1,-0.5,97,late,scheduled,124,70,95,0,N
P102292,1,2025-02-17,79,Pneumonia,37.8,0.1,100,collected,scheduled,148,70,94,0,N
P102292,2,2025-02-24,79,Pneumonia,37.8,-1.0,64,collected,scheduled,136,66,94,0,N
P102292,3,2025-03-03,79,Pneumonia,37.8,-1.5,96,collected,scheduled,122,80,96,0,N
P102292,4,2025-03-10,79,Pneumonia,37.8,-0.9,86,collected,scheduled,141,83,99,0,N
P102293,1,2025-08-15,77,Hip fracture,25.0,-0.0,61,collected,missed,136,85,97,1,N
P102293,2,2025-08-22,77,Hip fracture,25.0,-0.4,88,late,scheduled,142,77,94,1,N
P102293,3,2025-08-29,77,Hip fracture,25.0,0.1,69,collected,attended,143,96,94,1,Y
P102293,4,2025-09-05,77,Hip fracture,25.0,1.4,54,collected,scheduled,124,77,96,1,Y
P102294,1,2024-06-27,81,Sepsis,18.2,0.3,87,collected,scheduled,114,100,96,0,N
P102294,2,2024-07-04,81,Sepsis,18.2,-0.3,82,collected,attended,126,84,94,0,N
P102294,3,2024-07-11,81,Sepsis,18.2,1.0,96,collected,attended,146,73,97,0,N
P102294,4,2024-07-18,81,Sepsis,18.2,2.8,70,collected,scheduled,133,80,95,0,N
P102295,1,2024-10-24,57,COPD,15.4,-0.2,100,collected,attended,136,82,93,0,N
P102295,2,2024-10-31,57,COPD,15.4,0.0,93,collected,attended,126,72,97,0,N
P102295,3,2024-11-07,57,COPD,15.4,-0.7,92,late,scheduled,130,80,96,0,N
P102295,4,2024-11-14,57,COPD,15.4,0.0,62,collected,attended,104,75,97,0,N
P102296,1,2024-12-10,46,Kidney disease,11.9,-0.4,85,collected,scheduled,112,93,97,0,N
P102296,2,2024-12-17,46,Kidney disease,11.9,-0.1,95,collected,attended,128,84,96,0,N
P102296,3,2024-12-24,46,Kidney disease,11.9,0.2,94,collected,attended,111,78,94,0,N
P102296,4,2024-12-31,46,Kidney disease,11.9,-0.3,95,collected,attended,119,86,100,0,N
P102297,1,2024-03-24,88,Sepsis,21.4,0.5,85,missed,scheduled,138,98,97,0,N
P102297,2,2024-03-31,88,Sepsis,21.4,0.5,69,collected,attended,146,60,97,0,N
P102297,3,2024-04-07,88,Sepsis,21.4,-0.1,86,collected,attended,139,52,96,0,N
P102297,4,2024-04-14,88,Sepsis,21.4,0.6,79,collected,scheduled,133,83,98,0,N
P102298,1,2024-06-15,91,Other,19.8,-0.2,79,late,scheduled,150,63,97,0,N
P102298,2,2024-06-22,91,Other,19.8,-0.3,99,collected,attended,152,90,98,0,N
P102298,3,2024-06-29,91,Other,19.8,-0.5,76,collected,attended,142,83,94,0,N
P102298,4,2024-07-06,91,Other,19.8,-0.5,76,collected,attended,169,68,98,0,N
P102299,1,2024-07-28,70,Kidney disease,15.4,0.9,70,collected,attended,137,85,96,0,N
P102299,2,2024-08-04,70,Kidney disease,15.4,0.7,81,collected,attended,118,91,93,0,N
P102299,3,2024-08-11,70,Kidney disease,15.4,0.6,93,collected,scheduled,125,66,96,0,N
P102299,4,2024-08-18,70,Kidney disease,15.4,-0.1,83,collected,scheduled,120,78,96,0,N
P102300,1,2025-07-06,60,Other,23.1,-0.4,88,collected,scheduled,129,73,96,0,N
P102300,2,2025-07-13,60,Other,23.1,-0.9,90,collected,missed,149,88,95,0,N
P102300,3,2025-07-20,60,Other,23.1,-0.5,100,collected,scheduled,146,56,96,0,N
P102300,4,2025-07-27,60,Other,23.1,0.3,92,collected,attended,131,77,92,0,N
P102301,1,2025-04-14,83,Stroke,19.8,0.2,65,collected,attended,142,78,97,0,N
P102301,2,2025-04-21,83,Stroke,19.8,0.8,86,collected,scheduled,140,81,97,0,N
P102301,3,2025-04-28,83,Stroke,19.8,0.4,90,collected,attended,143,95,96,0,N
P102301,4,2025-05-05,83,Stroke,19.8,1.1,85,collected,attended,129,64,96,0,N
P102302,1,2024-09-27,62,Other,23.1,-1.2,88,collected,attended,126,62,97,1,N
P102302,2,2024-10-04,62,Other,23.1,-0.7,75,collected,attended,117,74,96,1,N
P102302,3,2024-10-11,62,Other,23.1,-0.2,100,collected,attended,141,79,98,1,Y
P102302,4,2024-10-18,62,Other,23.1,0.4,97,collected,scheduled,118,60,96,1,Y
P102303,1,2025-05-30,75,Diabetes,15.4,0.8,91,collected,attended,121,73,96,0,N
P102303,2,2025-06-06,75,Diabetes,15.4,1.1,88,collected,scheduled,121,89,94,0,N
P102303,3,2025-06-13,75,Diabetes,15.4,1.6,82,collected,attended,138,93,97,0,N
P102303,4,2025-06-20,75,Diabetes,15.4,2.2,100,collected,scheduled,135,99,100,0,N
P102304,1,2024-08-30,43,Pneumonia,13.0,0.3,77,collected,missed,133,62,95,0,N
P102304,2,2024-09-06,43,Pneumonia,13.0,-0.3,97,missed,attended,125,64,94,0,N
P102304,3,2024-09-13,43,Pneumonia,13.0,-0.0,98,collected,attended,134,76,96,0,N
P102304,4,2024-09-20,43,Pneumonia,13.0,-0.7,85,collected,scheduled,139,76,96,0,N
P102305,1,2024-10-22,89,COPD,21.4,0.5,86,collected,attended,126,92,95,0,N
P102305,2,2024-10-29,89,COPD,21.4,-0.6,97,collected,scheduled,147,78,97,0,N
P102305,3,2024-11-05,89,COPD,21.4,-1.5,97,collected,attended,105,69,95,0,N
P102305,4,2024-11-12,89,COPD,21.4,-1.6,82,collected,attended,148,71,98,0,N
P102306,1,2024-10-06,74,Hip fracture,23.1,1.4,89,collected,attended,112,60,96,0,N
P102306,2,2024-10-13,74,Hip fracture,23.1,0.6,83,missed,attended,185,87,93,0,N
P102306,3,2024-10-20,74,Hip fracture,23.1,0.4,80,collected,scheduled,128,76,96,0,N
P102306,4,2024-10-27,74,Hip fracture,23.1,1.3,97,collected,missed,93,82,98,0,N
P102307,1,2024-10-30,71,Diabetes,14.2,-1.6,93,collected,attended,136,83,94,0,N
P102307,2,2024-11-06,71,Diabetes,14.2,-1.2,77,late,missed,126,79,96,0,N
P102307,3,2024-11-13,71,Diabetes,14.2,-1.2,80,late,scheduled,142,99,97,0,N
P102307,4,2024-11-20,71,Diabetes,14.2,-1.0,69,collected,attended,132,107,94,0,N
P102308,1,2024-06-05,67,Pneumonia,28.9,-0.6,74,missed,attended,143,83,95,1,N
P102308,2,2024-06-12,67,Pneumonia,28.9,-1.0,76,collected,attended,149,77,98,1,N
P102308,3,2024-06-19,67,Pneumonia,28.9,-1.5,81,collected,missed,138,92,95,1,Y
P102308,4,2024-06-26,67,Pneumonia,28.9,-1.5,73,collected,scheduled,134,72,98,1,Y
P102309,1,2025-04-10,45,Pneumonia,16.8,0.3,91,missed,scheduled,131,73,97,0,N
P102309,2,2025-04-17,45,Pneumonia,16.8,0.8,91,late,attended,132,70,98,0,N
P102309,3,2025-04-24,45,Pneumonia,16.8,1.3,75,collected,scheduled,120,62,96,0,N
P102309,4,2025-05-01,45,Pneumonia,16.8,2.1,95,collected,scheduled,119,80,98,0,N
P102310,1,2025-07-06,83,Kidney disease,21.4,-0.5,90,collected,missed,144,80,98,0,N
P102310,2,2025-07-13,83,Kidney disease,21.4,-0.9,71,collected,scheduled,132,67,93,0,N
P102310,3,2025-07-20,83,Kidney disease,21.4,-0.7,78,collected,attended,147,76,98,0,N
P102310,4,2025-07-27,83,Kidney disease,21.4,-0.2,88,late,scheduled,122,68,94,0,N
P102311,1,2024-11-12,72,Pneumonia,18.2,-0.2,100,collected,attended,128,81,98,0,N
P102311,2,2024-11-19,72,Pneumonia,18.2,0.8,88,missed,attended,96,87,99,0,N
P102311,3,2024-11-26,72,Pneumonia,18.2,0.7,81,collected,scheduled,147,75,95,0,N
P102311,4,2024-12-03,72,Pneumonia,18.2,0.6,90,collected,attended,117,88,94,0,N
P102312,1,2024-05-16,61,Hip fracture,25.0,-0.6,93,collected,scheduled,143,81,97,0,N
P102312,2,2024-05-23,61,Hip fracture,25.0,-1.2,95,collected,attended,135,88,98,0,N
P102312,3,2024-05-30,61,Hip fracture,25.0,-1.2,85,collected,attended,121,90,95,0,N
P102312,4,2024-06-06,61,Hip fracture,25.0,-1.4,83,collected,attended,115,100,93,0,N
P102313,1,2024-04-09,67,COPD,16.8,-0.5,100,collected,scheduled,151,74,97,0,N
P102313,2,2024-04-16,67,COPD,16.8,-1.2,86,collected,scheduled,140,86,92,0,N
P102313,3,2024-04-23,67,COPD,16.8,-0.8,87,collected,missed,127,78,96,0,N
P102313,4,2024-04-30,67,COPD,16.8,-0.7,93,missed,attended,119,76,97,0,N
P102314,1,2024-01-31,56,Other,15.4,0.2,70,collected,missed,117,73,99,1,N
P102314,2,2024-02-07,56,Other,15.4,0.6,80,collected,attended,130,76,96,1,N
P102314,3,2024-02-14,56,Other,15.4,1.6,99,collected,scheduled,149,75,97,1,Y
P102314,4,2024-02-21,56,Other,15.4,1.8,78,collected,missed,138,66,97,1,Y
P102315,1,2025-03-31,86,Other,28.9,-0.8,86,collected,missed,139,90,98,0,N
P102315,2,2025-04-07,86,Other,28.9,-1.3,92,collected,attended,144,88,95,0,N
P102315,3,2025-04-14,86,Other,28.9,-0.0,82,collected,attended,128,83,97,0,N
P102315,4,2025-04-21,86,Other,28.9,0.0,87,late,attended,158,65,97,0,N
P102316,1,2024-05-21,61,Sepsis,16.8,0.6,87,collected,missed,142,89,95,0,N
P102316,2,2024-05-28,61,Sepsis,16.8,0.2,84,collected,attended,151,83,95,0,N
P102316,3,2024-06-04,61,Sepsis,16.8,0.7,81,collected,missed,141,77,94,0,N
P102316,4,2024-06-11,61,Sepsis,16.8,0.7,78,collected,scheduled,155,84,96,0,N
P102317,1,2025-02-27,57,Heart failure,13.0,-1.4,94,collected,missed,129,84,96,0,N
P102317,2,2025-03-06,57,Heart failure,13.0,-1.4,88,missed,attended,136,84,93,0,N
P102317,3,2025-03-13,57,Heart failure,13.0,-0.3,87,collected,attended,137,75,95,0,N
P102317,4,2025-03-20,57,Heart failure,13.0,-0.1,93,collected,scheduled,141,86,97,0,N
P102318,1,2024-11-09,100,Diabetes,31.0,-1.7,80,missed,scheduled,123,71,96,0,N
P102318,2,2024-11-16,100,Diabetes,31.0,-1.3,81,late,attended,154,86,97,0,N
P102318,3,2024-11-23,100,Diabetes,31.0,-1.6,70,collected,attended,142,87,99,0,N
P102318,4,2024-11-30,100,Diabetes,31.0,-1.2,77,collected,attended,127,74,98,0,N
P102319,1,2024-02-10,73,Other,16.8,-0.2,74,collected,scheduled,151,90,98,0,N
P102319,2,2024-02-17,73,Other,16.8,-0.1,72,late,missed,129,71,95,0,N
P102319,3,2024-02-24,73,Other,16.8,0.3,77,collected,missed,161,67,96,0,N
P102319,4,2024-03-02,73,Other,16.8,-0.2,83,collected,attended,149,85,96,0,N
P102320,1,2025-06-02,62,Heart failure,14.2,0.5,91,collected,scheduled,107,97,97,0,N
P102320,2,2025-06-09,62,Heart failure,14.2,0.7,85,collected,missed,128,57,95,0,N
P102320,3,2025-06-16,62,Heart failure,14.2,1.4,97,collected,attended,113,84,98,0,N
P102320,4,2025-06-23,62,Heart failure,14.2,1.3,80,collected,attended,144,91,96,0,N
P102321,1,2024-12-14,47,Heart failure,13.0,-0.5,89,collected,attended,117,74,95,0,N
P102321,2,2024-12-21,47,Heart failure,13.0,0.3,88,collected,scheduled,145,102,100,0,N
P102321,3,2024-12-28,47,Heart failure,13.0,0.1,86,collected,attended,146,86,95,0,N
P102321,4,2025-01-04,47,Heart failure,13.0,-1.2,98,late,attended,138,70,96,0,N
P102322,1,2024-07-25,78,Other,25.0,-0.1,88,collected,attended,140,91,99,0,N
P102322,2,2024-08-01,78,Other,25.0,-0.1,83,late,attended,128,81,96,0,N
P102322,3,2024-08-08,78,Other,25.0,-0.3,89,late,scheduled,137,90,96,0,N
P102322,4,2024-08-15,78,Other,25.0,-0.2,100,collected,missed,127,93,99,0,N
P102323,1,2024-10-23,73,Kidney disease,31.0,-0.7,77,collected,attended,132,82,95,0,N
P102323,2,2024-10-30,73,Kidney disease,31.0,0.0,94,collected,attended,120,101,97,0,N
P102323,3,2024-11-06,73,Kidney disease,31.0,0.1,100,collected,attended,128,68,95,0,N
P102323,4,2024-11-13,73,Kidney disease,31.0,-0.3,83,late,attended,135,72,97,0,N
P102324,1,2024-06-02,64,Diabetes,13.0,-1.1,95,collected,missed,130,84,94,0,N
P102324,2,2024-06-09,64,Diabetes,13.0,-2.1,85,collected,missed,114,77,98,0,N
P102324,3,2024-06-16,64,Diabetes,13.0,-1.2,80,collected,attended,138,73,94,0,N
P102324,4,2024-06-23,64,Diabetes,13.0,-2.3,100,collected,attended,144,83,99,0,N
P102325,1,2025-02-22,81,Stroke,19.8,-1.0,82,collected,attended,131,72,94,0,N
P102325,2,2025-03-01,81,Stroke,19.8,-1.8,89,collected,attended,139,93,96,0,N
P102325,3,2025-03-08,81,Stroke,19.8,-2.3,87,collected,missed,115,81,97,0,N
P102325,4,2025-03-15,81,Stroke,19.8,-1.7,100,collected,scheduled,148,83,96,0,N
P102326,1,2025-08-03,66,Diabetes,28.9,-0.3,66,late,scheduled,146,87,96,1,N
P102326,2,2025-08-10,66,Diabetes,28.9,-0.2,80,missed,missed,143,83,98,1,N
P102326,3,2025-08-17,66,Diabetes,28.9,-0.2,83,late,attended,132,91,96,1,Y
P102326,4,2025-08-24,66,Diabetes,28.9,-0.2,69,late,attended,132,97,94,1,Y
P102327,1,2024-11-03,48,Other,16.8,0.6,73,missed,attended,154,82,95,0,N
P102327,2,2024-11-10,48,Other,16.8,0.1,88,collected,missed,136,99,94,0,N
P102327,3,2024-11-17,48,Other,16.8,1.2,46,late,attended,147,75,96,0,N
P102327,4,2024-11-24,48,Other,16.8,1.7,91,late,attended,142,77,95,0,N
P102328,1,2024-11-29,54,Sepsis,18.2,0.6,79,collected,attended,138,92,96,0,N
P102328,2,2024-12-06,54,Sepsis,18.2,0.9,100,late,scheduled,107,72,92,0,N
P102328,3,2024-12-13,54,Sepsis,18.2,0.7,70,late,attended,140,76,96,0,N
P102328,4,2024-12-20,54,Sepsis,18.2,-0.1,90,collected,missed,147,72,97,0,N
P102329,1,2024-09-06,56,Diabetes,28.9,0.7,96,late,missed,123,80,97,0,N
P102329,2,2024-09-13,56,Diabetes,28.9,1.0,66,collected,attended,142,89,97,0,N
P102329,3,2024-09-20,56,Diabetes,28.9,0.8,95,collected,attended,151,71,93,0,N
P102329,4,2024-09-27,56,Diabetes,28.9,0.7,75,missed,scheduled,136,78,95,0,N
P102330,1,2024-08-30,76,Stroke,19.8,0.5,99,collected,attended,135,75,100,1,N
P102330,2,2024-09-06,76,Stroke,19.8,0.4,83,late,attended,142,54,94,1,N
P102330,3,2024-09-13,76,Stroke,19.8,-0.3,99,collected,attended,138,81,95,1,Y
P102330,4,2024-09-20,76,Stroke,19.8,1.5,88,collected,attended,132,78,99,1,Y
P102331,1,2025-05-31,89,Other,14.2,-0.8,88,collected,attended,127,80,94,0,N
P102331,2,2025-06-07,89,Other,14.2,-1.2,93,collected,attended,145,77,94,0,N
P102331,3,2025-06-14,89,Other,14.2,-1.8,86,collected,attended,138,85,95,0,N
P102331,4,2025-06-21,89,Other,14.2,-2.7,100,collected,attended,138,72,95,0,N
P102332,1,2025-07-07,53,Kidney disease,14.2,-0.3,82,collected,scheduled,129,65,98,0,N
P102332,2,2025-07-14,53,Kidney disease,14.2,0.1,100,collected,scheduled,111,87,96,0,N
P102332,3,2025-07-21,53,Kidney disease,14.2,-0.3,73,collected,scheduled,128,87,93,0,N
P102332,4,2025-07-28,53,Kidney disease,14.2,-0.4,65,collected,missed,153,74,95,0,N
P102333,1,2024-09-04,82,Other,25.0,0.1,88,collected,scheduled,124,79,96,0,N
P102333,2,2024-09-11,82,Other,25.0,-0.3,81,collected,attended,126,74,95,0,N
P102333,3,2024-09-18,82,Other,25.0,0.9,88,collected,scheduled,156,84,97,0,N
P102333,4,2024-09-25,82,Other,25.0,1.8,69,collected,scheduled,135,80,95,0,N
P102334,1,2025-02-15,92,Other,28.9,0.7,78,collected,attended,138,96,99,0,N
P102334,2,2025-02-22,92,Other,28.9,1.2,80,late,attended,145,84,96,0,N
P102334,3,2025-03-01,92,Other,28.9,1.7,87,missed,attended,147,80,96,0,N
P102334,4,2025-03-08,92,Other,28.9,3.2,85,collected,attended,143,76,94,0,N
P102335,1,2024-07-14,61,Pneumonia,13.0,0.2,87,late,attended,137,78,93,0,N
P102335,2,2024-07-21,61,Pneumonia,13.0,-0.3,82,collected,attended,126,62,94,0,N
P102335,3,2024-07-28,61,Pneumonia,13.0,0.6,78,collected,scheduled,122,63,96,0,N
P102335,4,2024-08-04,61,Pneumonia,13.0,0.5,89,collected,attended,111,96,96,0,N
P102336,1,2025-05-16,62,Other,13.0,-0.1,79,collected,attended,135,82,96,0,N
P102336,2,2025-05-23,62,Other,13.0,-0.6,84,missed,attended,141,86,99,0,N
P102336,3,2025-05-30,62,Other,13.0,-0.0,81,collected,scheduled,135,83,97,0,N
P102336,4,2025-06-06,62,Other,13.0,0.1,83,collected,attended,125,81,94,0,N
P102337,1,2024-11-16,24,Hip fracture,14.2,-0.8,73,collected,attended,145,79,97,0,N
P102337,2,2024-11-23,24,Hip fracture,14.2,0.2,92,late,attended,143,72,93,0,N
P102337,3,2024-11-30,24,Hip fracture,14.2,0.7,94,collected,attended,102,72,100,0,N
P102337,4,2024-12-07,24,Hip fracture,14.2,0.1,65,collected,attended,132,75,97,0,N
P102338,1,2025-02-26,63,Other,16.8,0.5,89,missed,scheduled,109,72,94,0,N
P102338,2,2025-03-05,63,Other,16.8,2.1,90,collected,scheduled,121,87,96,0,N
P102338,3,2025-03-12,63,Other,16.8,2.5,92,collected,scheduled,152,82,96,0,N
P102338,4,2025-03-19,63,Other,16.8,2.1,89,collected,scheduled,156,66,98,0,N
P102339,1,2024-11-03,41,Stroke,14.2,-0.4,98,collected,scheduled,139,65,94,0,N
P102339,2,2024-11-10,41,Stroke,14.2,-0.1,94,collected,attended,150,72,94,0,N
P102339,3,2024-11-17,41,Stroke,14.2,-0.2,93,collected,attended,153,82,94,0,N
P102339,4,2024-11-24,41,Stroke,14.2,0.1,88,missed,attended,144,76,97,0,N
P102340,1,2024-08-06,86,Diabetes,18.2,-0.3,93,collected,scheduled,135,92,95,0,N
P102340,2,2024-08-13,86,Diabetes,18.2,-0.4,96,collected,attended,126,86,94,0,N
P102340,3,2024-08-20,86,Diabetes,18.2,-0.4,98,collected,attended,121,78,96,0,N
P102340,4,2024-08-27,86,Diabetes,18.2,-0.4,84,collected,attended,121,66,94,0,N
P102341,1,2024-12-20,68,Heart failure,33.2,-0.1,83,collected,scheduled,113,83,96,1,N
P102341,2,2024-12-27,68,Heart failure,33.2,0.7,80,collected,attended,119,69,95,1,N
P102341,3,2025-01-03,68,Heart failure,33.2,0.5,96,collected,attended,140,90,94,1,Y
P102341,4,2025-01-10,68,Heart failure,33.2,0.3,73,missed,attended,139,90,96,1,Y
P102342,1,2025-03-20,75,Sepsis,14.2,-0.5,91,collected,attended,144,106,96,0,N
P102342,2,2025-03-27,75,Sepsis,14.2,-0.4,90,collected,missed,120,63,96,0,N
P102342,3,2025-04-03,75,Sepsis,14.2,-0.7,100,missed,attended,140,71,93,0,N
P102342,4,2025-04-10,75,Sepsis,14.2,-0.6,81,collected,scheduled,128,75,98,0,N
P102343,1,2025-03-30,64,Hip fracture,15.4,-0.3,91,collected,attended,132,83,96,0,N
P102343,2,2025-04-06,64,Hip fracture,15.4,0.7,86,late,attended,121,76,94,0,N
P102343,3,2025-04-13,64,Hip fracture,15.4,2.2,99,collected,attended,150,56,99,0,N
P102343,4,2025-04-20,64,Hip fracture,15.4,1.6,90,collected,attended,125,95,98,0,N
P102344,1,2024-08-30,49,Stroke,16.8,1.1,91,collected,attended,118,57,94,1,N
P102344,2,2024-09-06,49,Stroke,16.8,1.2,94,collected,attended,139,72,98,1,N
P102344,3,2024-09-13,49,Stroke,16.8,2.0,86,late,missed,120,66,95,1,Y
P102344,4,2024-09-20,49,Stroke,16.8,2.5,83,collected,attended,136,57,96,1,Y
P102345,1,2024-08-25,54,Diabetes,11.9,-0.9,93,late,attended,135,95,95,0,N
P102345,2,2024-09-01,54,Diabetes,11.9,-0.4,100,collected,attended,151,74,96,0,N
P102345,3,2024-09-08,54,Diabetes,11.9,-0.9,74,late,attended,110,100,96,0,N
P102345,4,2024-09-15,54,Diabetes,11.9,-0.6,88,collected,scheduled,142,82,98,0,N
P102346,1,2024-12-04,65,Stroke,11.9,0.4,100,collected,scheduled,138,48,96,0,N
P102346,2,2024-12-11,65,Stroke,11.9,0.7,84,collected,attended,125,92,96,0,N
P102346,3,2024-12-18,65,Stroke,11.9,1.0,82,collected,scheduled,123,90,96,0,N
P102346,4,2024-12-25,65,Stroke,11.9,0.2,91,collected,scheduled,132,69,97,0,N
P102347,1,2024-11-13,96,Pneumonia,26.9,0.5,93,collected,scheduled,129,104,96,0,N
P102347,2,2024-11-20,96,Pneumonia,26.9,1.6,93,collected,attended,130,75,92,0,N
P102347,3,2024-11-27,96,Pneumonia,26.9,1.0,91,collected,attended,113,49,97,0,N
P102347,4,2024-12-04,96,Pneumonia,26.9,1.5,100,collected,attended,118,68,96,0,N
P102348,1,2024-07-24,60,Hip fracture,21.4,-0.4,95,collected,attended,107,90,97,0,N
P102348,2,2024-07-31,60,Hip fracture,21.4,-0.4,98,collected,attended,141,82,95,0,N
P102348,3,2024-08-07,60,Hip fracture,21.4,-1.2,83,collected,scheduled,127,85,93,0,N
P102348,4,2024-08-14,60,Hip fracture,21.4,-1.4,97,collected,attended,140,91,95,0,N
P102349,1,2024-10-06,42,Sepsis,15.4,0.3,100,collected,attended,134,63,96,0,N
P102349,2,2024-10-13,42,Sepsis,15.4,-0.7,86,collected,scheduled,122,59,97,0,N
P102349,3,2024-10-20,42,Sepsis,15.4,-0.4,89,late,attended,120,93,93,0,N
P102349,4,2024-10-27,42,Sepsis,15.4,-1.1,88,collected,scheduled,117,97,96,0,N
P102350,1,2024-10-04,49,Other,19.8,0.5,91,collected,scheduled,124,87,97,1,N
P102350,2,2024-10-11,49,Other,19.8,0.6,92,collected,attended,110,80,97,1,N
P102350,3,2024-10-18,49,Other,19.8,0.8,100,collected,attended,130,88,95,1,Y
P102350,4,2024-10-25,49,Other,19.8,0.7,72,collected,attended,129,82,98,1,Y
P102351,1,2025-08-17,72,Stroke,21.4,0.1,61,late,missed,129,76,95,0,N
P102351,2,2025-08-24,72,Stroke,21.4,0.4,86,collected,missed,155,87,96,0,N
P102351,3,2025-08-31,72,Stroke,21.4,-0.9,75,missed,attended,127,89,97,0,N
P102351,4,2025-09-07,72,Stroke,21.4,-0.9,85,collected,scheduled,116,87,94,0,N
P102352,1,2025-05-23,89,Kidney disease,35.4,0.8,90,missed,attended,128,86,95,1,N
P102352,2,2025-05-30,89,Kidney disease,35.4,1.3,76,collected,attended,125,60,98,1,N
P102352,3,2025-06-06,89,Kidney disease,35.4,1.6,71,collected,attended,125,84,97,1,Y
P102352,4,2025-06-13,89,Kidney disease,35.4,1.8,76,late,attended,128,90,96,1,Y
P102353,1,2024-07-12,53,Other,25.0,-0.5,69,late,attended,126,66,96,1,N
P102353,2,2024-07-19,53,Other,25.0,-0.3,77,collected,missed,129,73,98,1,N
P102353,3,2024-07-26,53,Other,25.0,-0.5,87,collected,attended,138,90,97,1,Y
P102353,4,2024-08-02,53,Other,25.0,-0.6,93,collected,attended,132,102,97,1,Y
P102354,1,2025-01-06,83,Stroke,15.4,0.0,90,missed,attended,132,59,95,0,N
P102354,2,2025-01-13,83,Stroke,15.4,0.6,77,collected,attended,111,95,99,0,N
P102354,3,2025-01-20,83,Stroke,15.4,1.0,94,late,scheduled,112,72,96,0,N
P102354,4,2025-01-27,83,Stroke,15.4,0.4,83,missed,attended,135,80,95,0,N
P102355,1,2024-08-07,64,COPD,15.4,0.3,70,collected,attended,155,81,97,0,N
P102355,2,2024-08-14,64,COPD,15.4,-0.3,70,collected,attended,131,72,97,0,N
P102355,3,2024-08-21,64,COPD,15.4,-1.3,98,collected,attended,122,64,98,0,N
P102355,4,2024-08-28,64,COPD,15.4,-0.7,97,collected,attended,140,87,97,0,N
P102356,1,2024-11-16,29,Pneumonia,19.8,-0.6,84,collected,scheduled,126,87,97,0,N
P102356,2,2024-11-23,29,Pneumonia,19.8,-1.0,100,collected,attended,137,95,98,0,N
P102356,3,2024-11-30,29,Pneumonia,19.8,-0.8,81,late,scheduled,134,67,96,0,N
P102356,4,2024-12-07,29,Pneumonia,19.8,0.1,82,collected,scheduled,141,90,95,0,N
P102357,1,2025-06-01,69,COPD,23.1,-0.1,98,collected,scheduled,131,94,98,0,N
P102357,2,2025-06-08,69,COPD,23.1,0.1,96,collected,scheduled,148,82,96,0,N
P102357,3,2025-06-15,69,COPD,23.1,-0.2,71,collected,attended,113,80,96,0,N
P102357,4,2025-06-22,69,COPD,23.1,-0.1,73,collected,attended,140,81,97,0,N
P102358,1,2025-05-21,86,Heart failure,31.0,0.8,81,collected,attended,163,91,93,0,N
P102358,2,2025-05-28,86,Heart failure,31.0,0.9,91,collected,attended,149,68,100,0,N
P102358,3,2025-06-04,86,Heart failure,31.0,1.0,86,collected,scheduled,132,81,100,0,N
P102358,4,2025-06-11,86,Heart failure,31.0,1.4,80,collected,attended,122,84,92,0,N
P102359,1,2024-09-28,58,Other,16.8,0.4,81,collected,attended,116,80,96,1,N
P102359,2,2024-10-05,58,Other,16.8,0.8,83,late,attended,145,78,91,1,N
P102359,3,2024-10-12,58,Other,16.8,1.6,98,collected,attended,133,65,98,1,Y
P102359,4,2024-10-19,58,Other,16.8,1.7,82,collected,attended,133,82,95,1,Y
P102360,1,2024-06-11,59,Stroke,19.8,-0.7,60,collected,missed,146,94,97,1,N
P102360,2,2024-06-18,59,Stroke,19.8,0.1,84,collected,scheduled,140,80,94,1,N
P102360,3,2024-06-25,59,Stroke,19.8,0.3,77,late,attended,121,90,97,1,Y
P102360,4,2024-07-02,59,Stroke,19.8,2.0,79,late,scheduled,151,97,95,1,Y
P102361,1,2024-10-28,76,COPD,23.1,0.2,97,missed,attended,166,54,95,0,N
P102361,2,2024-11-04,76,COPD,23.1,1.5,98,collected,attended,122,88,96,0,N
P102361,3,2024-11-11,76,COPD,23.1,1.3,79,late,attended,133,73,94,0,N
P102361,4,2024-11-18,76,COPD,23.1,1.0,77,collected,scheduled,123,72,95,0,N
P102362,1,2024-09-11,66,Pneumonia,19.8,0.0,74,collected,scheduled,127,61,95,0,N
P102362,2,2024-09-18,66,Pneumonia,19.8,-0.1,87,collected,attended,128,87,94,0,N
P102362,3,2024-09-25,66,Pneumonia,19.8,-0.4,100,collected,attended,117,69,96,0,N
P102362,4,2024-10-02,66,Pneumonia,19.8,-0.5,69,collected,attended,109,82,98,0,N
P102363,1,2025-05-17,61,COPD,28.9,0.8,81,missed,attended,103,68,97,0,N
P102363,2,2025-05-24,61,COPD,28.9,0.5,100,late,scheduled,110,72,94,0,N
P102363,3,2025-05-31,61,COPD,28.9,0.1,90,collected,scheduled,119,90,95,0,N
P102363,4,2025-06-07,61,COPD,28.9,0.5,95,collected,attended,130,77,93,0,N
P102364,1,2024-03-28,49,Diabetes,14.2,0.1,97,late,attended,119,88,95,0,N
P102364,2,2024-04-04,49,Diabetes,14.2,-0.2,89,collected,attended,135,77,95,0,N
P102364,3,2024-04-11,49,Diabetes,14.2,1.3,98,collected,attended,123,85,96,0,N
P102364,4,2024-04-18,49,Diabetes,14.2,2.1,79,collected,missed,152,74,98,0,N
P102365,1,2024-07-16,63,Kidney disease,14.2,0.6,86,collected,missed,149,65,96,0,N
P102365,2,2024-07-23,63,Kidney disease,14.2,0.2,95,collected,attended,164,74,95,0,N
P102365,3,2024-07-30,63,Kidney disease,14.2,-0.3,85,collected,attended,139,84,96,0,N
P102365,4,2024-08-06,63,Kidney disease,14.2,-0.5,89,collected,missed,126,78,93,0,N
P102366,1,2025-08-13,50,Stroke,19.8,-0.0,83,collected,attended,155,77,95,0,N
P102366,2,2025-08-20,50,Stroke,19.8,0.4,88,late,scheduled,130,82,96,0,N
P102366,3,2025-08-27,50,Stroke,19.8,2.1,93,collected,scheduled,157,78,95,0,N
P102366,4,2025-09-03,50,Stroke,19.8,2.7,79,missed,attended,107,78,95,0,N
P102367,1,2025-03-06,68,Hip fracture,19.8,-0.4,69,missed,scheduled,136,87,98,1,N
P102367,2,2025-03-13,68,Hip fracture,19.8,-0.5,78,collected,scheduled,149,100,94,1,N
P102367,3,2025-03-20,68,Hip fracture,19.8,0.9,90,missed,missed,142,92,96,1,Y
P102367,4,2025-03-27,68,Hip fracture,19.8,0.0,77,collected,attended,152,77,97,1,Y
P102368,1,2024-11-30,60,COPD,14.2,0.3,81,collected,attended,136,83,92,0,N
P102368,2,2024-12-07,60,COPD,14.2,0.8,91,collected,missed,116,56,95,0,N
P102368,3,2024-12-14,60,COPD,14.2,0.4,88,late,attended,142,77,97,0,N
P102368,4,2024-12-21,60,COPD,14.2,1.1,83,collected,scheduled,116,78,94,0,N
P102369,1,2024-06-03,71,Sepsis,18.2,-0.1,84,collected,scheduled,148,81,98,0,N
P102369,2,2024-06-10,71,Sepsis,18.2,-0.1,93,collected,scheduled,139,89,96,0,N
P102369,3,2024-06-17,71,Sepsis,18.2,0.4,76,collected,scheduled,139,76,96,0,N
P102369,4,2024-06-24,71,Sepsis,18.2,0.4,79,collected,attended,146,72,94,0,N
P102370,1,2025-01-26,62,Pneumonia,15.4,-0.0,71,collected,attended,145,81,98,0,N
P102370,2,2025-02-02,62,Pneumonia,15.4,0.8,67,collected,missed,138,76,95,0,N
P102370,3,2025-02-09,62,Pneumonia,15.4,0.3,89,collected,missed,132,83,93,0,N
P102370,4,2025-02-16,62,Pneumonia,15.4,0.8,88,late,missed,147,80,94,0,N
P102371,1,2024-02-22,47,Other,14.2,-0.2,91,collected,attended,101,101,95,0,N
P102371,2,2024-02-29,47,Other,14.2,0.0,80,collected,attended,131,57,96,0,N
P102371,3,2024-03-07,47,Other,14.2,-0.2,98,collected,attended,152,80,97,0,N
P102371,4,2024-03-14,47,Other,14.2,-1.5,82,collected,scheduled,123,89,95,0,N
P102372,1,2025-06-04,81,Other,23.1,0.9,63,late,attended,139,84,95,1,N
P102372,2,2025-06-11,81,Other,23.1,2.4,51,late,scheduled,115,79,96,1,N
P102372,3,2025-06-18,81,Other,23.1,1.8,74,collected,scheduled,142,76,96,1,Y
P102372,4,2025-06-25,81,Other,23.1,1.8,77,collected,attended,148,60,97,1,Y
P102373,1,2025-02-01,63,COPD,14.2,0.2,85,collected,attended,139,82,95,1,N
P102373,2,2025-02-08,63,COPD,14.2,-0.9,96,collected,attended,154,66,97,1,N
P102373,3,2025-02-15,63,COPD,14.2,-0.9,100,collected,scheduled,113,105,97,1,Y
P102373,4,2025-02-22,63,COPD,14.2,-0.4,100,collected,attended,110,96,95,1,Y
P102374,1,2024-09-15,81,Diabetes,28.9,-0.1,94,missed,scheduled,132,82,97,0,N
P102374,2,2024-09-22,81,Diabetes,28.9,0.3,93,collected,attended,140,80,95,0,N
P102374,3,2024-09-29,81,Diabetes,28.9,0.6,72,missed,attended,138,80,92,0,N
P102374,4,2024-10-06,81,Diabetes,28.9,0.8,94,collected,scheduled,119,81,97,0,N
P102375,1,2024-09-01,66,Stroke,23.1,-0.3,70,late,attended,143,72,96,0,N
P102375,2,2024-09-08,66,Stroke,23.1,-0.4,75,collected,attended,100,72,100,0,N
P102375,3,2024-09-15,66,Stroke,23.1,0.0,83,collected,attended,136,74,97,0,N
P102375,4,2024-09-22,66,Stroke,23.1,-0.1,78,late,attended,122,78,98,0,N
P102376,1,2024-10-28,83,Other,11.9,-0.4,76,collected,scheduled,145,83,98,0,N
P102376,2,2024-11-04,83,Other,11.9,-0.6,92,collected,attended,110,94,98,0,N
P102376,3,2024-11-11,83,Other,11.9,-0.4,80,collected,attended,134,75,94,0,N
P102376,4,2024-11-18,83,Other,11.9,0.2,94,collected,attended,120,66,96,0,N
P102377,1,2025-04-04,71,Diabetes,15.4,0.1,66,missed,attended,157,77,96,0,N
P102377,2,2025-04-11,71,Diabetes,15.4,0.4,88,missed,missed,114,79,95,0,N
P102377,3,2025-04-18,71,Diabetes,15.4,0.2,60,late,attended,150,98,95,0,N
P102377,4,2025-04-25,71,Diabetes,15.4,0.2,99,late,attended,131,82,95,0,N
P102378,1,2025-07-15,65,Pneumonia,21.4,0.4,85,collected,attended,136,76,95,0,N
P102378,2,2025-07-22,65,Pneumonia,21.4,1.6,87,collected,attended,125,80,99,0,N
P102378,3,2025-07-29,65,Pneumonia,21.4,1.3,97,collected,scheduled,136,70,98,0,N
P102378,4,2025-08-05,65,Pneumonia,21.4,0.3,88,late,scheduled,140,82,98,0,N
P102379,1,2025-04-12,72,Kidney disease,18.2,-0.2,100,collected,scheduled,164,72,97,0,N
P102379,2,2025-04-19,72,Kidney disease,18.2,0.3,98,collected,attended,129,71,100,0,N
P102379,3,2025-04-26,72,Kidney disease,18.2,0.4,84,collected,attended,129,97,96,0,N
P102379,4,2025-05-03,72,Kidney disease,18.2,1.0,100,missed,attended,102,81,95,0,N
P102380,1,2024-02-19,75,Other,18.2,0.9,71,collected,attended,128,75,98,0,N
P102380,2,2024-02-26,75,Other,18.2,0.4,89,late,scheduled,114,66,95,0,N
P102380,3,2024-03-04,75,Other,18.2,1.1,92,collected,attended,155,91,98,0,N
P102380,4,2024-03-11,75,Other,18.2,0.5,81,collected,missed,126,65,95,0,N
P102381,1,2024-02-16,62,Pneumonia,13.0,1.3,93,collected,attended,114,83,94,0,N
P102381,2,2024-02-23,62,Pneumonia,13.0,1.3,98,collected,missed,114,57,96,0,N
P102381,3,2024-03-01,62,Pneumonia,13.0,0.6,84,collected,scheduled,128,92,94,0,N
P102381,4,2024-03-08,62,Pneumonia,13.0,-0.1,91,collected,attended,135,74,93,0,N
P102382,1,2024-11-15,56,Heart failure,15.4,-0.2,81,collected,attended,130,56,100,0,N
P102382,2,2024-11-22,56,Heart failure,15.4,-0.5,93,collected,attended,129,79,98,0,N
P102382,3,2024-11-29,56,Heart failure,15.4,-0.4,79,collected,attended,142,94,94,0,N
P102382,4,2024-12-06,56,Heart failure,15.4,-0.2,79,collected,attended,117,82,98,0,N
P102383,1,2024-05-24,71,Heart failure,21.4,-0.8,87,collected,attended,130,78,97,0,N
P102383,2,2024-05-31,71,Heart failure,21.4,0.0,89,collected,attended,126,78,98,0,N
P102383,3,2024-06-07,71,Heart failure,21.4,-0.1,80,late,attended,121,66,95,0,N
P102383,4,2024-06-14,71,Heart failure,21.4,-0.5,95,collected,attended,109,70,95,0,N
P102384,1,2024-09-21,59,Heart failure,11.9,0.4,95,late,attended,137,80,95,0,N
P102384,2,2024-09-28,59,Heart failure,11.9,0.3,91,collected,attended,132,64,99,0,N
P102384,3,2024-10-05,59,Heart failure,11.9,0.3,88,collected,attended,121,67,96,0,N
P102384,4,2024-10-12,59,Heart failure,11.9,0.0,81,collected,attended,122,77,95,0,N
P102385,1,2024-05-13,39,Heart failure,11.9,0.2,99,collected,scheduled,155,70,92,0,N
P102385,2,2024-05-20,39,Heart failure,11.9,0.2,75,collected,scheduled,131,84,95,0,N
P102385,3,2024-05-27,39,Heart failure,11.9,0.3,91,missed,scheduled,121,76,99,0,N
P102385,4,2024-06-03,39,Heart failure,11.9,0.4,88,missed,attended,121,85,98,0,N
P102386,1,2024-06-14,54,Hip fracture,16.8,0.9,83,collected,attended,113,68,97,0,N
P102386,2,2024-06-21,54,Hip fracture,16.8,0.8,100,collected,missed,143,81,97,0,N
P102386,3,2024-06-28,54,Hip fracture,16.8,1.4,100,collected,attended,150,75,96,0,N
P102386,4,2024-07-05,54,Hip fracture,16.8,1.4,74,collected,scheduled,126,79,96,0,N
P102387,1,2024-07-18,80,Other,19.8,0.0,95,collected,scheduled,113,72,98,0,N
P102387,2,2024-07-25,80,Other,19.8,0.4,95,collected,attended,123,81,98,0,N
P102387,3,2024-08-01,80,Other,19.8,1.2,81,late,scheduled,138,80,95,0,N
P102387,4,2024-08-08,80,Other,19.8,2.1,100,collected,attended,121,71,97,0,N
P102388,1,2025-03-08,56,COPD,23.1,-1.3,100,collected,scheduled,122,80,95,0,N
P102388,2,2025-03-15,56,COPD,23.1,-2.0,94,collected,attended,130,68,94,0,N
P102388,3,2025-03-22,56,COPD,23.1,-2.5,60,collected,missed,126,78,98,0,N
P102388,4,2025-03-29,56,COPD,23.1,-2.3,94,late,attended,136,64,97,0,N
P102389,1,2024-08-14,63,Other,13.0,-0.6,100,missed,attended,150,75,97,0,N
P102389,2,2024-08-21,63,Other,13.0,-0.0,96,late,missed,129,74,98,0,N
P102389,3,2024-08-28,63,Other,13.0,-0.9,97,missed,attended,156,72,97,0,N
P102389,4,2024-09-04,63,Other,13.0,-0.4,100,late,attended,119,77,95,0,N
P102390,1,2024-06-25,49,Hip fracture,13.0,1.1,76,collected,attended,117,50,91,0,N
P102390,2,2024-07-02,49,Hip fracture,13.0,1.2,90,collected,attended,121,53,97,0,N
P102390,3,2024-07-09,49,Hip fracture,13.0,0.3,91,collected,attended,150,80,96,0,N
P102390,4,2024-07-16,49,Hip fracture,13.0,0.4,86,collected,scheduled,136,98,95,0,N
P102391,1,2024-08-12,69,Diabetes,25.0,0.1,75,collected,attended,133,89,96,0,N
P102391,2,2024-08-19,69,Diabetes,25.0,1.0,93,missed,attended,155,72,95,0,N
P102391,3,2024-08-26,69,Diabetes,25.0,-0.0,86,collected,attended,150,94,95,0,N
P102391,4,2024-09-02,69,Diabetes,25.0,-0.8,87,collected,scheduled,140,71,95,0,N
P102392,1,2024-05-04,73,Diabetes,15.4,0.3,100,collected,scheduled,157,77,99,0,N
P102392,2,2024-05-11,73,Diabetes,15.4,0.4,91,collected,attended,120,78,97,0,N
P102392,3,2024-05-18,73,Diabetes,15.4,0.6,66,late,attended,136,89,98,0,N
P102392,4,2024-05-25,73,Diabetes,15.4,0.8,79,collected,scheduled,145,65,95,0,N
P102393,1,2024-12-18,70,Hip fracture,18.2,0.0,83,late,attended,127,56,95,0,N
P102393,2,2024-12-25,70,Hip fracture,18.2,0.7,76,collected,scheduled,147,75,98,0,N
P102393,3,2025-01-01,70,Hip fracture,18.2,0.4,100,collected,attended,176,74,96,0,N
P102393,4,2025-01-08,70,Hip fracture,18.2,-0.5,100,collected,attended,166,89,96,0,N
P102394,1,2025-05-11,57,Pneumonia,18.2,0.6,98,collected,scheduled,108,59,97,0,N
P102394,2,2025-05-18,57,Pneumonia,18.2,1.3,88,missed,scheduled,156,73,100,0,N
P102394,3,2025-05-25,57,Pneumonia,18.2,1.0,88,missed,scheduled,135,78,99,0,N
P102394,4,2025-06-01,57,Pneumonia,18.2,0.8,92,collected,scheduled,153,70,98,0,N
P102395,1,2024-04-17,55,Kidney disease,11.9,-1.2,100,missed,attended,139,92,98,0,N
P102395,2,2024-04-24,55,Kidney disease,11.9,-0.9,92,missed,attended,126,73,98,0,N
P102395,3,2024-05-01,55,Kidney disease,11.9,-1.6,87,collected,scheduled,145,91,96,0,N
P102395,4,2024-05-08,55,Kidney disease,11.9,-1.6,96,collected,missed,105,75,97,0,N
P102396,1,2024-06-25,60,Kidney disease,11.9,0.0,83,collected,attended,131,68,95,0,N
P102396,2,2024-07-02,60,Kidney disease,11.9,0.3,93,collected,attended,124,71,100,0,N
P102396,3,2024-07-09,60,Kidney disease,11.9,0.5,79,collected,attended,103,105,95,0,N
P102396,4,2024-07-16,60,Kidney disease,11.9,1.1,81,collected,attended,131,81,96,0,N
P102397,1,2024-04-09,93,Hip fracture,16.8,0.7,100,collected,scheduled,111,55,95,0,N
P102397,2,2024-04-16,93,Hip fracture,16.8,0.7,89,collected,attended,155,98,97,0,N
P102397,3,2024-04-23,93,Hip fracture,16.8,1.4,100,collected,missed,113,81,96,0,N
P102397,4,2024-04-30,93,Hip fracture,16.8,0.9,100,collected,missed,130,74,91,0,N
P102398,1,2025-02-05,69,Stroke,19.8,0.1,87,collected,missed,127,92,97,0,N
P102398,2,2025-02-12,69,Stroke,19.8,0.9,69,collected,attended,146,90,98,0,N
P102398,3,2025-02-19,69,Stroke,19.8,1.2,81,collected,attended,118,92,97,0,N
P102398,4,2025-02-26,69,Stroke,19.8,1.1,81,collected,missed,136,89,98,0,N
P102399,1,2024-03-25,81,Heart failure,23.1,0.1,83,collected,missed,143,77,94,1,N
P102399,2,2024-04-01,81,Heart failure,23.1,0.9,90,missed,attended,147,90,93,1,N
P102399,3,2024-04-08,81,Heart failure,23.1,0.3,83,missed,scheduled,154,92,94,1,Y
P102399,4,2024-04-15,81,Heart failure,23.1,0.8,68,collected,missed,132,97,93,1,Y
P102400,1,2024-09-17,76,COPD,21.4,0.2,89,collected,missed,114,59,99,1,N
P102400,2,2024-09-24,76,COPD,21.4,0.3,94,collected,scheduled,133,70,96,1,N
P102400,3,2024-10-01,76,COPD,21.4,0.7,84,collected,scheduled,141,103,94,1,Y
P102400,4,2024-10-08,76,COPD,21.4,0.6,91,late,missed,123,76,93,1,Y
P102401,1,2025-05-28,63,Other,18.2,-1.7,100,collected,scheduled,137,82,97,0,N
P102401,2,2025-06-04,63,Other,18.2,-2.5,81,collected,attended,136,70,97,0,N
P102401,3,2025-06-11,63,Other,18.2,-3.4,86,collected,attended,149,56,98,0,N
P102401,4,2025-06-18,63,Other,18.2,-2.9,96,collected,scheduled,131,83,98,0,N
P102402,1,2024-04-12,66,Kidney disease,23.1,0.4,79,collected,attended,143,70,94,0,N
P102402,2,2024-04-19,66,Kidney disease,23.1,-0.0,99,late,attended,136,76,97,0,N
P102402,3,2024-04-26,66,Kidney disease,23.1,-0.1,96,collected,missed,133,89,98,0,N
P102402,4,2024-05-03,66,Kidney disease,23.1,-0.6,84,collected,scheduled,128,60,96,0,N
P102403,1,2024-01-24,70,Other,11.9,-1.0,76,collected,attended,124,74,94,0,N
P102403,2,2024-01-31,70,Other,11.9,-1.0,77,collected,attended,138,75,94,0,N
P102403,3,2024-02-07,70,Other,11.9,-1.7,87,collected,attended,113,66,94,0,N
P102403,4,2024-02-14,70,Other,11.9,-1.5,88,collected,missed,128,74,98,0,N
P102404,1,2025-04-02,86,Heart failure,19.8,0.3,78,collected,missed,131,76,99,1,N
P102404,2,2025-04-09,86,Heart failure,19.8,-0.2,100,collected,missed,132,78,98,1,N
P102404,3,2025-04-16,86,Heart failure,19.8,-1.0,87,collected,missed,140,98,95,1,Y
P102404,4,2025-04-23,86,Heart failure,19.8,-0.7,78,collected,attended,167,78,96,1,Y
P102405,1,2024-04-13,74,Pneumonia,19.8,-0.3,80,late,scheduled,148,69,96,1,N
P102405,2,2024-04-20,74,Pneumonia,19.8,0.1,97,collected,attended,143,59,97,1,N
P102405,3,2024-04-27,74,Pneumonia,19.8,0.6,46,collected,missed,136,79,97,1,Y
P102405,4,2024-05-04,74,Pneumonia,19.8,0.6,84,collected,attended,136,84,96,1,Y
P102406,1,2024-03-11,58,Hip fracture,16.8,-0.2,99,collected,attended,141,77,93,0,N
P102406,2,2024-03-18,58,Hip fracture,16.8,0.1,86,collected,scheduled,140,75,98,0,N
P102406,3,2024-03-25,58,Hip fracture,16.8,0.3,85,collected,attended,129,84,96,0,N
P102406,4,2024-04-01,58,Hip fracture,16.8,1.2,91,collected,attended,129,72,97,0,N
P102407,1,2025-02-01,66,Diabetes,14.2,-0.0,90,collected,missed,110,80,96,0,N
P102407,2,2025-02-08,66,Diabetes,14.2,-0.7,78,collected,scheduled,159,85,97,0,N
P102407,3,2025-02-15,66,Diabetes,14.2,-0.6,76,late,attended,129,85,94,0,N
P102407,4,2025-02-22,66,Diabetes,14.2,-0.4,72,missed,attended,142,85,96,0,N
P102408,1,2024-10-30,74,Heart failure,13.0,0.0,84,collected,scheduled,116,67,97,1,N
P102408,2,2024-11-06,74,Heart failure,13.0,-0.1,85,collected,scheduled,150,81,96,1,N
P102408,3,2024-11-13,74,Heart failure,13.0,-0.6,71,late,attended,142,80,95,1,Y
P102408,4,2024-11-20,74,Heart failure,13.0,-0.3,89,collected,scheduled,121,81,97,1,Y
P102409,1,2025-05-01,89,Stroke,19.8,0.3,83,collected,scheduled,152,73,93,0,N
P102409,2,2025-05-08,89,Stroke,19.8,0.8,92,collected,scheduled,114,80,95,0,N
P102409,3,2025-05-15,89,Stroke,19.8,0.9,79,collected,attended,144,85,96,0,N
P102409,4,2025-05-22,89,Stroke,19.8,0.4,90,collected,missed,130,82,99,0,N
P102410,1,2025-04-01,83,Pneumonia,23.1,-1.1,89,missed,missed,114,72,98,0,N
P102410,2,2025-04-08,83,Pneumonia,23.1,-0.2,100,collected,attended,129,73,93,0,N
P102410,3,2025-04-15,83,Pneumonia,23.1,-1.2,87,collected,attended,114,74,95,0,N
P102410,4,2025-04-22,83,Pneumonia,23.1,-2.1,83,collected,missed,117,63,95,0,N
P102411,1,2024-04-04,73,Kidney disease,18.2,0.4,87,collected,scheduled,133,54,96,1,N
P102411,2,2024-04-11,73,Kidney disease,18.2,0.6,91,late,scheduled,131,71,97,1,N
P102411,3,2024-04-18,73,Kidney disease,18.2,0.1,100,collected,attended,121,69,95,1,Y
P102411,4,2024-04-25,73,Kidney disease,18.2,-0.4,100,collected,attended,152,77,99,1,Y
P102412,1,2025-07-25,78,Heart failure,18.2,0.6,83,missed,scheduled,137,69,96,1,N
P102412,2,2025-08-01,78,Heart failure,18.2,0.9,89,late,attended,154,62,97,1,N
P102412,3,2025-08-08,78,Heart failure,18.2,1.4,100,collected,scheduled,134,83,97,1,Y
P102412,4,2025-08-15,78,Heart failure,18.2,2.5,85,late,attended,136,82,96,1,Y
P102413,1,2024-04-18,57,Kidney disease,16.8,-0.3,100,collected,scheduled,145,80,95,0,N
P102413,2,2024-04-25,57,Kidney disease,16.8,-1.5,79,collected,attended,132,65,96,0,N
P102413,3,2024-05-02,57,Kidney disease,16.8,-2.5,96,collected,attended,104,93,96,0,N
P102413,4,2024-05-09,57,Kidney disease,16.8,-2.9,96,late,scheduled,145,94,96,0,N
P102414,1,2024-11-16,63,Pneumonia,23.1,0.1,100,collected,attended,145,86,98,0,N
P102414,2,2024-11-23,63,Pneumonia,23.1,-0.4,86,collected,attended,157,67,94,0,N
P102414,3,2024-11-30,63,Pneumonia,23.1,0.2,79,collected,attended,134,77,96,0,N
P102414,4,2024-12-07,63,Pneumonia,23.1,-0.2,93,late,attended,156,51,97,0,N
P102415,1,2024-11-12,62,Hip fracture,18.2,-0.0,82,collected,attended,137,70,96,0,N
P102415,2,2024-11-19,62,Hip fracture,18.2,-0.8,80,collected,attended,139,73,92,0,N
P102415,3,2024-11-26,62,Hip fracture,18.2,0.1,82,collected,attended,131,73,94,0,N
P102415,4,2024-12-03,62,Hip fracture,18.2,0.3,94,collected,attended,127,88,94,0,N
P102416,1,2025-04-02,56,Stroke,19.8,0.3,100,collected,scheduled,134,84,95,0,N
P102416,2,2025-04-09,56,Stroke,19.8,0.4,95,late,scheduled,133,68,97,0,N
P102416,3,2025-04-16,56,Stroke,19.8,0.3,98,late,scheduled,113,67,98,0,N
P102416,4,2025-04-23,56,Stroke,19.8,0.8,83,collected,scheduled,132,84,96,0,N
P102417,1,2025-04-05,80,Diabetes,25.0,-0.3,74,collected,attended,124,77,94,0,N
P102417,2,2025-04-12,80,Diabetes,25.0,-1.4,71,collected,scheduled,118,78,96,0,N
P102417,3,2025-04-19,80,Diabetes,25.0,-1.1,100,collected,attended,125,72,92,0,N
P102417,4,2025-04-26,80,Diabetes,25.0,-1.1,100,late,attended,135,79,97,0,N
P102418,1,2024-07-16,77,Other,33.2,-0.1,94,collected,attended,128,73,98,0,N
P102418,2,2024-07-23,77,Other,33.2,-0.2,85,collected,attended,123,68,96,0,N
P102418,3,2024-07-30,77,Other,33.2,-0.5,99,collected,scheduled,148,83,97,0,N
P102418,4,2024-08-06,77,Other,33.2,-0.4,100,collected,attended,116,87,93,0,N
P102419,1,2024-06-30,60,Hip fracture,28.9,0.1,66,collected,attended,126,92,94,1,N
P102419,2,2024-07-07,60,Hip fracture,28.9,-1.7,76,collected,attended,149,78,96,1,N
P102419,3,2024-07-14,60,Hip fracture,28.9,-2.2,90,collected,attended,149,74,96,1,Y
P102419,4,2024-07-21,60,Hip fracture,28.9,-2.8,83,missed,scheduled,133,85,95,1,Y
P102420,1,2024-07-08,88,Heart failure,18.2,0.1,75,collected,missed,116,85,93,1,N
P102420,2,2024-07-15,88,Heart failure,18.2,1.4,95,collected,attended,139,79,99,1,N
P102420,3,2024-07-22,88,Heart failure,18.2,1.0,94,late,missed,150,79,97,1,Y
P102420,4,2024-07-29,88,Heart failure,18.2,1.1,88,collected,attended,141,71,97,1,Y
P102421,1,2024-05-24,73,Other,26.9,-0.2,96,collected,attended,129,94,95,0,N
P102421,2,2024-05-31,73,Other,26.9,-0.1,100,collected,missed,128,76,95,0,N
P102421,3,2024-06-07,73,Other,26.9,0.0,73,late,scheduled,142,86,94,0,N
P102421,4,2024-06-14,73,Other,26.9,0.5,70,collected,scheduled,149,55,95,0,N
P102422,1,2025-02-04,40,Sepsis,11.9,1.0,100,collected,scheduled,118,99,93,0,N
P102422,2,2025-02-11,40,Sepsis,11.9,1.7,96,late,attended,108,73,94,0,N
P102422,3,2025-02-18,40,Sepsis,11.9,0.9,98,collected,attended,129,59,96,0,N
P102422,4,2025-02-25,40,Sepsis,11.9,1.6,86,collected,scheduled,141,82,94,0,N
P102423,1,2025-08-04,73,Sepsis,21.4,-1.4,100,collected,attended,125,86,98,0,N
P102423,2,2025-08-11,73,Sepsis,21.4,-2.1,96,collected,attended,147,74,96,0,N
P102423,3,2025-08-18,73,Sepsis,21.4,-2.4,89,collected,attended,127,62,94,0,N
P102423,4,2025-08-25,73,Sepsis,21.4,-2.9,98,late,scheduled,129,69,96,0,N
P102424,1,2024-07-14,72,Diabetes,16.8,-0.6,100,collected,attended,132,77,91,0,N
P102424,2,2024-07-21,72,Diabetes,16.8,-1.1,100,collected,attended,136,79,98,0,N
P102424,3,2024-07-28,72,Diabetes,16.8,-1.6,75,collected,attended,139,82,94,0,N
P102424,4,2024-08-04,72,Diabetes,16.8,-1.8,80,collected,scheduled,147,91,95,0,N
P102425,1,2025-03-27,60,Hip fracture,16.8,-0.2,72,missed,attended,125,82,96,0,N
P102425,2,2025-04-03,60,Hip fracture,16.8,-0.3,100,collected,scheduled,151,79,96,0,N
P102425,3,2025-04-10,60,Hip fracture,16.8,-0.6,80,collected,attended,133,84,95,0,N
P102425,4,2025-04-17,60,Hip fracture,16.8,-0.1,92,collected,attended,145,68,93,0,N
P102426,1,2025-06-01,82,Other,13.0,0.7,85,collected,attended,136,78,95,0,N
P102426,2,2025-06-08,82,Other,13.0,0.9,80,collected,scheduled,112,81,96,0,N
P102426,3,2025-06-15,82,Other,13.0,0.6,79,collected,attended,152,82,92,0,N
P102426,4,2025-06-22,82,Other,13.0,1.5,94,collected,attended,112,83,98,0,N
P102427,1,2025-05-29,47,Heart failure,13.0,-0.8,88,collected,attended,116,73,95,0,N
P102427,2,2025-06-05,47,Heart failure,13.0,-0.8,86,late,attended,144,68,96,0,N
P102427,3,2025-06-12,47,Heart failure,13.0,-0.6,82,collected,attended,122,92,96,0,N
P102427,4,2025-06-19,47,Heart failure,13.0,-2.3,100,missed,missed,127,79,95,0,N
P102428,1,2024-05-31,55,Other,13.0,-1.7,88,late,attended,124,77,93,0,N
P102428,2,2024-06-07,55,Other,13.0,-2.0,74,collected,missed,139,92,95,0,N
P102428,3,2024-06-14,55,Other,13.0,-2.5,68,collected,attended,117,83,95,0,N
P102428,4,2024-06-21,55,Other,13.0,-2.2,88,collected,attended,156,82,93,0,N
P102429,1,2025-01-27,51,Diabetes,15.4,0.6,92,collected,scheduled,125,73,96,0,N
P102429,2,2025-02-03,51,Diabetes,15.4,0.3,91,collected,attended,119,82,97,0,N
P102429,3,2025-02-10,51,Diabetes,15.4,0.0,74,collected,attended,119,83,97,0,N
P102429,4,2025-02-17,51,Diabetes,15.4,-0.7,87,collected,missed,136,81,94,0,N
P102430,1,2024-09-05,78,Other,35.4,0.3,90,collected,attended,135,85,93,1,N
P102430,2,2024-09-12,78,Other,35.4,0.6,95,collected,attended,130,86,99,1,N
P102430,3,2024-09-19,78,Other,35.4,0.6,78,late,scheduled,132,53,93,1,Y
P102430,4,2024-09-26,78,Other,35.4,-0.4,100,collected,attended,150,61,96,1,Y
P102431,1,2025-07-02,74,Heart failure,15.4,0.1,74,late,scheduled,126,88,93,1,N
P102431,2,2025-07-09,74,Heart failure,15.4,-0.1,37,late,attended,152,110,94,1,N
P102431,3,2025-07-16,74,Heart failure,15.4,0.5,66,missed,scheduled,133,84,95,1,Y
P102431,4,2025-07-23,74,Heart failure,15.4,1.8,76,collected,missed,154,87,98,1,Y
P102432,1,2024-08-27,60,Heart failure,16.8,-0.3,91,collected,attended,107,79,97,0,N
P102432,2,2024-09-03,60,Heart failure,16.8,-0.0,83,collected,attended,140,79,96,0,N
P102432,3,2024-09-10,60,Heart failure,16.8,-0.2,88,collected,attended,138,74,94,0,N
P102432,4,2024-09-17,60,Heart failure,16.8,0.3,84,collected,attended,136,80,97,0,N
P102433,1,2024-05-26,75,Other,23.1,0.5,83,collected,scheduled,113,84,97,0,N
P102433,2,2024-06-02,75,Other,23.1,1.2,85,collected,attended,122,64,97,0,N
P102433,3,2024-06-09,75,Other,23.1,1.6,69,collected,missed,168,87,96,0,N
P102433,4,2024-06-16,75,Other,23.1,1.1,88,collected,scheduled,120,67,97,0,N
P102434,1,2024-06-24,63,Sepsis,19.8,-0.3,97,collected,attended,119,87,96,0,N
P102434,2,2024-07-01,63,Sepsis,19.8,0.1,100,collected,attended,119,76,95,0,N
P102434,3,2024-07-08,63,Sepsis,19.8,1.0,98,collected,scheduled,116,95,98,0,N
P102434,4,2024-07-15,63,Sepsis,19.8,1.3,73,collected,scheduled,137,103,97,0,N
P102435,1,2025-02-04,78,Heart failure,19.8,-0.1,94,missed,scheduled,151,73,96,0,N
P102435,2,2025-02-11,78,Heart failure,19.8,0.3,93,collected,attended,118,79,95,0,N
P102435,3,2025-02-18,78,Heart failure,19.8,-0.4,89,late,attended,133,73,97,0,N
P102435,4,2025-02-25,78,Heart failure,19.8,0.1,95,collected,scheduled,109,77,97,0,N
P102436,1,2024-03-03,71,COPD,13.0,0.8,100,collected,scheduled,135,75,100,0,N
P102436,2,2024-03-10,71,COPD,13.0,0.5,68,collected,attended,136,90,95,0,N
P102436,3,2024-03-17,71,COPD,13.0,-0.1,91,missed,scheduled,121,82,97,0,N
P102436,4,2024-03-24,71,COPD,13.0,0.5,88,collected,attended,145,79,96,0,N
P102437,1,2025-01-07,82,Other,21.4,0.8,80,collected,scheduled,129,62,98,0,N
P102437,2,2025-01-14,82,Other,21.4,1.3,98,collected,scheduled,147,58,95,0,N
P102437,3,2025-01-21,82,Other,21.4,0.6,98,collected,attended,133,80,98,0,N
P102437,4,2025-01-28,82,Other,21.4,0.2,87,collected,scheduled,117,73,94,0,N
P102438,1,2025-07-31,60,Kidney disease,18.2,0.2,89,collected,attended,132,63,97,0,N
P102438,2,2025-08-07,60,Kidney disease,18.2,0.2,96,collected,scheduled,158,78,95,0,N
P102438,3,2025-08-14,60,Kidney disease,18.2,0.7,98,late,scheduled,132,77,99,0,N
P102438,4,2025-08-21,60,Kidney disease,18.2,0.5,92,collected,attended,160,78,97,0,N
P102439,1,2024-06-05,81,Other,25.0,-0.8,100,late,scheduled,142,66,97,0,N
P102439,2,2024-06-12,81,Other,25.0,-0.1,67,collected,missed,116,80,95,0,N
P102439,3,2024-06-19,81,Other,25.0,-0.9,84,collected,attended,142,96,94,0,N
P102439,4,2024-06-26,81,Other,25.0,-1.7,67,collected,attended,117,87,98,0,N
P102440,1,2024-02-23,71,Kidney disease,14.2,0.7,81,late,missed,133,83,99,0,N
P102440,2,2024-03-01,71,Kidney disease,14.2,1.1,96,collected,scheduled,118,81,95,0,N
P102440,3,2024-03-08,71,Kidney disease,14.2,0.3,69,collected,attended,144,73,96,0,N
P102440,4,2024-03-15,71,Kidney disease,14.2,0.8,98,collected,scheduled,128,106,97,0,N
P102441,1,2024-04-04,66,Pneumonia,26.9,0.6,84,collected,scheduled,160,67,96,0,N
P102441,2,2024-04-11,66,Pneumonia,26.9,-0.2,81,collected,attended,149,92,95,0,N
P102441,3,2024-04-18,66,Pneumonia,26.9,-0.1,75,collected,attended,142,78,94,0,N
P102441,4,2024-04-25,66,Pneumonia,26.9,0.4,95,late,attended,131,84,96,0,N
P102442,1,2024-03-26,75,Other,14.2,-1.2,98,collected,attended,162,77,95,0,N
P102442,2,2024-04-02,75,Other,14.2,-1.2,100,collected,scheduled,138,99,94,0,N
P102442,3,2024-04-09,75,Other,14.2,-1.0,90,collected,attended,146,69,96,0,N
P102442,4,2024-04-16,75,Other,14.2,-1.1,100,collected,missed,125,88,94,0,N
P102443,1,2024-11-02,70,Other,14.2,0.5,90,collected,attended,128,71,95,0,N
P102443,2,2024-11-09,70,Other,14.2,0.8,87,collected,attended,150,83,95,0,N
P102443,3,2024-11-16,70,Other,14.2,1.3,86,collected,scheduled,140,70,100,0,N
P102443,4,2024-11-23,70,Other,14.2,0.9,100,late,attended,118,86,96,0,N
P102444,1,2025-04-13,60,Sepsis,16.8,-0.9,96,collected,attended,143,82,98,0,N
P102444,2,2025-04-20,60,Sepsis,16.8,-1.2,85,missed,attended,137,88,94,0,N
P102444,3,2025-04-27,60,Sepsis,16.8,-0.2,87,collected,scheduled,101,70,97,0,N
P102444,4,2025-05-04,60,Sepsis,16.8,-0.4,100,late,attended,145,63,97,0,N
P102445,1,2024-08-22,82,COPD,42.6,-0.8,89,missed,attended,136,82,93,1,N
P102445,2,2024-08-29,82,COPD,42.6,-1.1,96,collected,scheduled,119,77,97,1,N
P102445,3,2024-09-05,82,COPD,42.6,-1.8,88,missed,attended,147,85,95,1,Y
P102445,4,2024-09-12,82,COPD,42.6,-1.9,77,late,scheduled,147,53,97,1,Y
P102446,1,2025-07-31,49,Heart failure,13.0,1.2,94,missed,scheduled,135,98,96,0,N
P102446,2,2025-08-07,49,Heart failure,13.0,1.7,83,collected,scheduled,113,85,100,0,N
P102446,3,2025-08-14,49,Heart failure,13.0,2.3,91,collected,scheduled,131,74,94,0,N
P102446,4,2025-08-21,49,Heart failure,13.0,2.1,99,late,attended,135,64,96,0,N
P102447,1,2024-02-10,87,Hip fracture,33.2,-0.2,99,collected,attended,140,95,97,0,N
P102447,2,2024-02-17,87,Hip fracture,33.2,0.1,73,collected,scheduled,127,79,97,0,N
P102447,3,2024-02-24,87,Hip fracture,33.2,0.9,64,collected,scheduled,144,93,93,0,N
P102447,4,2024-03-02,87,Hip fracture,33.2,1.0,89,collected,scheduled,152,62,95,0,N
P102448,1,2024-02-06,77,Heart failure,47.5,-0.4,80,collected,attended,118,81,96,0,N
P102448,2,2024-02-13,77,Heart failure,47.5,0.2,85,late,scheduled,143,108,94,0,N
P102448,3,2024-02-20,77,Heart failure,47.5,-0.4,69,collected,attended,156,51,98,0,N
P102448,4,2024-02-27,77,Heart failure,47.5,-0.1,77,collected,scheduled,144,76,94,0,N
P102449,1,2025-01-27,67,Stroke,16.8,-0.3,92,collected,scheduled,139,92,94,0,N
P102449,2,2025-02-03,67,Stroke,16.8,-0.1,100,collected,attended,133,77,97,0,N
P102449,3,2025-02-10,67,Stroke,16.8,-0.4,98,collected,attended,171,93,93,0,N
P102449,4,2025-02-17,67,Stroke,16.8,-0.1,100,collected,missed,121,45,99,0,N
P102450,1,2025-03-25,51,Other,16.8,-0.5,76,collected,attended,142,78,95,0,N
P102450,2,2025-04-01,51,Other,16.8,0.0,84,late,scheduled,128,78,97,0,N
P102450,3,2025-04-08,51,Other,16.8,0.1,95,collected,scheduled,115,83,95,0,N
P102450,4,2025-04-15,51,Other,16.8,0.7,71,late,attended,120,83,94,0,N
P102451,1,2025-07-16,84,COPD,21.4,-1.1,87,missed,scheduled,135,59,97,1,N
P102451,2,2025-07-23,84,COPD,21.4,-0.6,99,missed,attended,130,94,98,1,N
P102451,3,2025-07-30,84,COPD,21.4,-1.2,71,late,attended,141,91,96,1,Y
P102451,4,2025-08-06,84,COPD,21.4,-1.4,85,collected,missed,141,70,95,1,Y
P102452,1,2024-07-16,100,Other,26.9,0.8,88,collected,scheduled,145,55,96,0,N
P102452,2,2024-07-23,100,Other,26.9,1.9,81,missed,attended,135,59,96,0,N
P102452,3,2024-07-30,100,Other,26.9,1.8,93,collected,missed,121,74,96,0,N
P102452,4,2024-08-06,100,Other,26.9,0.5,97,collected,attended,150,74,94,0,N
P102453,1,2024-03-15,60,Other,19.8,1.2,95,collected,missed,153,81,96,0,N
P102453,2,2024-03-22,60,Other,19.8,1.4,91,collected,attended,159,35,95,0,N
P102453,3,2024-03-29,60,Other,19.8,2.5,98,collected,attended,136,73,95,0,N
P102453,4,2024-04-05,60,Other,19.8,2.9,100,late,scheduled,136,68,99,0,N
P102454,1,2025-01-03,53,COPD,13.0,0.1,96,collected,missed,145,75,97,1,N
P102454,2,2025-01-10,53,COPD,13.0,1.0,100,late,attended,149,81,97,1,N
P102454,3,2025-01-17,53,COPD,13.0,1.0,88,collected,missed,133,63,96,1,Y
P102454,4,2025-01-24,53,COPD,13.0,1.3,80,late,attended,115,63,98,1,Y
P102455,1,2025-05-14,74,Sepsis,16.8,0.3,79,collected,attended,141,76,99,0,N
P102455,2,2025-05-21,74,Sepsis,16.8,-0.1,77,collected,scheduled,127,56,98,0,N
P102455,3,2025-05-28,74,Sepsis,16.8,0.6,100,late,attended,130,66,98,0,N
P102455,4,2025-06-04,74,Sepsis,16.8,0.2,81,collected,attended,121,63,95,0,N
P102456,1,2025-07-27,70,Hip fracture,15.4,-0.3,75,collected,attended,142,89,95,1,N
P102456,2,2025-08-03,70,Hip fracture,15.4,0.1,68,collected,scheduled,152,71,96,1,N
P102456,3,2025-08-10,70,Hip fracture,15.4,-1.2,60,missed,scheduled,121,108,95,1,Y
P102456,4,2025-08-17,70,Hip fracture,15.4,-1.4,76,collected,missed,150,77,95,1,Y
P102457,1,2024-02-01,38,Sepsis,11.9,-0.1,85,collected,attended,131,71,99,0,N
P102457,2,2024-02-08,38,Sepsis,11.9,0.5,91,collected,scheduled,99,66,93,0,N
P102457,3,2024-02-15,38,Sepsis,11.9,0.8,84,collected,attended,130,78,96,0,N
P102457,4,2024-02-22,38,Sepsis,11.9,1.0,83,collected,scheduled,132,89,94,0,N
P102458,1,2025-06-05,69,Diabetes,16.8,-0.8,90,missed,attended,141,84,94,0,N
P102458,2,2025-06-12,69,Diabetes,16.8,-1.4,75,collected,attended,126,88,95,0,N
P102458,3,2025-06-19,69,Diabetes,16.8,-1.6,73,collected,attended,134,102,96,0,N
P102458,4,2025-06-26,69,Diabetes,16.8,-0.8,100,collected,scheduled,138,72,97,0,N
P102459,1,2024-10-26,54,Heart failure,11.9,0.1,69,missed,attended,114,63,97,0,N
P102459,2,2024-11-02,54,Heart failure,11.9,0.2,90,collected,attended,134,77,97,0,N
P102459,3,2024-11-09,54,Heart failure,11.9,0.4,93,missed,attended,147,58,92,0,N
P102459,4,2024-11-16,54,Heart failure,11.9,0.1,82,collected,attended,142,78,99,0,N
P102460,1,2025-02-20,80,Sepsis,19.8,0.9,98,late,attended,126,75,95,0,N
P102460,2,2025-02-27,80,Sepsis,19.8,0.6,90,collected,attended,155,81,95,0,N
P102460,3,2025-03-06,80,Sepsis,19.8,0.5,100,collected,attended,152,67,95,0,N
P102460,4,2025-03-13,80,Sepsis,19.8,0.7,77,collected,attended,137,94,95,0,N
P102461,1,2025-01-28,58,COPD,35.4,0.3,70,collected,attended,120,60,100,1,N
P102461,2,2025-02-04,58,COPD,35.4,0.8,84,collected,scheduled,111,91,100,1,N
P102461,3,2025-02-11,58,COPD,35.4,0.9,89,collected,attended,153,85,97,1,Y
P102461,4,2025-02-18,58,COPD,35.4,0.9,99,collected,scheduled,142,87,97,1,Y
P102462,1,2024-02-24,73,Sepsis,21.4,1.0,84,late,attended,130,84,95,0,N
P102462,2,2024-03-02,73,Sepsis,21.4,1.6,94,collected,attended,132,84,94,0,N
P102462,3,2024-03-09,73,Sepsis,21.4,1.5,86,collected,attended,122,76,98,0,N
P102462,4,2024-03-16,73,Sepsis,21.4,1.4,92,late,attended,156,81,97,0,N
P102463,1,2025-02-22,57,Heart failure,21.4,0.3,79,late,attended,132,69,92,0,N
P102463,2,2025-03-01,57,Heart failure,21.4,0.9,75,late,scheduled,134,74,98,0,N
P102463,3,2025-03-08,57,Heart failure,21.4,0.6,80,late,attended,101,71,94,0,N
P102463,4,2025-03-15,57,Heart failure,21.4,-0.1,67,collected,missed,128,90,96,0,N
P102464,1,2024-11-16,67,Hip fracture,14.2,-0.5,99,collected,missed,153,98,93,1,N
P102464,2,2024-11-23,67,Hip fracture,14.2,-0.8,88,collected,attended,138,74,96,1,N
P102464,3,2024-11-30,67,Hip fracture,14.2,-1.5,98,collected,scheduled,135,69,97,1,Y
P102464,4,2024-12-07,67,Hip fracture,14.2,-1.3,94,collected,missed,138,85,95,1,Y
P102465,1,2025-07-05,51,Diabetes,13.0,0.3,89,collected,attended,137,67,99,0,N
P102465,2,2025-07-12,51,Diabetes,13.0,0.5,96,collected,attended,104,95,96,0,N
P102465,3,2025-07-19,51,Diabetes,13.0,0.2,94,collected,scheduled,112,71,94,0,N
P102465,4,2025-07-26,51,Diabetes,13.0,-0.7,77,missed,attended,116,107,97,0,N
P102466,1,2025-08-14,63,COPD,16.8,0.3,100,collected,attended,125,84,97,0,N
P102466,2,2025-08-21,63,COPD,16.8,-0.5,82,collected,attended,120,80,98,0,N
P102466,3,2025-08-28,63,COPD,16.8,-0.2,84,collected,attended,128,67,95,0,N
P102466,4,2025-09-04,63,COPD,16.8,0.1,82,collected,attended,128,87,97,0,N
P102467,1,2025-06-11,78,COPD,25.0,0.2,98,collected,attended,130,85,95,0,N
P102467,2,2025-06-18,78,COPD,25.0,0.3,100,collected,scheduled,114,69,96,0,N
P102467,3,2025-06-25,78,COPD,25.0,0.6,75,collected,scheduled,146,87,95,0,N
P102467,4,2025-07-02,78,COPD,25.0,0.5,76,collected,attended,118,83,100,0,N
P102468,1,2024-08-21,69,Pneumonia,21.4,-0.6,81,collected,missed,126,67,95,0,N
P102468,2,2024-08-28,69,Pneumonia,21.4,0.4,92,collected,scheduled,138,72,94,0,N
P102468,3,2024-09-04,69,Pneumonia,21.4,0.2,71,late,attended,126,99,94,0,N
P102468,4,2024-09-11,69,Pneumonia,21.4,-1.0,78,missed,attended,131,78,96,0,N
P102469,1,2025-07-31,61,COPD,16.8,0.5,100,collected,attended,130,77,95,0,N
P102469,2,2025-08-07,61,COPD,16.8,1.7,84,collected,scheduled,111,88,94,0,N
P102469,3,2025-08-14,61,COPD,16.8,1.6,69,collected,missed,145,68,94,0,N
P102469,4,2025-08-21,61,COPD,16.8,2.2,83,collected,attended,137,73,95,0,N
P102470,1,2024-11-14,86,Diabetes,15.4,0.8,93,collected,scheduled,140,79,98,0,N
P102470,2,2024-11-21,86,Diabetes,15.4,-0.3,90,collected,attended,128,87,96,0,N
P102470,3,2024-11-28,86,Diabetes,15.4,0.3,97,collected,scheduled,126,70,95,0,N
P102470,4,2024-12-05,86,Diabetes,15.4,0.5,78,collected,attended,130,81,99,0,N
P102471,1,2025-01-14,56,Other,14.2,-0.6,71,missed,scheduled,152,87,95,0,N
P102471,2,2025-01-21,56,Other,14.2,0.6,63,collected,missed,123,96,92,0,N
P102471,3,2025-01-28,56,Other,14.2,1.5,76,collected,attended,155,78,98,0,N
P102471,4,2025-02-04,56,Other,14.2,1.2,78,collected,missed,160,77,95,0,N
P102472,1,2024-05-16,91,Heart failure,33.2,0.2,87,collected,attended,137,68,95,0,N
P102472,2,2024-05-23,91,Heart failure,33.2,-0.4,94,collected,missed,147,75,96,0,N
P102472,3,2024-05-30,91,Heart failure,33.2,0.0,95,collected,attended,149,70,98,0,N
P102472,4,2024-06-06,91,Heart failure,33.2,0.0,76,collected,attended,139,72,94,0,N
P102473,1,2024-06-08,72,Heart failure,15.4,-1.3,69,missed,attended,129,81,92,0,N
P102473,2,2024-06-15,72,Heart failure,15.4,-1.2,96,collected,missed,136,66,94,0,N
P102473,3,2024-06-22,72,Heart failure,15.4,-1.0,77,missed,attended,143,79,96,0,N
P102473,4,2024-06-29,72,Heart failure,15.4,-0.5,92,collected,attended,139,83,98,0,N
P102474,1,2024-04-08,70,Sepsis,25.0,0.2,87,collected,scheduled,127,62,94,0,N
P102474,2,2024-04-15,70,Sepsis,25.0,0.2,73,collected,scheduled,141,92,96,0,N
P102474,3,2024-04-22,70,Sepsis,25.0,0.9,92,collected,attended,130,73,94,0,N
P102474,4,2024-04-29,70,Sepsis,25.0,0.6,77,late,attended,127,89,97,0,N
P102475,1,2025-06-11,84,Diabetes,19.8,-0.8,80,collected,scheduled,156,68,97,0,N
P102475,2,2025-06-18,84,Diabetes,19.8,0.0,79,collected,scheduled,153,78,94,0,N
P102475,3,2025-06-25,84,Diabetes,19.8,-1.0,61,collected,missed,127,82,94,0,N
P102475,4,2025-07-02,84,Diabetes,19.8,-1.5,91,missed,scheduled,131,82,93,0,N
P102476,1,2025-06-29,84,Diabetes,21.4,-0.8,64,collected,attended,141,87,92,0,N
P102476,2,2025-07-06,84,Diabetes,21.4,-1.6,85,collected,missed,125,88,98,0,N
P102476,3,2025-07-13,84,Diabetes,21.4,-2.6,74,late,scheduled,143,87,94,0,N
P102476,4,2025-07-20,84,Diabetes,21.4,-2.7,97,collected,scheduled,142,96,94,0,N
P102477,1,2024-02-04,51,COPD,25.0,0.0,78,late,scheduled,136,61,99,0,N
P102477,2,2024-02-11,51,COPD,25.0,-0.6,94,collected,missed,117,95,97,0,N
P102477,3,2024-02-18,51,COPD,25.0,-1.2,74,collected,scheduled,152,83,95,0,N
P102477,4,2024-02-25,51,COPD,25.0,-0.7,91,late,attended,156,77,94,0,N
P102478,1,2024-09-27,100,Other,15.4,0.3,91,collected,attended,146,65,97,0,N
P102478,2,2024-10-04,100,Other,15.4,-0.2,100,collected,attended,133,82,97,0,N
P102478,3,2024-10-11,100,Other,15.4,0.4,69,collected,scheduled,101,56,97,0,N
P102478,4,2024-10-18,100,Other,15.4,-0.2,63,collected,attended,128,70,97,0,N
P102479,1,2025-04-24,87,Hip fracture,40.1,0.6,76,missed,scheduled,140,86,96,0,N
P102479,2,2025-05-01,87,Hip fracture,40.1,0.5,76,missed,attended,153,65,97,0,N
P102479,3,2025-05-08,87,Hip fracture,40.1,0.7,77,collected,attended,128,84,99,0,N
P102479,4,2025-05-15,87,Hip fracture,40.1,0.0,63,collected,scheduled,140,84,94,0,N
P102480,1,2024-07-24,78,Stroke,25.0,-0.1,97,collected,attended,141,66,95,0,N
P102480,2,2024-07-31,78,Stroke,25.0,0.5,87,collected,attended,151,87,97,0,N
P102480,3,2024-08-07,78,Stroke,25.0,0.9,77,collected,attended,132,68,96,0,N
P102480,4,2024-08-14,78,Stroke,25.0,0.2,73,late,scheduled,125,71,97,0,N
P102481,1,2024-09-11,62,Stroke,33.2,-0.4,85,missed,attended,113,73,96,0,N
P102481,2,2024-09-18,62,Stroke,33.2,0.8,100,missed,scheduled,117,79,97,0,N
P102481,3,2024-09-25,62,Stroke,33.2,0.0,88,collected,attended,145,81,94,0,N
P102481,4,2024-10-02,62,Stroke,33.2,-1.0,96,collected,attended,98,81,95,0,N
P102482,1,2024-05-31,69,Kidney disease,16.8,0.3,82,collected,missed,124,66,95,0,N
P102482,2,2024-06-07,69,Kidney disease,16.8,0.9,100,late,scheduled,147,90,93,0,N
P102482,3,2024-06-14,69,Kidney disease,16.8,2.1,77,late,attended,128,68,97,0,N
P102482,4,2024-06-21,69,Kidney disease,16.8,1.4,74,collected,scheduled,132,77,97,0,N
P102483,1,2025-05-09,95,COPD,26.9,-0.3,100,collected,missed,137,80,96,1,N
P102483,2,2025-05-16,95,COPD,26.9,0.6,80,collected,attended,150,64,96,1,N
P102483,3,2025-05-23,95,COPD,26.9,0.1,95,missed,scheduled,110,87,94,1,Y
P102483,4,2025-05-30,95,COPD,26.9,0.2,67,late,attended,111,94,95,1,Y
P102484,1,2025-08-27,91,Pneumonia,18.2,0.1,85,late,scheduled,115,68,97,0,N
P102484,2,2025-09-03,91,Pneumonia,18.2,0.4,90,collected,scheduled,136,76,97,0,N
P102484,3,2025-09-10,91,Pneumonia,18.2,-0.1,88,collected,attended,138,99,94,0,N
P102484,4,2025-09-17,91,Pneumonia,18.2,0.2,94,collected,attended,133,82,93,0,N
P102485,1,2025-01-18,64,Sepsis,16.8,-0.3,81,collected,scheduled,148,97,96,0,N
P102485,2,2025-01-25,64,Sepsis,16.8,-0.8,88,collected,scheduled,144,85,92,0,N
P102485,3,2025-02-01,64,Sepsis,16.8,-0.9,57,missed,missed,132,72,96,0,N
P102485,4,2025-02-08,64,Sepsis,16.8,-0.8,87,missed,attended,139,92,97,0,N
P102486,1,2024-01-25,64,Diabetes,19.8,0.6,83,collected,attended,109,77,98,0,N
P102486,2,2024-02-01,64,Diabetes,19.8,2.0,90,late,attended,151,75,99,0,N
P102486,3,2024-02-08,64,Diabetes,19.8,2.7,83,collected,attended,158,76,94,0,N
P102486,4,2024-02-15,64,Diabetes,19.8,3.2,100,collected,scheduled,118,72,95,0,N
P102487,1,2024-07-30,59,Pneumonia,14.2,-1.2,85,collected,missed,139,91,96,0,N
P102487,2,2024-08-06,59,Pneumonia,14.2,-1.2,68,missed,scheduled,130,89,94,0,N
P102487,3,2024-08-13,59,Pneumonia,14.2,-0.3,86,missed,scheduled,161,76,97,0,N
P102487,4,2024-08-20,59,Pneumonia,14.2,-0.5,91,collected,missed,138,85,97,0,N
P102488,1,2025-07-10,81,Heart failure,15.4,1.0,82,collected,attended,129,73,98,0,N
P102488,2,2025-07-17,81,Heart failure,15.4,0.2,79,collected,missed,147,72,98,0,N
P102488,3,2025-07-24,81,Heart failure,15.4,0.9,82,collected,attended,138,78,97,0,N
P102488,4,2025-07-31,81,Heart failure,15.4,1.1,76,collected,attended,85,85,97,0,N
P102489,1,2024-10-16,57,Diabetes,19.8,0.2,81,collected,attended,140,72,96,1,N
P102489,2,2024-10-23,57,Diabetes,19.8,-0.3,86,collected,missed,135,74,98,1,N
P102489,3,2024-10-30,57,Diabetes,19.8,0.4,61,collected,attended,110,84,97,1,Y
P102489,4,2024-11-06,57,Diabetes,19.8,-0.2,93,missed,attended,117,86,94,1,Y
P102490,1,2024-09-10,77,Pneumonia,25.0,-0.4,86,collected,scheduled,149,73,95,0,N
P102490,2,2024-09-17,77,Pneumonia,25.0,-0.3,86,collected,scheduled,121,87,94,0,N
P102490,3,2024-09-24,77,Pneumonia,25.0,-1.4,88,late,attended,138,79,99,0,N
P102490,4,2024-10-01,77,Pneumonia,25.0,-1.1,79,collected,scheduled,134,85,97,0,N
P102491,1,2025-06-19,89,Hip fracture,23.1,0.9,91,late,attended,128,92,95,1,N
P102491,2,2025-06-26,89,Hip fracture,23.1,1.6,100,collected,attended,132,63,97,1,N
P102491,3,2025-07-03,89,Hip fracture,23.1,2.4,90,collected,attended,129,61,100,1,Y
P102491,4,2025-07-10,89,Hip fracture,23.1,2.0,90,collected,attended,131,77,96,1,Y
P102492,1,2024-04-10,84,Diabetes,16.8,-0.2,98,missed,attended,128,80,94,0,N
P102492,2,2024-04-17,84,Diabetes,16.8,-1.0,85,collected,attended,131,71,96,0,N
P102492,3,2024-04-24,84,Diabetes,16.8,-1.7,82,late,attended,134,74,97,0,N
P102492,4,2024-05-01,84,Diabetes,16.8,-2.2,88,collected,missed,128,69,96,0,N
P102493,1,2024-04-03,75,Sepsis,15.4,-0.2,85,late,attended,113,95,100,1,N
P102493,2,2024-04-10,75,Sepsis,15.4,0.4,97,collected,missed,137,90,97,1,N
P102493,3,2024-04-17,75,Sepsis,15.4,0.9,96,collected,attended,105,96,96,1,Y
P102493,4,2024-04-24,75,Sepsis,15.4,0.5,77,collected,missed,143,77,99,1,Y
P102494,1,2024-07-29,49,Kidney disease,13.0,0.3,98,collected,attended,142,97,96,0,N
P102494,2,2024-08-05,49,Kidney disease,13.0,-0.1,86,collected,attended,126,78,96,0,N
P102494,3,2024-08-12,49,Kidney disease,13.0,-0.7,93,collected,attended,121,92,96,0,N
P102494,4,2024-08-19,49,Kidney disease,13.0,0.0,93,collected,attended,127,87,100,0,N
P102495,1,2025-05-09,45,Sepsis,11.9,0.0,73,collected,attended,106,95,99,0,N
P102495,2,2025-05-16,45,Sepsis,11.9,0.6,97,collected,scheduled,134,97,97,0,N
P102495,3,2025-05-23,45,Sepsis,11.9,1.1,91,collected,attended,134,52,99,0,N
P102495,4,2025-05-30,45,Sepsis,11.9,0.8,79,missed,attended,129,65,96,0,N
P102496,1,2024-12-20,72,Stroke,16.8,-0.9,69,collected,attended,164,77,95,1,N
P102496,2,2024-12-27,72,Stroke,16.8,-0.8,79,late,missed,165,80,95,1,N
P102496,3,2025-01-03,72,Stroke,16.8,-1.8,87,collected,scheduled,132,86,94,1,Y
P102496,4,2025-01-10,72,Stroke,16.8,-2.4,78,missed,scheduled,161,85,95,1,Y
P102497,1,2024-06-28,82,Kidney disease,40.1,-0.6,100,missed,attended,138,83,92,0,N
P102497,2,2024-07-05,82,Kidney disease,40.1,-0.8,89,missed,scheduled,158,70,99,0,N
P102497,3,2024-07-12,82,Kidney disease,40.1,-0.3,92,collected,scheduled,132,84,95,0,N
P102497,4,2024-07-19,82,Kidney disease,40.1,0.0,70,late,attended,143,102,94,0,N
P102498,1,2024-01-18,86,Other,18.2,-0.1,74,collected,scheduled,145,68,92,0,N
P102498,2,2024-01-25,86,Other,18.2,-0.2,96,collected,attended,137,64,96,0,N
P102498,3,2024-02-01,86,Other,18.2,-1.3,94,collected,attended,128,83,99,0,N
P102498,4,2024-02-08,86,Other,18.2,-1.2,71,collected,scheduled,143,69,94,0,N
P102499,1,2024-10-18,41,COPD,15.4,-0.3,76,collected,scheduled,170,79,96,0,N
P102499,2,2024-10-25,41,COPD,15.4,-1.0,84,collected,attended,104,85,97,0,N
P102499,3,2024-11-01,41,COPD,15.4,-0.4,79,collected,missed,129,95,97,0,N
P102499,4,2024-11-08,41,COPD,15.4,-0.3,79,late,attended,159,89,95,0,N
P102500,1,2024-06-21,78,Other,19.8,0.1,68,collected,attended,149,74,94,0,N
P102500,2,2024-06-28,78,Other,19.8,-0.1,97,collected,attended,143,93,93,0,N
P102500,3,2024-07-05,78,Other,19.8,0.6,67,collected,scheduled,130,84,98,0,N
P102500,4,2024-07-12,78,Other,19.8,0.3,90,late,missed,136,80,96,0,N
P102501,1,2025-04-23,52,Heart failure,14.2,-0.0,95,collected,attended,122,112,96,0,N
P102501,2,2025-04-30,52,Heart failure,14.2,-1.0,79,collected,scheduled,133,69,95,0,N
P102501,3,2025-05-07,52,Heart failure,14.2,-0.0,81,collected,missed,120,107,98,0,N
P102501,4,2025-05-14,52,Heart failure,14.2,-0.1,96,collected,missed,129,80,98,0,N
P102502,1,2024-03-31,84,Heart failure,18.2,0.7,64,collected,scheduled,162,66,99,1,N
P102502,2,2024-04-07,84,Heart failure,18.2,1.9,76,collected,attended,110,57,95,1,N
P102502,3,2024-04-14,84,Heart failure,18.2,1.9,91,missed,missed,169,75,96,1,Y
P102502,4,2024-04-21,84,Heart failure,18.2,2.7,92,collected,missed,140,101,93,1,Y
P102503,1,2024-02-18,61,Stroke,21.4,0.5,95,collected,missed,118,88,95,0,N
P102503,2,2024-02-25,61,Stroke,21.4,1.0,83,collected,scheduled,126,81,95,0,N
P102503,3,2024-03-03,61,Stroke,21.4,0.8,90,collected,attended,145,60,96,0,N
P102503,4,2024-03-10,61,Stroke,21.4,-0.0,83,collected,attended,124,78,95,0,N
P102504,1,2025-05-19,88,Stroke,18.2,0.7,68,collected,scheduled,142,76,96,0,N
P102504,2,2025-05-26,88,Stroke,18.2,1.1,99,collected,attended,131,98,99,0,N
P102504,3,2025-06-02,88,Stroke,18.2,1.8,100,collected,attended,131,92,95,0,N
P102504,4,2025-06-09,88,Stroke,18.2,2.1,96,collected,scheduled,132,77,97,0,N
P102505,1,2025-07-13,82,Other,19.8,0.3,81,collected,attended,134,66,96,0,N
P102505,2,2025-07-20,82,Other,19.8,0.3,97,collected,attended,118,74,94,0,N
P102505,3,2025-07-27,82,Other,19.8,-0.2,69,collected,missed,137,76,97,0,N
P102505,4,2025-08-03,82,Other,19.8,-0.0,69,collected,attended,136,80,94,0,N
P102506,1,2024-03-09,54,COPD,18.2,-0.2,95,collected,scheduled,135,76,94,0,N
P102506,2,2024-03-16,54,COPD,18.2,-0.6,84,collected,scheduled,126,88,96,0,N
P102506,3,2024-03-23,54,COPD,18.2,0.6,78,collected,scheduled,125,76,95,0,N
P102506,4,2024-03-30,54,COPD,18.2,1.2,87,collected,attended,120,59,95,0,N
P102507,1,2025-08-14,57,Pneumonia,16.8,-0.7,70,collected,attended,139,90,97,1,N
P102507,2,2025-08-21,57,Pneumonia,16.8,-0.7,100,collected,attended,139,93,96,1,N
P102507,3,2025-08-28,57,Pneumonia,16.8,-0.9,86,late,attended,114,53,95,1,Y
P102507,4,2025-09-04,57,Pneumonia,16.8,-0.4,87,collected,scheduled,127,93,95,1,Y
P102508,1,2024-04-23,90,Other,28.9,-1.2,92,collected,missed,118,84,95,0,N
P102508,2,2024-04-30,90,Other,28.9,-2.3,73,collected,attended,160,87,96,0,N
P102508,3,2024-05-07,90,Other,28.9,-1.6,94,collected,attended,124,72,97,0,N
P102508,4,2024-05-14,90,Other,28.9,-1.6,91,late,attended,134,85,98,0,N
P102509,1,2024-09-08,81,Diabetes,59.9,-0.6,81,collected,attended,125,77,96,0,N
P102509,2,2024-09-15,81,Diabetes,59.9,-0.5,100,collected,attended,131,89,98,0,N
P102509,3,2024-09-22,81,Diabetes,59.9,-0.4,83,collected,attended,141,82,97,0,N
P102509,4,2024-09-29,81,Diabetes,59.9,-0.1,86,collected,attended,120,85,97,0,N
P102510,1,2025-05-26,74,Diabetes,15.4,-0.0,73,collected,scheduled,136,70,95,0,N
P102510,2,2025-06-02,74,Diabetes,15.4,1.2,75,collected,attended,144,77,94,0,N
P102510,3,2025-06-09,74,Diabetes,15.4,0.8,81,missed,attended,132,92,97,0,N
P102510,4,2025-06-16,74,Diabetes,15.4,1.1,95,collected,attended,144,65,94,0,N
P102511,1,2025-02-04,67,Kidney disease,23.1,-0.2,83,collected,missed,109,77,94,0,N
P102511,2,2025-02-11,67,Kidney disease,23.1,-0.8,71,collected,attended,144,80,96,0,N
P102511,3,2025-02-18,67,Kidney disease,23.1,-1.4,78,late,missed,132,92,95,0,N
P102511,4,2025-02-25,67,Kidney disease,23.1,-1.1,76,collected,attended,131,67,95,0,N
P102512,1,2025-03-10,73,Stroke,25.0,-0.2,66,late,attended,147,77,96,1,N
P102512,2,2025-03-17,73,Stroke,25.0,-1.0,76,missed,missed,153,91,98,1,N
P102512,3,2025-03-24,73,Stroke,25.0,-1.9,87,missed,scheduled,148,82,96,1,Y
P102512,4,2025-03-31,73,Stroke,25.0,-1.6,84,collected,scheduled,138,89,95,1,Y
P102513,1,2024-07-17,54,Stroke,14.2,0.6,85,collected,attended,154,86,95,0,N
P102513,2,2024-07-24,54,Stroke,14.2,0.1,95,collected,attended,152,80,95,0,N
P102513,3,2024-07-31,54,Stroke,14.2,-0.6,100,collected,attended,138,94,98,0,N
P102513,4,2024-08-07,54,Stroke,14.2,-1.1,96,collected,attended,120,64,97,0,N
P102514,1,2024-12-14,58,Diabetes,15.4,-0.7,77,missed,attended,141,61,96,0,N
P102514,2,2024-12-21,58,Diabetes,15.4,-0.9,84,collected,attended,146,67,95,0,N
P102514,3,2024-12-28,58,Diabetes,15.4,-0.1,86,collected,scheduled,124,83,94,0,N
P102514,4,2025-01-04,58,Diabetes,15.4,0.7,92,collected,scheduled,136,69,95,0,N
P102515,1,2025-06-15,57,Heart failure,13.0,-0.1,100,collected,attended,164,67,96,1,N
P102515,2,2025-06-22,57,Heart failure,13.0,-0.6,93,collected,scheduled,142,69,98,1,N
P102515,3,2025-06-29,57,Heart failure,13.0,-1.2,95,collected,attended,152,76,95,1,Y
P102515,4,2025-07-06,57,Heart failure,13.0,-1.1,92,late,scheduled,142,74,94,1,Y
P102516,1,2024-04-30,78,COPD,14.2,0.9,68,collected,attended,135,89,97,1,N
P102516,2,2024-05-07,78,COPD,14.2,1.2,68,late,missed,134,76,95,1,N
P102516,3,2024-05-14,78,COPD,14.2,1.6,87,collected,attended,168,83,93,1,Y
P102516,4,2024-05-21,78,COPD,14.2,2.1,87,collected,missed,139,91,94,1,Y
P102517,1,2024-08-20,77,Other,19.8,-0.0,90,collected,scheduled,129,77,97,1,N
P102517,2,2024-08-27,77,Other,19.8,0.5,85,collected,missed,152,70,97,1,N
P102517,3,2024-09-03,77,Other,19.8,1.4,90,missed,scheduled,149,81,98,1,Y
P102517,4,2024-09-10,77,Other,19.8,0.7,100,collected,missed,119,84,96,1,Y
P102518,1,2024-12-28,61,Diabetes,28.9,0.5,89,late,attended,123,63,95,1,N
P102518,2,2025-01-04,61,Diabetes,28.9,0.8,94,collected,attended,127,84,95,1,N
P102518,3,2025-01-11,61,Diabetes,28.9,1.1,74,collected,scheduled,133,70,97,1,Y
P102518,4,2025-01-18,61,Diabetes,28.9,1.1,71,collected,attended,150,82,98,1,Y
P102519,1,2024-10-15,74,Other,16.8,-0.2,99,collected,scheduled,140,95,96,0,N
P102519,2,2024-10-22,74,Other,16.8,-1.1,92,late,attended,119,94,94,0,N
P102519,3,2024-10-29,74,Other,16.8,-1.6,85,collected,attended,137,79,97,0,N
P102519,4,2024-11-05,74,Other,16.8,-2.3,97,collected,attended,94,83,96,0,N
P102520,1,2024-06-04,75,COPD,45.0,-0.3,90,collected,missed,156,85,98,0,N
P102520,2,2024-06-11,75,COPD,45.0,-1.8,86,collected,attended,139,73,93,0,N
P102520,3,2024-06-18,75,COPD,45.0,-0.6,78,collected,attended,109,90,97,0,N
P102520,4,2024-06-25,75,COPD,45.0,-1.2,90,collected,attended,123,53,95,0,N
P102521,1,2024-11-04,68,Other,21.4,0.1,84,late,attended,114,84,98,1,N
P102521,2,2024-11-11,68,Other,21.4,0.5,99,collected,missed,153,60,96,1,N
P102521,3,2024-11-18,68,Other,21.4,0.5,77,collected,scheduled,134,82,100,1,Y
P102521,4,2024-11-25,68,Other,21.4,0.7,85,collected,attended,132,68,98,1,Y
P102522,1,2024-07-09,64,Other,33.2,-0.2,93,collected,attended,166,74,99,0,N
P102522,2,2024-07-16,64,Other,33.2,-0.5,97,collected,attended,113,81,96,0,N
P102522,3,2024-07-23,64,Other,33.2,-0.8,95,collected,scheduled,131,70,93,0,N
P102522,4,2024-07-30,64,Other,33.2,-0.9,89,collected,attended,125,54,94,0,N
P102523,1,2025-07-12,26,Other,16.8,0.4,82,collected,scheduled,132,74,97,0,N
P102523,2,2025-07-19,26,Other,16.8,0.0,92,collected,scheduled,136,77,95,0,N
P102523,3,2025-07-26,26,Other,16.8,-1.7,98,collected,attended,150,71,98,0,N
P102523,4,2025-08-02,26,Other,16.8,-2.1,81,collected,attended,132,91,93,0,N
P102524,1,2025-07-10,59,Other,16.8,-0.4,78,collected,attended,129,83,98,0,N
P102524,2,2025-07-17,59,Other,16.8,-0.1,91,collected,scheduled,138,74,98,0,N
P102524,3,2025-07-24,59,Other,16.8,0.3,76,collected,attended,147,100,94,0,N
P102524,4,2025-07-31,59,Other,16.8,-0.4,94,collected,attended,135,80,99,0,N
P102525,1,2025-08-05,63,Hip fracture,14.2,0.3,78,missed,attended,140,91,94,0,N
P102525,2,2025-08-12,63,Hip fracture,14.2,1.0,61,collected,attended,138,78,98,0,N
P102525,3,2025-08-19,63,Hip fracture,14.2,2.1,72,missed,missed,161,81,96,0,N
P102525,4,2025-08-26,63,Hip fracture,14.2,2.5,74,late,missed,123,79,95,0,N
P102526,1,2024-06-20,64,Sepsis,19.8,0.1,86,collected,scheduled,110,83,98,0,N
P102526,2,2024-06-27,64,Sepsis,19.8,0.0,88,collected,attended,124,71,97,0,N
P102526,3,2024-07-04,64,Sepsis,19.8,1.0,91,collected,attended,164,81,95,0,N
P102526,4,2024-07-11,64,Sepsis,19.8,1.8,92,collected,attended,135,99,94,0,N
P102527,1,2024-05-04,83,Stroke,18.2,-0.2,76,collected,missed,149,100,97,0,N
P102527,2,2024-05-11,83,Stroke,18.2,-0.2,68,late,attended,113,87,94,0,N
P102527,3,2024-05-18,83,Stroke,18.2,0.1,88,collected,attended,143,91,97,0,N
P102527,4,2024-05-25,83,Stroke,18.2,-0.8,73,collected,attended,124,74,97,0,N
P102528,1,2024-03-01,87,Diabetes,18.2,0.4,100,late,attended,136,79,94,0,N
P102528,2,2024-03-08,87,Diabetes,18.2,0.5,100,missed,attended,104,93,96,0,N
P102528,3,2024-03-15,87,Diabetes,18.2,0.7,92,late,scheduled,106,85,95,0,N
P102528,4,2024-03-22,87,Diabetes,18.2,0.1,91,collected,attended,140,58,96,0,N
P102529,1,2024-06-09,64,Pneumonia,13.0,0.2,96,collected,attended,151,85,98,0,N
P102529,2,2024-06-16,64,Pneumonia,13.0,0.1,86,missed,attended,152,98,95,0,N
P102529,3,2024-06-23,64,Pneumonia,13.0,-0.5,92,collected,attended,111,90,100,0,N
P102529,4,2024-06-30,64,Pneumonia,13.0,-0.3,88,collected,attended,120,104,96,0,N
P102530,1,2024-11-13,51,Sepsis,19.8,-2.1,83,collected,scheduled,142,82,98,0,N
P102530,2,2024-11-20,51,Sepsis,19.8,-2.2,87,collected,scheduled,137,79,97,0,N
P102530,3,2024-11-27,51,Sepsis,19.8,-2.6,78,collected,attended,128,83,98,0,N
P102530,4,2024-12-04,51,Sepsis,19.8,-3.5,80,collected,attended,115,83,94,0,N
P102531,1,2024-11-21,59,Stroke,23.1,0.3,69,collected,attended,140,73,96,0,N
P102531,2,2024-11-28,59,Stroke,23.1,0.9,65,late,scheduled,154,81,96,0,N
P102531,3,2024-12-05,59,Stroke,23.1,0.4,86,late,attended,148,88,96,0,N
P102531,4,2024-12-12,59,Stroke,23.1,-0.3,76,collected,missed,139,96,98,0,N
P102532,1,2025-01-28,65,Stroke,25.0,0.4,83,collected,attended,134,70,94,0,N
P102532,2,2025-02-04,65,Stroke,25.0,-0.5,89,missed,attended,131,81,97,0,N
P102532,3,2025-02-11,65,Stroke,25.0,-0.1,88,collected,scheduled,130,49,95,0,N
P102532,4,2025-02-18,65,Stroke,25.0,-1.2,76,collected,attended,125,83,96,0,N
P102533,1,2024-01-24,72,COPD,18.2,0.8,100,collected,missed,127,75,93,1,N
P102533,2,2024-01-31,72,COPD,18.2,0.3,86,missed,attended,148,69,95,1,N
P102533,3,2024-02-07,72,COPD,18.2,0.8,89,collected,attended,109,63,95,1,Y
P102533,4,2024-02-14,72,COPD,18.2,0.7,83,collected,attended,114,76,96,1,Y
P102534,1,2024-04-09,75,Heart failure,14.2,-0.4,85,collected,attended,146,75,98,0,N
P102534,2,2024-04-16,75,Heart failure,14.2,-0.2,80,late,attended,129,88,95,0,N
P102534,3,2024-04-23,75,Heart failure,14.2,-0.3,78,collected,attended,131,57,95,0,N
P102534,4,2024-04-30,75,Heart failure,14.2,-0.4,90,collected,scheduled,134,93,97,0,N
P102535,1,2024-09-12,66,Sepsis,14.2,-1.3,88,collected,attended,132,93,96,0,N
P102535,2,2024-09-19,66,Sepsis,14.2,-1.7,92,collected,attended,128,63,98,0,N
P102535,3,2024-09-26,66,Sepsis,14.2,-2.9,74,collected,attended,162,75,95,0,N
P102535,4,2024-10-03,66,Sepsis,14.2,-3.3,75,collected,attended,145,88,97,0,N
P102536,1,2024-04-04,58,Pneumonia,21.4,-0.0,100,collected,attended,149,66,98,0,N
P102536,2,2024-04-11,58,Pneumonia,21.4,-0.3,91,collected,attended,145,61,99,0,N
P102536,3,2024-04-18,58,Pneumonia,21.4,-0.3,100,collected,scheduled,111,79,95,0,N
P102536,4,2024-04-25,58,Pneumonia,21.4,-1.0,68,missed,attended,133,90,95,0,N
P102537,1,2025-01-07,65,Heart failure,18.2,-0.1,100,collected,scheduled,147,70,95,1,N
P102537,2,2025-01-14,65,Heart failure,18.2,-0.7,78,collected,attended,88,84,93,1,N
P102537,3,2025-01-21,65,Heart failure,18.2,0.1,94,missed,attended,151,79,96,1,Y
P102537,4,2025-01-28,65,Heart failure,18.2,0.7,80,collected,scheduled,130,69,94,1,Y
P102538,1,2025-04-17,66,Other,16.8,-0.1,83,collected,scheduled,131,76,97,0,N
P102538,2,2025-04-24,66,Other,16.8,-0.1,91,collected,scheduled,124,77,95,0,N
P102538,3,2025-05-01,66,Other,16.8,-0.2,88,collected,scheduled,131,78,96,0,N
P102538,4,2025-05-08,66,Other,16.8,0.2,87,collected,attended,120,85,98,0,N
P102539,1,2025-03-31,77,COPD,18.2,-0.9,89,collected,attended,115,87,97,0,N
P102539,2,2025-04-07,77,COPD,18.2,-0.8,83,collected,attended,123,84,95,0,N
P102539,3,2025-04-14,77,COPD,18.2,-0.2,88,collected,scheduled,133,69,98,0,N
P102539,4,2025-04-21,77,COPD,18.2,0.5,87,collected,missed,139,69,96,0,N
P102540,1,2025-07-10,73,Heart failure,14.2,-0.1,89,late,attended,143,96,100,0,N
P102540,2,2025-07-17,73,Heart failure,14.2,-0.2,71,collected,scheduled,137,70,97,0,N
P102540,3,2025-07-24,73,Heart failure,14.2,-1.2,96,late,attended,109,59,98,0,N
P102540,4,2025-07-31,73,Heart failure,14.2,-1.4,82,collected,attended,133,84,96,0,N
P102541,1,2024-10-03,66,Hip fracture,25.0,0.2,98,collected,attended,132,73,93,0,N
P102541,2,2024-10-10,66,Hip fracture,25.0,0.3,88,collected,attended,129,95,96,0,N
P102541,3,2024-10-17,66,Hip fracture,25.0,0.4,84,collected,attended,149,79,96,0,N
P102541,4,2024-10-24,66,Hip fracture,25.0,0.3,93,late,scheduled,124,95,98,0,N
P102542,1,2024-04-26,60,Pneumonia,19.8,-0.3,78,collected,attended,113,71,97,0,N
P102542,2,2024-05-03,60,Pneumonia,19.8,-0.3,100,collected,scheduled,116,63,96,0,N
P102542,3,2024-05-10,60,Pneumonia,19.8,-0.1,97,collected,attended,155,65,95,0,N
P102542,4,2024-05-17,60,Pneumonia,19.8,-0.3,89,collected,scheduled,100,69,94,0,N
P102543,1,2025-06-28,58,Hip fracture,18.2,0.0,80,collected,attended,136,78,96,0,N
P102543,2,2025-07-05,58,Hip fracture,18.2,-0.1,82,collected,scheduled,142,87,99,0,N
P102543,3,2025-07-12,58,Hip fracture,18.2,-1.0,91,collected,attended,142,73,96,0,N
P102543,4,2025-07-19,58,Hip fracture,18.2,-1.4,72,collected,scheduled,129,82,99,0,N
P102544,1,2024-09-14,68,COPD,18.2,0.6,95,collected,attended,128,72,96,0,N
P102544,2,2024-09-21,68,COPD,18.2,-0.2,88,collected,attended,130,75,94,0,N
P102544,3,2024-09-28,68,COPD,18.2,0.3,83,collected,scheduled,136,80,94,0,N
P102544,4,2024-10-05,68,COPD,18.2,-0.0,93,collected,scheduled,129,77,94,0,N
P102545,1,2025-06-16,99,Kidney disease,37.8,-0.5,70,collected,scheduled,141,81,98,0,N
P102545,2,2025-06-23,99,Kidney disease,37.8,-0.4,99,collected,attended,116,60,94,0,N
P102545,3,2025-06-30,99,Kidney disease,37.8,-0.9,80,missed,missed,113,87,95,0,N
P102545,4,2025-07-07,99,Kidney disease,37.8,-0.6,85,collected,attended,134,58,94,0,N
P102546,1,2024-03-07,77,Diabetes,18.2,-0.2,93,collected,attended,110,63,96,0,N
P102546,2,2024-03-14,77,Diabetes,18.2,-0.4,97,collected,attended,133,80,99,0,N
P102546,3,2024-03-21,77,Diabetes,18.2,-1.0,91,collected,attended,114,68,96,0,N
P102546,4,2024-03-28,77,Diabetes,18.2,-0.5,83,collected,missed,128,78,97,0,N
P102547,1,2025-06-15,65,Other,35.4,-0.9,79,collected,missed,126,70,98,0,N
P102547,2,2025-06-22,65,Other,35.4,-0.6,100,collected,attended,113,82,96,0,N
P102547,3,2025-06-29,65,Other,35.4,0.1,92,collected,attended,141,77,99,0,N
P102547,4,2025-07-06,65,Other,35.4,-0.4,86,collected,attended,139,88,97,0,N
P102548,1,2025-07-03,58,Kidney disease,16.8,-1.1,81,collected,scheduled,121,84,97,0,N
P102548,2,2025-07-10,58,Kidney disease,16.8,-1.0,100,collected,attended,155,73,97,0,N
P102548,3,2025-07-17,58,Kidney disease,16.8,-0.7,81,collected,attended,103,98,95,0,N
P102548,4,2025-07-24,58,Kidney disease,16.8,-1.9,95,collected,attended,140,68,99,0,N
P102549,1,2024-03-03,70,Kidney disease,21.4,0.6,76,collected,attended,138,88,96,0,N
P102549,2,2024-03-10,70,Kidney disease,21.4,0.9,81,collected,attended,136,57,95,0,N
P102549,3,2024-03-17,70,Kidney disease,21.4,1.5,65,late,attended,124,76,94,0,N
P102549,4,2024-03-24,70,Kidney disease,21.4,1.6,72,collected,missed,127,84,95,0,N
P102550,1,2024-10-08,26,Heart failure,26.9,0.8,100,collected,attended,139,76,98,1,N
P102550,2,2024-10-15,26,Heart failure,26.9,0.1,81,collected,scheduled,126,60,95,1,N
P102550,3,2024-10-22,26,Heart failure,26.9,0.3,88,collected,attended,98,58,95,1,Y
P102550,4,2024-10-29,26,Heart failure,26.9,1.0,86,collected,attended,122,80,94,1,Y
P102551,1,2024-09-28,61,Heart failure,23.1,0.5,79,collected,attended,124,82,96,0,N
P102551,2,2024-10-05,61,Heart failure,23.1,1.5,100,collected,attended,133,77,94,0,N
P102551,3,2024-10-12,61,Heart failure,23.1,2.5,92,collected,attended,139,72,97,0,N
P102551,4,2024-10-19,61,Heart failure,23.1,4.1,98,collected,scheduled,124,81,97,0,N
P102552,1,2025-01-24,50,Sepsis,23.1,0.1,82,collected,attended,136,94,97,0,N
P102552,2,2025-01-31,50,Sepsis,23.1,1.1,97,late,attended,106,79,95,0,N
P102552,3,2025-02-07,50,Sepsis,23.1,0.7,83,collected,scheduled,128,93,96,0,N
P102552,4,2025-02-14,50,Sepsis,23.1,1.3,61,late,attended,109,59,96,0,N
P102553,1,2025-08-23,47,Diabetes,13.0,-1.2,81,late,attended,139,65,95,0,N
P102553,2,2025-08-30,47,Diabetes,13.0,-0.6,69,collected,missed,163,77,99,0,N
P102553,3,2025-09-06,47,Diabetes,13.0,-1.5,97,collected,attended,163,79,95,0,N
P102553,4,2025-09-13,47,Diabetes,13.0,-2.2,72,collected,attended,129,76,97,0,N
P102554,1,2025-06-06,68,Heart failure,18.2,-0.7,91,collected,attended,135,76,96,0,N
P102554,2,2025-06-13,68,Heart failure,18.2,-1.2,100,collected,scheduled,129,71,98,0,N
P102554,3,2025-06-20,68,Heart failure,18.2,-0.6,73,collected,attended,130,63,96,0,N
P102554,4,2025-06-27,68,Heart failure,18.2,0.5,84,missed,attended,122,79,92,0,N
P102555,1,2025-02-25,64,Pneumonia,28.9,-0.0,100,collected,scheduled,154,67,94,0,N
P102555,2,2025-03-04,64,Pneumonia,28.9,0.8,84,collected,attended,122,62,94,0,N
P102555,3,2025-03-11,64,Pneumonia,28.9,1.5,81,collected,scheduled,108,85,95,0,N
P102555,4,2025-03-18,64,Pneumonia,28.9,1.5,95,missed,attended,127,63,95,0,N
P102556,1,2025-06-06,61,Sepsis,19.8,-0.6,86,collected,attended,146,79,95,0,N
P102556,2,2025-06-13,61,Sepsis,19.8,0.0,92,missed,missed,114,62,97,0,N
P102556,3,2025-06-20,61,Sepsis,19.8,0.9,88,collected,missed,138,96,95,0,N
P102556,4,2025-06-27,61,Sepsis,19.8,1.0,87,collected,attended,132,80,97,0,N
P102557,1,2025-01-26,95,Hip fracture,45.0,0.1,88,collected,scheduled,132,69,94,0,N
P102557,2,2025-02-02,95,Hip fracture,45.0,-0.6,100,collected,attended,167,77,97,0,N
P102557,3,2025-02-09,95,Hip fracture,45.0,0.1,93,collected,scheduled,124,59,97,0,N
P102557,4,2025-02-16,95,Hip fracture,45.0,0.3,94,collected,attended,127,74,95,0,N
P102558,1,2025-01-18,79,Pneumonia,14.2,0.7,75,late,attended,141,66,96,0,N
P102558,2,2025-01-25,79,Pneumonia,14.2,0.7,81,late,missed,135,83,93,0,N
P102558,3,2025-02-01,79,Pneumonia,14.2,0.3,97,collected,attended,110,82,96,0,N
P102558,4,2025-02-08,79,Pneumonia,14.2,0.8,63,collected,attended,145,70,94,0,N
P102559,1,2024-09-23,73,Sepsis,19.8,-0.1,91,late,missed,156,75,97,0,N
P102559,2,2024-09-30,73,Sepsis,19.8,0.1,95,missed,scheduled,146,73,97,0,N
P102559,3,2024-10-07,73,Sepsis,19.8,0.6,96,collected,missed,141,96,95,0,N
P102559,4,2024-10-14,73,Sepsis,19.8,0.3,97,collected,attended,142,61,96,0,N
P102560,1,2024-06-06,92,Other,31.0,0.6,75,missed,scheduled,142,87,95,0,N
P102560,2,2024-06-13,92,Other,31.0,1.6,68,collected,attended,125,79,95,0,N
P102560,3,2024-06-20,92,Other,31.0,1.8,95,collected,attended,116,76,95,0,N
P102560,4,2024-06-27,92,Other,31.0,2.6,85,collected,scheduled,127,90,97,0,N
P102561,1,2025-07-02,65,Diabetes,19.8,-0.1,92,collected,attended,130,84,96,0,N
P102561,2,2025-07-09,65,Diabetes,19.8,-0.5,88,collected,attended,143,67,98,0,N
P102561,3,2025-07-16,65,Diabetes,19.8,0.4,100,collected,attended,126,93,95,0,N
P102561,4,2025-07-23,65,Diabetes,19.8,0.4,82,collected,missed,123,58,95,0,N
P102562,1,2024-04-24,82,Other,26.9,-0.3,88,collected,attended,136,94,97,0,N
P102562,2,2024-05-01,82,Other,26.9,0.3,84,late,scheduled,114,69,93,0,N
P102562,3,2024-05-08,82,Other,26.9,0.4,82,collected,attended,121,86,95,0,N
P102562,4,2024-05-15,82,Other,26.9,-0.2,89,missed,attended,134,87,95,0,N
P102563,1,2024-10-04,71,Heart failure,14.2,-1.1,70,collected,attended,154,86,95,0,N
P102563,2,2024-10-11,71,Heart failure,14.2,-1.3,83,missed,scheduled,123,98,99,0,N
P102563,3,2024-10-18,71,Heart failure,14.2,-1.5,100,missed,scheduled,152,87,98,0,N
P102563,4,2024-10-25,71,Heart failure,14.2,-1.9,94,late,attended,116,56,96,0,N
P102564,1,2024-07-28,62,Stroke,25.0,0.2,79,collected,attended,131,79,96,0,N
P102564,2,2024-08-04,62,Stroke,25.0,0.7,97,collected,attended,149,97,98,0,N
P102564,3,2024-08-11,62,Stroke,25.0,1.1,76,collected,attended,140,68,96,0,N
P102564,4,2024-08-18,62,Stroke,25.0,0.3,93,collected,attended,126,89,95,0,N
P102565,1,2024-05-29,49,COPD,18.2,0.5,88,collected,scheduled,135,84,98,0,N
P102565,2,2024-06-05,49,COPD,18.2,0.2,94,collected,attended,120,65,97,0,N
P102565,3,2024-06-12,49,COPD,18.2,-0.2,86,collected,scheduled,112,60,95,0,N
P102565,4,2024-06-19,49,COPD,18.2,-0.8,82,collected,attended,108,82,98,0,N
P102566,1,2024-02-24,65,Other,14.2,-0.8,90,collected,attended,132,65,95,0,N
P102566,2,2024-03-02,65,Other,14.2,-1.3,76,collected,attended,141,75,97,0,N
P102566,3,2024-03-09,65,Other,14.2,-1.5,93,collected,attended,125,75,94,0,N
P102566,4,2024-03-16,65,Other,14.2,-1.0,78,collected,attended,147,81,93,0,N
P102567,1,2024-10-26,49,Sepsis,16.8,0.8,100,collected,scheduled,119,78,98,0,N
P102567,2,2024-11-02,49,Sepsis,16.8,1.5,81,collected,missed,151,92,93,0,N
P102567,3,2024-11-09,49,Sepsis,16.8,1.7,89,collected,attended,145,81,94,0,N
P102567,4,2024-11-16,49,Sepsis,16.8,2.0,65,collected,attended,123,55,94,0,N
P102568,1,2024-09-24,71,Pneumonia,15.4,0.2,81,collected,attended,130,80,98,0,N
P102568,2,2024-10-01,71,Pneumonia,15.4,-0.8,88,collected,attended,127,99,97,0,N
P102568,3,2024-10-08,71,Pneumonia,15.4,-0.5,84,collected,attended,160,92,92,0,N
P102568,4,2024-10-15,71,Pneumonia,15.4,-0.4,82,collected,scheduled,121,90,96,0,N
P102569,1,2025-06-26,71,Heart failure,25.0,-0.1,74,collected,attended,119,78,97,1,N
P102569,2,2025-07-03,71,Heart failure,25.0,-0.3,92,late,scheduled,146,97,97,1,N
P102569,3,2025-07-10,71,Heart failure,25.0,0.4,83,collected,scheduled,129,80,98,1,Y
P102569,4,2025-07-17,71,Heart failure,25.0,1.3,80,late,missed,120,84,95,1,Y
P102570,1,2025-07-31,81,Pneumonia,19.8,-0.5,88,collected,attended,145,63,94,0,N
P102570,2,2025-08-07,81,Pneumonia,19.8,-0.7,75,collected,scheduled,136,89,96,0,N
P102570,3,2025-08-14,81,Pneumonia,19.8,-1.2,87,collected,scheduled,149,69,95,0,N
P102570,4,2025-08-21,81,Pneumonia,19.8,-1.6,85,collected,scheduled,128,75,99,0,N
P102571,1,2025-06-14,64,Pneumonia,13.0,0.4,80,collected,missed,149,100,97,1,N
P102571,2,2025-06-21,64,Pneumonia,13.0,0.3,98,collected,scheduled,168,86,96,1,N
P102571,3,2025-06-28,64,Pneumonia,13.0,0.1,82,collected,missed,137,77,100,1,Y
P102571,4,2025-07-05,64,Pneumonia,13.0,-0.4,73,collected,attended,136,79,92,1,Y
P102572,1,2024-05-23,67,Hip fracture,19.8,-0.4,82,collected,scheduled,117,76,97,1,N
P102572,2,2024-05-30,67,Hip fracture,19.8,-0.2,86,collected,scheduled,130,81,96,1,N
P102572,3,2024-06-06,67,Hip fracture,19.8,0.1,96,collected,attended,136,90,98,1,Y
P102572,4,2024-06-13,67,Hip fracture,19.8,-0.5,89,collected,scheduled,144,71,100,1,Y
P102573,1,2025-05-06,72,Pneumonia,18.2,-0.1,73,late,scheduled,159,97,96,1,N
P102573,2,2025-05-13,72,Pneumonia,18.2,-0.4,54,collected,missed,129,112,97,1,N
P102573,3,2025-05-20,72,Pneumonia,18.2,-0.7,76,missed,missed,146,70,97,1,Y
P102573,4,2025-05-27,72,Pneumonia,18.2,-0.1,56,collected,attended,154,81,91,1,Y
P102574,1,2025-06-23,50,Kidney disease,13.0,0.1,81,collected,attended,116,86,98,0,N
P102574,2,2025-06-30,50,Kidney disease,13.0,-1.4,87,collected,attended,143,89,96,0,N
P102574,3,2025-07-07,50,Kidney disease,13.0,-1.6,100,collected,attended,149,76,97,0,N
P102574,4,2025-07-14,50,Kidney disease,13.0,-1.9,100,collected,scheduled,130,86,94,0,N
P102575,1,2025-03-25,79,Pneumonia,15.4,-0.1,95,collected,scheduled,121,77,96,1,N
P102575,2,2025-04-01,79,Pneumonia,15.4,-0.6,96,collected,attended,134,97,92,1,N
P102575,3,2025-04-08,79,Pneumonia,15.4,0.5,93,collected,attended,143,85,94,1,Y
P102575,4,2025-04-15,79,Pneumonia,15.4,0.6,83,collected,attended,118,80,95,1,Y
P102576,1,2024-06-13,63,Other,35.4,0.3,85,collected,scheduled,144,66,95,0,N
P102576,2,2024-06-20,63,Other,35.4,1.3,92,collected,missed,138,95,99,0,N
P102576,3,2024-06-27,63,Other,35.4,1.4,90,collected,scheduled,135,97,97,0,N
P102576,4,2024-07-04,63,Other,35.4,0.7,89,late,attended,159,90,98,0,N
P102577,1,2024-04-29,47,Kidney disease,14.2,0.5,99,collected,attended,133,68,95,0,N
P102577,2,2024-05-06,47,Kidney disease,14.2,1.2,77,collected,attended,136,82,96,0,N
P102577,3,2024-05-13,47,Kidney disease,14.2,1.9,95,collected,scheduled,137,90,98,0,N
P102577,4,2024-05-20,47,Kidney disease,14.2,1.4,84,collected,missed,143,62,96,0,N
P102578,1,2024-05-04,67,Kidney disease,15.4,-0.3,99,collected,attended,119,76,96,0,N
P102578,2,2024-05-11,67,Kidney disease,15.4,-0.8,82,collected,scheduled,126,75,97,0,N
P102578,3,2024-05-18,67,Kidney disease,15.4,0.1,96,collected,missed,118,82,99,0,N
P102578,4,2024-05-25,67,Kidney disease,15.4,0.5,100,collected,missed,126,76,94,0,N
P102579,1,2025-07-06,79,Heart failure,26.9,-0.4,97,late,attended,157,62,97,0,N
P102579,2,2025-07-13,79,Heart failure,26.9,-0.9,99,collected,attended,128,57,99,0,N
P102579,3,2025-07-20,79,Heart failure,26.9,-1.6,86,late,attended,142,79,97,0,N
P102579,4,2025-07-27,79,Heart failure,26.9,-2.0,78,collected,attended,103,85,93,0,N
P102580,1,2025-01-19,73,Sepsis,15.4,-0.1,91,collected,attended,131,58,98,0,N
P102580,2,2025-01-26,73,Sepsis,15.4,0.5,78,collected,scheduled,114,70,95,0,N
P102580,3,2025-02-02,73,Sepsis,15.4,0.8,83,collected,attended,156,80,96,0,N
P102580,4,2025-02-09,73,Sepsis,15.4,1.4,100,collected,attended,156,72,98,0,N
P102581,1,2024-03-16,62,Heart failure,11.9,-0.2,81,late,scheduled,136,80,98,0,N
P102581,2,2024-03-23,62,Heart failure,11.9,0.2,81,collected,attended,115,99,96,0,N
P102581,3,2024-03-30,62,Heart failure,11.9,0.2,77,collected,attended,160,89,95,0,N
P102581,4,2024-04-06,62,Heart failure,11.9,0.1,92,late,missed,154,65,93,0,N
P102582,1,2025-07-06,66,Stroke,19.8,0.4,95,collected,missed,141,63,96,0,N
P102582,2,2025-07-13,66,Stroke,19.8,-1.0,89,collected,scheduled,148,85,100,0,N
P102582,3,2025-07-20,66,Stroke,19.8,-0.8,88,collected,scheduled,138,81,97,0,N
P102582,4,2025-07-27,66,Stroke,19.8,-0.2,97,collected,attended,116,43,96,0,N
P102583,1,2024-03-28,73,Diabetes,26.9,-0.2,94,late,attended,141,60,95,1,N
P102583,2,2024-04-04,73,Diabetes,26.9,-0.6,86,late,scheduled,119,71,96,1,N
P102583,3,2024-04-11,73,Diabetes,26.9,-1.1,91,collected,missed,145,70,97,1,Y
P102583,4,2024-04-18,73,Diabetes,26.9,-0.7,81,collected,attended,137,71,98,1,Y
P102584,1,2025-03-16,81,Heart failure,25.0,0.8,82,collected,attended,137,111,96,0,N
P102584,2,2025-03-23,81,Heart failure,25.0,1.8,79,missed,attended,121,87,98,0,N
P102584,3,2025-03-30,81,Heart failure,25.0,0.9,82,collected,attended,128,97,98,0,N
P102584,4,2025-04-06,81,Heart failure,25.0,0.3,89,missed,scheduled,113,70,99,0,N
P102585,1,2024-04-20,74,Stroke,21.4,-0.4,77,collected,attended,122,62,95,0,N
P102585,2,2024-04-27,74,Stroke,21.4,-0.7,89,collected,attended,147,66,97,0,N
P102585,3,2024-05-04,74,Stroke,21.4,-0.8,72,collected,scheduled,136,72,97,0,N
P102585,4,2024-05-11,74,Stroke,21.4,-1.1,92,collected,attended,143,69,96,0,N
P102586,1,2025-03-14,69,Other,19.8,0.6,100,collected,attended,134,75,98,0,N
P102586,2,2025-03-21,69,Other,19.8,0.5,87,late,attended,137,76,99,0,N
P102586,3,2025-03-28,69,Other,19.8,0.7,81,late,scheduled,141,78,94,0,N
P102586,4,2025-04-04,69,Other,19.8,0.4,76,collected,attended,135,58,97,0,N
P102587,1,2024-10-05,81,Diabetes,16.8,0.6,73,collected,attended,131,87,95,0,N
P102587,2,2024-10-12,81,Diabetes,16.8,0.8,71,collected,missed,99,77,96,0,N
P102587,3,2024-10-19,81,Diabetes,16.8,1.4,99,collected,attended,144,63,95,0,N
P102587,4,2024-10-26,81,Diabetes,16.8,1.8,82,collected,scheduled,124,91,98,0,N
P102588,1,2024-03-23,96,Diabetes,18.2,-0.0,80,collected,attended,135,74,94,0,N
P102588,2,2024-03-30,96,Diabetes,18.2,1.0,87,collected,scheduled,122,76,96,0,N
P102588,3,2024-04-06,96,Diabetes,18.2,1.5,89,collected,attended,140,63,95,0,N
P102588,4,2024-04-13,96,Diabetes,18.2,1.7,84,late,scheduled,144,86,94,0,N
P102589,1,2024-09-23,81,Heart failure,21.4,0.7,89,collected,attended,145,90,98,0,N
P102589,2,2024-09-30,81,Heart failure,21.4,0.3,79,late,attended,119,61,97,0,N
P102589,3,2024-10-07,81,Heart failure,21.4,0.3,90,collected,scheduled,121,75,95,0,N
P102589,4,2024-10-14,81,Heart failure,21.4,0.2,98,collected,scheduled,122,73,95,0,N
P102590,1,2025-03-11,69,Heart failure,21.4,-0.2,80,collected,attended,143,80,95,0,N
P102590,2,2025-03-18,69,Heart failure,21.4,-0.3,100,collected,attended,142,71,98,0,N
P102590,3,2025-03-25,69,Heart failure,21.4,-0.4,73,collected,missed,118,90,96,0,N
P102590,4,2025-04-01,69,Heart failure,21.4,-0.9,92,collected,attended,134,80,94,0,N
P102591,1,2024-06-17,52,Sepsis,14.2,0.7,80,late,missed,142,92,98,0,N
P102591,2,2024-06-24,52,Sepsis,14.2,0.5,88,missed,attended,135,73,93,0,N
P102591,3,2024-07-01,52,Sepsis,14.2,-0.1,100,collected,attended,124,69,96,0,N
P102591,4,2024-07-08,52,Sepsis,14.2,-0.6,87,collected,attended,138,79,92,0,N
P102592,1,2024-01-10,47,Diabetes,11.9,0.5,75,collected,attended,136,88,93,0,N
P102592,2,2024-01-17,47,Diabetes,11.9,-0.4,72,late,scheduled,129,90,99,0,N
P102592,3,2024-01-24,47,Diabetes,11.9,0.3,83,collected,scheduled,148,83,96,0,N
P102592,4,2024-01-31,47,Diabetes,11.9,0.9,100,collected,attended,125,99,95,0,N
P102593,1,2025-05-11,95,Stroke,14.2,0.5,88,missed,attended,163,72,94,0,N
P102593,2,2025-05-18,95,Stroke,14.2,0.5,92,collected,attended,116,79,93,0,N
P102593,3,2025-05-25,95,Stroke,14.2,0.6,82,late,scheduled,141,83,97,0,N
P102593,4,2025-06-01,95,Stroke,14.2,-0.4,91,collected,scheduled,121,79,94,0,N
P102594,1,2024-12-02,68,Hip fracture,18.2,-0.6,93,late,attended,146,99,99,0,N
P102594,2,2024-12-09,68,Hip fracture,18.2,0.3,82,collected,attended,136,66,99,0,N
P102594,3,2024-12-16,68,Hip fracture,18.2,0.4,90,collected,attended,123,94,98,0,N
P102594,4,2024-12-23,68,Hip fracture,18.2,0.3,90,collected,scheduled,133,78,95,0,N
P102595,1,2024-10-25,49,Heart failure,14.2,0.1,87,collected,attended,134,76,97,0,N
P102595,2,2024-11-01,49,Heart failure,14.2,0.2,81,collected,attended,125,88,97,0,N
P102595,3,2024-11-08,49,Heart failure,14.2,1.1,81,collected,attended,162,59,98,0,N
P102595,4,2024-11-15,49,Heart failure,14.2,1.2,91,collected,attended,126,79,96,0,N
P102596,1,2024-06-22,61,Heart failure,16.8,0.4,90,collected,attended,119,77,95,0,N
P102596,2,2024-06-29,61,Heart failure,16.8,-0.9,88,collected,attended,139,75,95,0,N
P102596,3,2024-07-06,61,Heart failure,16.8,-0.0,100,collected,attended,158,94,94,0,N
P102596,4,2024-07-13,61,Heart failure,16.8,0.1,100,collected,attended,155,75,97,0,N
P102597,1,2025-03-21,53,Heart failure,15.4,0.4,78,missed,attended,122,88,94,0,N
P102597,2,2025-03-28,53,Heart failure,15.4,0.8,86,collected,attended,138,72,97,0,N
P102597,3,2025-04-04,53,Heart failure,15.4,1.1,91,collected,attended,102,86,95,0,N
P102597,4,2025-04-11,53,Heart failure,15.4,1.4,81,collected,attended,140,80,95,0,N
P102598,1,2024-07-03,62,Stroke,11.9,-0.6,75,late,scheduled,118,70,96,0,N
P102598,2,2024-07-10,62,Stroke,11.9,-0.1,79,collected,attended,144,83,99,0,N
P102598,3,2024-07-17,62,Stroke,11.9,0.5,73,collected,scheduled,130,67,98,0,N
P102598,4,2024-07-24,62,Stroke,11.9,1.1,71,collected,attended,134,78,96,0,N
P102599,1,2024-01-12,78,Diabetes,19.8,-0.1,99,collected,scheduled,101,82,94,0,N
P102599,2,2024-01-19,78,Diabetes,19.8,-0.1,87,late,scheduled,113,81,97,0,N
P102599,3,2024-01-26,78,Diabetes,19.8,0.0,94,missed,attended,124,78,95,0,N
P102599,4,2024-02-02,78,Diabetes,19.8,0.0,90,collected,attended,151,52,98,0,N
P102600,1,2024-09-26,90,COPD,18.2,-0.5,95,collected,attended,128,73,94,0,N
P102600,2,2024-10-03,90,COPD,18.2,-0.7,95,late,scheduled,147,78,97,0,N
P102600,3,2024-10-10,90,COPD,18.2,-1.7,90,missed,attended,141,75,98,0,N
P102600,4,2024-10-17,90,COPD,18.2,-1.5,72,collected,missed,161,66,96,0,N
P102601,1,2024-08-05,46,Hip fracture,15.4,0.5,99,collected,scheduled,113,92,94,0,N
P102601,2,2024-08-12,46,Hip fracture,15.4,0.4,87,collected,attended,104,99,96,0,N
P102601,3,2024-08-19,46,Hip fracture,15.4,-0.2,87,collected,scheduled,148,64,97,0,N
P102601,4,2024-08-26,46,Hip fracture,15.4,0.4,83,collected,scheduled,118,70,94,0,N
P102602,1,2024-06-01,84,Other,23.1,-0.8,91,missed,attended,138,58,95,0,N
P102602,2,2024-06-08,84,Other,23.1,-0.7,100,collected,attended,119,58,94,0,N
P102602,3,2024-06-15,84,Other,23.1,-1.1,93,collected,scheduled,143,85,99,0,N
P102602,4,2024-06-22,84,Other,23.1,-0.1,89,collected,scheduled,123,76,99,0,N
P102603,1,2025-01-02,88,Hip fracture,18.2,-0.4,81,collected,attended,114,84,98,1,N
P102603,2,2025-01-09,88,Hip fracture,18.2,-0.5,84,collected,attended,129,83,95,1,N
P102603,3,2025-01-16,88,Hip fracture,18.2,-1.0,85,collected,attended,144,87,95,1,Y
P102603,4,2025-01-23,88,Hip fracture,18.2,-0.9,75,missed,attended,140,82,93,1,Y
P102604,1,2024-08-12,69,Pneumonia,14.2,-0.3,88,collected,missed,134,98,97,0,N
P102604,2,2024-08-19,69,Pneumonia,14.2,-1.3,72,collected,attended,151,80,94,0,N
P102604,3,2024-08-26,69,Pneumonia,14.2,-1.2,76,late,attended,136,93,96,0,N
P102604,4,2024-09-02,69,Pneumonia,14.2,-1.2,81,collected,missed,132,104,94,0,N
P102605,1,2024-10-05,77,Stroke,33.2,-0.9,96,collected,scheduled,144,70,96,0,N
P102605,2,2024-10-12,77,Stroke,33.2,-0.7,77,late,attended,167,76,94,0,N
P102605,3,2024-10-19,77,Stroke,33.2,-1.4,87,collected,scheduled,126,94,97,0,N
P102605,4,2024-10-26,77,Stroke,33.2,-1.7,78,collected,scheduled,146,84,96,0,N
P102606,1,2024-01-11,77,Diabetes,19.8,-0.2,87,collected,attended,134,83,95,1,N
P102606,2,2024-01-18,77,Diabetes,19.8,-0.3,90,late,scheduled,140,64,96,1,N
P102606,3,2024-01-25,77,Diabetes,19.8,0.4,78,collected,attended,126,72,97,1,Y
P102606,4,2024-02-01,77,Diabetes,19.8,0.4,79,late,missed,113,76,96,1,Y
P102607,1,2024-09-29,74,Other,23.1,-0.1,72,collected,attended,139,86,93,0,N
P102607,2,2024-10-06,74,Other,23.1,0.1,76,collected,missed,155,82,96,0,N
P102607,3,2024-10-13,74,Other,23.1,0.6,71,collected,attended,136,85,96,0,N
P102607,4,2024-10-20,74,Other,23.1,1.6,79,late,attended,138,89,97,0,N
P102608,1,2025-04-02,59,Pneumonia,13.0,0.8,73,missed,scheduled,119,82,99,0,N
P102608,2,2025-04-09,59,Pneumonia,13.0,1.5,88,missed,scheduled,154,87,94,0,N
P102608,3,2025-04-16,59,Pneumonia,13.0,2.1,95,collected,attended,132,76,95,0,N
P102608,4,2025-04-23,59,Pneumonia,13.0,3.2,85,collected,attended,151,74,97,0,N
P102609,1,2024-12-20,89,Heart failure,26.9,-0.7,79,collected,attended,134,77,95,1,N
P102609,2,2024-12-27,89,Heart failure,26.9,-1.2,85,collected,attended,135,72,99,1,N
P102609,3,2025-01-03,89,Heart failure,26.9,-1.3,91,late,scheduled,145,66,95,1,Y
P102609,4,2025-01-10,89,Heart failure,26.9,-2.4,73,late,attended,126,69,97,1,Y
P102610,1,2024-08-04,60,Heart failure,25.0,-0.4,96,collected,attended,114,76,94,0,N
P102610,2,2024-08-11,60,Heart failure,25.0,-1.0,95,collected,attended,123,94,97,0,N
P102610,3,2024-08-18,60,Heart failure,25.0,0.6,80,missed,attended,118,90,96,0,N
P102610,4,2024-08-25,60,Heart failure,25.0,0.4,83,collected,attended,126,82,98,0,N
P102611,1,2025-01-10,71,Diabetes,15.4,-0.0,96,collected,scheduled,125,75,97,0,N
P102611,2,2025-01-17,71,Diabetes,15.4,0.1,75,collected,scheduled,142,71,96,0,N
P102611,3,2025-01-24,71,Diabetes,15.4,1.0,94,late,attended,111,87,100,0,N
P102611,4,2025-01-31,71,Diabetes,15.4,1.1,87,collected,scheduled,140,80,93,0,N
P102612,1,2024-08-01,79,Other,15.4,-0.3,90,late,attended,136,66,95,0,N
P102612,2,2024-08-08,79,Other,15.4,0.3,74,collected,scheduled,142,72,94,0,N
P102612,3,2024-08-15,79,Other,15.4,0.3,98,missed,attended,140,70,96,0,N
P102612,4,2024-08-22,79,Other,15.4,1.2,89,collected,attended,116,76,94,0,N
P102613,1,2024-06-22,68,Hip fracture,23.1,-0.3,87,collected,scheduled,150,70,96,0,N
P102613,2,2024-06-29,68,Hip fracture,23.1,-0.8,70,collected,attended,150,91,94,0,N
P102613,3,2024-07-06,68,Hip fracture,23.1,-1.3,76,collected,attended,133,79,93,0,N
P102613,4,2024-07-13,68,Hip fracture,23.1,-1.5,74,late,attended,119,97,95,0,N
P102614,1,2025-08-20,48,Sepsis,28.9,-0.9,82,collected,attended,123,77,97,0,N
P102614,2,2025-08-27,48,Sepsis,28.9,-1.0,72,collected,attended,111,78,98,0,N
P102614,3,2025-09-03,48,Sepsis,28.9,-1.4,97,collected,attended,141,55,98,0,N
P102614,4,2025-09-10,48,Sepsis,28.9,-2.0,73,missed,scheduled,115,72,95,0,N
P102615,1,2025-04-16,80,Heart failure,35.4,-0.2,90,collected,scheduled,138,83,96,0,N
P102615,2,2025-04-23,80,Heart failure,35.4,-0.5,84,collected,missed,139,68,97,0,N
P102615,3,2025-04-30,80,Heart failure,35.4,-0.4,78,collected,missed,105,77,95,0,N
P102615,4,2025-05-07,80,Heart failure,35.4,-0.3,74,collected,scheduled,135,71,95,0,N
P102616,1,2024-10-18,70,Heart failure,18.2,-0.0,85,late,attended,124,72,95,0,N
P102616,2,2024-10-25,70,Heart failure,18.2,0.9,70,collected,attended,145,79,99,0,N
P102616,3,2024-11-01,70,Heart failure,18.2,1.1,87,collected,attended,115,62,100,0,N
P102616,4,2024-11-08,70,Heart failure,18.2,1.5,89,collected,attended,132,82,96,0,N
P102617,1,2024-12-04,80,Other,19.8,1.0,88,collected,attended,122,58,96,1,N
P102617,2,2024-12-11,80,Other,19.8,0.9,74,collected,missed,128,83,94,1,N
P102617,3,2024-12-18,80,Other,19.8,1.4,100,late,missed,131,85,96,1,Y
P102617,4,2024-12-25,80,Other,19.8,2.5,100,late,attended,151,69,95,1,Y
P102618,1,2024-07-24,73,Other,23.1,-0.4,66,collected,scheduled,148,80,95,0,N
P102618,2,2024-07-31,73,Other,23.1,-0.5,79,late,attended,143,90,93,0,N
P102618,3,2024-08-07,73,Other,23.1,-1.3,76,collected,attended,133,70,95,0,N
P102618,4,2024-08-14,73,Other,23.1,-1.3,92,collected,attended,160,83,93,0,N
P102619,1,2024-09-05,46,Other,18.2,-0.1,73,collected,attended,106,71,94,0,N
P102619,2,2024-09-12,46,Other,18.2,0.6,94,missed,attended,146,75,95,0,N
P102619,3,2024-09-19,46,Other,18.2,0.8,100,collected,scheduled,129,85,97,0,N
P102619,4,2024-09-26,46,Other,18.2,-0.2,96,collected,scheduled,148,70,97,0,N
P102620,1,2025-02-08,62,Diabetes,25.0,-0.1,76,collected,scheduled,156,78,96,0,N
P102620,2,2025-02-15,62,Diabetes,25.0,-0.1,64,collected,scheduled,121,73,96,0,N
P102620,3,2025-02-22,62,Diabetes,25.0,-0.3,100,collected,scheduled,122,66,99,0,N
P102620,4,2025-03-01,62,Diabetes,25.0,0.3,100,collected,missed,143,69,96,0,N
P102621,1,2024-04-26,64,Heart failure,16.8,0.0,73,collected,missed,111,82,97,0,N
P102621,2,2024-05-03,64,Heart failure,16.8,-0.2,82,missed,attended,156,74,97,0,N
P102621,3,2024-05-10,64,Heart failure,16.8,0.6,71,late,attended,137,89,94,0,N
P102621,4,2024-05-17,64,Heart failure,16.8,0.3,77,collected,scheduled,135,97,98,0,N
P102622,1,2024-06-19,43,Pneumonia,16.8,0.5,93,collected,attended,102,78,92,0,N
P102622,2,2024-06-26,43,Pneumonia,16.8,1.0,87,collected,scheduled,125,96,96,0,N
P102622,3,2024-07-03,43,Pneumonia,16.8,1.3,84,collected,attended,142,69,98,0,N
P102622,4,2024-07-10,43,Pneumonia,16.8,0.5,78,collected,scheduled,133,86,95,0,N
P102623,1,2024-07-14,74,Pneumonia,26.9,1.2,100,collected,attended,143,78,99,0,N
P102623,2,2024-07-21,74,Pneumonia,26.9,1.3,78,missed,scheduled,147,80,97,0,N
P102623,3,2024-07-28,74,Pneumonia,26.9,1.1,91,late,scheduled,148,89,100,0,N
P102623,4,2024-08-04,74,Pneumonia,26.9,1.7,92,collected,attended,121,75,96,0,N
P102624,1,2025-07-04,41,Diabetes,19.8,-0.6,80,collected,scheduled,132,81,98,0,N
P102624,2,2025-07-11,41,Diabetes,19.8,-0.5,88,collected,scheduled,145,82,97,0,N
P102624,3,2025-07-18,41,Diabetes,19.8,-1.5,75,collected,attended,106,83,93,0,N
P102624,4,2025-07-25,41,Diabetes,19.8,-1.4,75,collected,attended,157,83,96,0,N
P102625,1,2025-03-19,64,Other,13.0,1.3,82,collected,attended,127,67,98,0,N
P102625,2,2025-03-26,64,Other,13.0,0.5,89,collected,scheduled,126,65,95,0,N
P102625,3,2025-04-02,64,Other,13.0,-0.3,96,missed,attended,132,55,94,0,N
P102625,4,2025-04-09,64,Other,13.0,-1.3,92,collected,attended,141,87,97,0,N
P102626,1,2024-08-02,69,Other,16.8,-0.1,73,collected,attended,149,94,98,1,N
P102626,2,2024-08-09,69,Other,16.8,0.7,85,collected,scheduled,111,64,96,1,N
P102626,3,2024-08-16,69,Other,16.8,0.7,87,missed,missed,142,75,95,1,Y
P102626,4,2024-08-23,69,Other,16.8,0.6,66,collected,scheduled,122,73,95,1,Y
P102627,1,2025-07-06,56,Diabetes,23.1,0.2,86,collected,scheduled,131,79,95,0,N
P102627,2,2025-07-13,56,Diabetes,23.1,0.7,94,collected,attended,147,91,99,0,N
P102627,3,2025-07-20,56,Diabetes,23.1,0.2,90,collected,scheduled,135,81,95,0,N
P102627,4,2025-07-27,56,Diabetes,23.1,0.5,93,collected,scheduled,138,77,96,0,N
P102628,1,2024-01-12,53,Pneumonia,16.8,-0.2,82,collected,scheduled,123,64,97,0,N
P102628,2,2024-01-19,53,Pneumonia,16.8,0.2,84,collected,attended,125,60,93,0,N
P102628,3,2024-01-26,53,Pneumonia,16.8,0.9,97,collected,scheduled,116,75,96,0,N
P102628,4,2024-02-02,53,Pneumonia,16.8,0.4,74,collected,scheduled,148,96,97,0,N
P102629,1,2024-07-09,78,Other,13.0,-0.8,64,collected,attended,143,64,97,0,N
P102629,2,2024-07-16,78,Other,13.0,-0.4,73,collected,missed,155,63,94,0,N
P102629,3,2024-07-23,78,Other,13.0,-0.2,81,collected,attended,154,80,94,0,N
P102629,4,2024-07-30,78,Other,13.0,-0.8,87,collected,scheduled,143,82,94,0,N
P102630,1,2025-01-21,71,COPD,18.2,0.9,84,late,attended,142,90,96,1,N
P102630,2,2025-01-28,71,COPD,18.2,0.6,83,collected,attended,150,77,95,1,N
P102630,3,2025-02-04,71,COPD,18.2,1.0,62,collected,missed,144,71,94,1,Y
P102630,4,2025-02-11,71,COPD,18.2,1.1,64,collected,attended,166,68,94,1,Y
P102631,1,2024-01-20,78,COPD,26.9,0.7,87,collected,scheduled,143,91,94,0,N
P102631,2,2024-01-27,78,COPD,26.9,0.3,73,collected,attended,137,78,97,0,N
P102631,3,2024-02-03,78,COPD,26.9,0.0,87,collected,scheduled,143,99,95,0,N
P102631,4,2024-02-10,78,COPD,26.9,-0.3,95,collected,attended,126,81,100,0,N
P102632,1,2025-02-18,48,Other,19.8,-1.4,100,collected,missed,117,81,100,0,N
P102632,2,2025-02-25,48,Other,19.8,-0.9,100,collected,attended,122,96,99,0,N
P102632,3,2025-03-04,48,Other,19.8,-1.2,93,collected,missed,138,90,96,0,N
P102632,4,2025-03-11,48,Other,19.8,-1.8,82,late,attended,132,88,94,0,N
P102633,1,2025-04-22,56,Heart failure,15.4,0.2,100,collected,scheduled,119,82,97,0,N
P102633,2,2025-04-29,56,Heart failure,15.4,0.4,93,collected,attended,139,67,96,0,N
P102633,3,2025-05-06,56,Heart failure,15.4,-0.4,83,late,scheduled,126,79,95,0,N
P102633,4,2025-05-13,56,Heart failure,15.4,-1.3,93,collected,attended,150,80,97,0,N
P102634,1,2024-08-08,56,Heart failure,11.9,0.5,87,late,attended,147,79,93,0,N
P102634,2,2024-08-15,56,Heart failure,11.9,1.0,73,collected,missed,128,85,98,0,N
P102634,3,2024-08-22,56,Heart failure,11.9,1.4,91,collected,attended,131,74,94,0,N
P102634,4,2024-08-29,56,Heart failure,11.9,2.1,100,collected,attended,106,85,96,0,N
P102635,1,2024-03-17,74,Pneumonia,45.0,-0.7,92,collected,attended,106,74,96,0,N
P102635,2,2024-03-24,74,Pneumonia,45.0,-0.8,75,collected,attended,149,59,95,0,N
P102635,3,2024-03-31,74,Pneumonia,45.0,-1.8,99,collected,attended,141,70,98,0,N
P102635,4,2024-04-07,74,Pneumonia,45.0,-2.2,89,missed,attended,149,76,95,0,N
P102636,1,2024-01-26,92,Hip fracture,31.0,0.6,82,collected,attended,139,79,97,0,N
P102636,2,2024-02-02,92,Hip fracture,31.0,0.8,100,collected,attended,127,84,94,0,N
P102636,3,2024-02-09,92,Hip fracture,31.0,0.8,100,collected,missed,102,75,95,0,N
P102636,4,2024-02-16,92,Hip fracture,31.0,1.1,85,collected,attended,145,79,94,0,N
P102637,1,2024-03-17,81,Kidney disease,21.4,1.0,95,collected,missed,102,81,98,0,N
P102637,2,2024-03-24,81,Kidney disease,21.4,0.6,98,collected,attended,146,80,98,0,N
P102637,3,2024-03-31,81,Kidney disease,21.4,0.8,89,late,attended,139,84,98,0,N
P102637,4,2024-04-07,81,Kidney disease,21.4,0.1,81,collected,attended,133,76,96,0,N
P102638,1,2024-07-31,48,Heart failure,11.9,-0.0,100,collected,attended,146,81,97,0,N
P102638,2,2024-08-07,48,Heart failure,11.9,-0.5,83,late,attended,146,58,93,0,N
P102638,3,2024-08-14,48,Heart failure,11.9,-0.2,100,collected,scheduled,116,85,96,0,N
P102638,4,2024-08-21,48,Heart failure,11.9,0.5,95,collected,attended,129,90,97,0,N
P102639,1,2025-04-15,87,Other,18.2,-0.9,75,collected,missed,116,80,96,0,N
P102639,2,2025-04-22,87,Other,18.2,-1.0,86,collected,missed,127,84,95,0,N
P102639,3,2025-04-29,87,Other,18.2,-1.8,100,collected,attended,141,77,97,0,N
P102639,4,2025-05-06,87,Other,18.2,-2.7,92,collected,scheduled,136,86,97,0,N
P102640,1,2025-04-29,47,Other,15.4,-1.1,92,collected,attended,138,103,93,1,N
P102640,2,2025-05-06,47,Other,15.4,-1.5,80,collected,scheduled,125,69,98,1,N
P102640,3,2025-05-13,47,Other,15.4,-1.3,94,missed,scheduled,124,74,95,1,Y
P102640,4,2025-05-20,47,Other,15.4,-1.3,75,collected,attended,134,69,96,1,Y
P102641,1,2025-08-08,83,Pneumonia,19.8,0.6,70,collected,attended,142,80,95,1,N
P102641,2,2025-08-15,83,Pneumonia,19.8,-0.1,70,collected,missed,152,97,98,1,N
P102641,3,2025-08-22,83,Pneumonia,19.8,-1.1,71,late,missed,139,97,94,1,Y
P102641,4,2025-08-29,83,Pneumonia,19.8,-0.6,79,collected,missed,152,76,92,1,Y
P102642,1,2025-05-07,84,Heart failure,25.0,-1.7,71,collected,scheduled,120,85,96,0,N
P102642,2,2025-05-14,84,Heart failure,25.0,-2.3,85,collected,attended,126,67,98,0,N
P102642,3,2025-05-21,84,Heart failure,25.0,-1.0,100,collected,missed,128,89,93,0,N
P102642,4,2025-05-28,84,Heart failure,25.0,-0.6,91,collected,attended,98,83,96,0,N
P102643,1,2024-07-10,58,Diabetes,26.9,0.2,93,collected,attended,123,64,93,0,N
P102643,2,2024-07-17,58,Diabetes,26.9,-0.1,97,collected,missed,120,85,97,0,N
P102643,3,2024-07-24,58,Diabetes,26.9,-0.5,91,collected,attended,132,74,98,0,N
P102643,4,2024-07-31,58,Diabetes,26.9,-0.7,77,late,missed,126,71,98,0,N
P102644,1,2024-10-24,64,COPD,14.2,0.3,89,collected,attended,146,79,95,1,N
P102644,2,2024-10-31,64,COPD,14.2,0.7,90,collected,scheduled,127,79,97,1,N
P102644,3,2024-11-07,64,COPD,14.2,1.2,60,collected,attended,133,75,97,1,Y
P102644,4,2024-11-14,64,COPD,14.2,0.8,90,collected,scheduled,136,77,98,1,Y
P102645,1,2025-08-14,47,Sepsis,19.8,0.2,87,missed,attended,156,97,95,1,N
P102645,2,2025-08-21,47,Sepsis,19.8,-0.4,77,collected,attended,126,75,95,1,N
P102645,3,2025-08-28,47,Sepsis,19.8,-0.5,77,late,attended,147,78,93,1,Y
P102645,4,2025-09-04,47,Sepsis,19.8,-0.2,58,late,missed,173,87,96,1,Y
P102646,1,2024-11-05,65,Kidney disease,19.8,-0.2,81,collected,scheduled,133,68,98,1,N
P102646,2,2024-11-12,65,Kidney disease,19.8,-0.5,88,late,scheduled,130,99,95,1,N
P102646,3,2024-11-19,65,Kidney disease,19.8,-1.4,87,collected,attended,135,71,92,1,Y
P102646,4,2024-11-26,65,Kidney disease,19.8,-2.0,84,collected,attended,127,68,95,1,Y
P102647,1,2024-09-02,66,Stroke,21.4,0.1,100,collected,scheduled,151,69,98,0,N
P102647,2,2024-09-09,66,Stroke,21.4,-0.2,100,late,scheduled,138,77,98,0,N
P102647,3,2024-09-16,66,Stroke,21.4,0.9,83,collected,attended,131,88,97,0,N
P102647,4,2024-09-23,66,Stroke,21.4,2.3,84,late,scheduled,140,73,96,0,N
P102648,1,2025-04-01,61,Diabetes,13.0,-0.1,82,collected,attended,105,69,94,0,N
P102648,2,2025-04-08,61,Diabetes,13.0,-0.4,100,collected,attended,129,72,94,0,N
P102648,3,2025-04-15,61,Diabetes,13.0,-0.7,93,collected,attended,136,71,94,0,N
P102648,4,2025-04-22,61,Diabetes,13.0,-1.6,93,collected,attended,113,83,98,0,N
P102649,1,2024-01-25,68,Other,21.4,0.2,69,collected,attended,144,76,98,0,N
P102649,2,2024-02-01,68,Other,21.4,0.5,89,collected,attended,145,76,97,0,N
P102649,3,2024-02-08,68,Other,21.4,1.2,90,collected,attended,116,88,97,0,N
P102649,4,2024-02-15,68,Other,21.4,1.2,98,collected,scheduled,132,61,96,0,N
P102650,1,2025-05-20,80,Heart failure,25.0,0.5,87,missed,missed,148,77,94,1,N
P102650,2,2025-05-27,80,Heart failure,25.0,0.9,93,collected,scheduled,130,74,98,1,N
P102650,3,2025-06-03,80,Heart failure,25.0,1.3,83,collected,attended,117,80,96,1,Y
P102650,4,2025-06-10,80,Heart failure,25.0,0.7,72,collected,scheduled,136,84,95,1,Y
P102651,1,2024-03-13,48,Pneumonia,18.2,-0.3,88,collected,scheduled,117,71,97,0,N
P102651,2,2024-03-20,48,Pneumonia,18.2,-0.4,100,collected,attended,121,68,96,0,N
P102651,3,2024-03-27,48,Pneumonia,18.2,-0.9,93,missed,scheduled,132,80,97,0,N
P102651,4,2024-04-03,48,Pneumonia,18.2,-1.6,82,collected,scheduled,116,78,93,0,N
P102652,1,2024-02-16,74,Kidney disease,13.0,-0.3,62,late,attended,166,78,92,0,N
P102652,2,2024-02-23,74,Kidney disease,13.0,-0.1,94,collected,missed,157,97,96,0,N
P102652,3,2024-03-01,74,Kidney disease,13.0,-0.7,66,missed,scheduled,146,80,96,0,N
P102652,4,2024-03-08,74,Kidney disease,13.0,-0.4,77,collected,missed,108,77,93,0,N
P102653,1,2024-12-15,47,Hip fracture,14.2,-0.5,62,late,scheduled,128,78,94,0,N
P102653,2,2024-12-22,47,Hip fracture,14.2,-0.7,88,collected,scheduled,123,64,95,0,N
P102653,3,2024-12-29,47,Hip fracture,14.2,0.1,90,collected,attended,156,86,94,0,N
P102653,4,2025-01-05,47,Hip fracture,14.2,0.5,56,collected,attended,158,89,96,0,N
P102654,1,2024-08-29,76,Other,21.4,0.1,97,collected,attended,130,91,95,0,N
P102654,2,2024-09-05,76,Other,21.4,-0.6,86,late,attended,159,71,100,0,N
P102654,3,2024-09-12,76,Other,21.4,-1.1,96,late,attended,128,91,97,0,N
P102654,4,2024-09-19,76,Other,21.4,-1.0,81,missed,scheduled,182,60,95,0,N
P102655,1,2025-07-01,49,COPD,11.9,0.4,52,missed,scheduled,100,90,92,1,N
P102655,2,2025-07-08,49,COPD,11.9,0.9,75,collected,missed,134,78,98,1,N
P102655,3,2025-07-15,49,COPD,11.9,2.2,87,collected,attended,131,94,96,1,Y
P102655,4,2025-07-22,49,COPD,11.9,2.6,75,late,scheduled,127,78,93,1,Y
P102656,1,2024-01-22,50,Other,13.0,0.8,72,collected,missed,133,81,95,1,N
P102656,2,2024-01-29,50,Other,13.0,0.6,84,missed,missed,164,98,97,1,N
P102656,3,2024-02-05,50,Other,13.0,0.8,69,late,missed,117,91,96,1,Y
P102656,4,2024-02-12,50,Other,13.0,0.2,81,collected,attended,137,92,95,1,Y
P102657,1,2024-02-13,65,Diabetes,11.9,0.1,83,collected,scheduled,130,69,92,0,N
P102657,2,2024-02-20,65,Diabetes,11.9,0.1,76,collected,attended,174,82,93,0,N
P102657,3,2024-02-27,65,Diabetes,11.9,-0.7,83,missed,attended,142,76,97,0,N
P102657,4,2024-03-05,65,Diabetes,11.9,0.6,95,collected,attended,141,85,95,0,N
P102658,1,2024-08-09,87,COPD,26.9,-0.2,93,collected,attended,127,86,97,0,N
P102658,2,2024-08-16,87,COPD,26.9,-0.1,88,missed,scheduled,150,81,96,0,N
P102658,3,2024-08-23,87,COPD,26.9,0.3,81,collected,scheduled,141,68,98,0,N
P102658,4,2024-08-30,87,COPD,26.9,-0.4,100,collected,scheduled,166,72,96,0,N
P102659,1,2025-06-19,81,Diabetes,40.1,-1.1,84,collected,scheduled,134,64,95,0,N
P102659,2,2025-06-26,81,Diabetes,40.1,-1.9,88,collected,attended,158,98,99,0,N
P102659,3,2025-07-03,81,Diabetes,40.1,-1.2,68,collected,attended,157,98,98,0,N
P102659,4,2025-07-10,81,Diabetes,40.1,-1.6,86,late,attended,147,71,96,0,N
P102660,1,2025-03-02,72,Sepsis,16.8,0.6,78,late,scheduled,133,73,96,1,N
P102660,2,2025-03-09,72,Sepsis,16.8,0.9,91,late,attended,136,82,97,1,N
P102660,3,2025-03-16,72,Sepsis,16.8,1.1,86,collected,scheduled,117,78,98,1,Y
P102660,4,2025-03-23,72,Sepsis,16.8,1.5,95,missed,attended,147,92,96,1,Y
P102661,1,2025-04-22,77,Hip fracture,11.9,0.2,99,missed,attended,128,79,97,0,N
P102661,2,2025-04-29,77,Hip fracture,11.9,0.4,89,missed,scheduled,123,59,93,0,N
P102661,3,2025-05-06,77,Hip fracture,11.9,-0.2,77,missed,attended,144,79,94,0,N
P102661,4,2025-05-13,77,Hip fracture,11.9,-1.3,80,collected,attended,129,73,96,0,N
P102662,1,2024-01-19,57,Stroke,18.2,-0.6,76,collected,attended,154,78,96,0,N
P102662,2,2024-01-26,57,Stroke,18.2,-1.0,65,missed,attended,135,85,97,0,N
P102662,3,2024-02-02,57,Stroke,18.2,-1.7,60,collected,scheduled,159,95,93,0,N
P102662,4,2024-02-09,57,Stroke,18.2,-1.5,77,collected,scheduled,135,87,95,0,N
P102663,1,2024-04-01,74,Other,25.0,0.3,80,collected,missed,114,85,97,0,N
P102663,2,2024-04-08,74,Other,25.0,0.6,61,late,scheduled,149,61,98,0,N
P102663,3,2024-04-15,74,Other,25.0,-0.0,78,collected,attended,158,81,92,0,N
P102663,4,2024-04-22,74,Other,25.0,0.4,71,missed,scheduled,148,87,98,0,N
P102664,1,2024-09-17,63,Hip fracture,23.1,0.8,71,collected,scheduled,141,75,93,0,N
P102664,2,2024-09-24,63,Hip fracture,23.1,-0.5,56,missed,scheduled,151,60,95,0,N
P102664,3,2024-10-01,63,Hip fracture,23.1,-1.2,70,collected,attended,139,84,93,0,N
P102664,4,2024-10-08,63,Hip fracture,23.1,-0.5,75,collected,scheduled,154,101,95,0,N
P102665,1,2025-03-06,74,COPD,23.1,0.1,88,collected,attended,140,69,97,0,N
P102665,2,2025-03-13,74,COPD,23.1,0.9,76,collected,attended,133,73,97,0,N
P102665,3,2025-03-20,74,COPD,23.1,0.4,85,collected,scheduled,129,62,97,0,N
P102665,4,2025-03-27,74,COPD,23.1,0.5,75,collected,scheduled,146,97,96,0,N
P102666,1,2025-03-06,73,Hip fracture,16.8,0.2,93,late,attended,115,90,94,0,N
P102666,2,2025-03-13,73,Hip fracture,16.8,0.6,90,late,scheduled,124,65,99,0,N
P102666,3,2025-03-20,73,Hip fracture,16.8,2.3,88,collected,missed,134,76,96,0,N
P102666,4,2025-03-27,73,Hip fracture,16.8,2.2,92,collected,attended,110,94,96,0,N
P102667,1,2024-08-19,81,COPD,19.8,0.2,87,collected,attended,117,81,100,0,N
P102667,2,2024-08-26,81,COPD,19.8,-0.9,84,collected,attended,127,86,96,0,N
P102667,3,2024-09-02,81,COPD,19.8,-0.2,97,collected,attended,142,93,99,0,N
P102667,4,2024-09-09,81,COPD,19.8,1.4,86,late,missed,140,70,96,0,N
P102668,1,2025-03-31,64,Other,16.8,0.7,79,collected,attended,131,65,91,0,N
P102668,2,2025-04-07,64,Other,16.8,0.7,68,collected,attended,125,73,96,0,N
P102668,3,2025-04-14,64,Other,16.8,0.9,90,late,scheduled,134,87,99,0,N
P102668,4,2025-04-21,64,Other,16.8,1.2,95,collected,attended,121,83,97,0,N
P102669,1,2024-08-05,72,Heart failure,35.4,-0.7,75,collected,attended,147,78,99,1,N
P102669,2,2024-08-12,72,Heart failure,35.4,-1.1,76,late,attended,143,87,99,1,N
P102669,3,2024-08-19,72,Heart failure,35.4,-1.0,94,collected,missed,129,67,97,1,Y
P102669,4,2024-08-26,72,Heart failure,35.4,-0.9,78,collected,attended,127,83,93,1,Y
P102670,1,2025-01-01,72,Kidney disease,21.4,-0.3,100,collected,scheduled,144,70,96,0,N
P102670,2,2025-01-08,72,Kidney disease,21.4,-0.8,92,collected,scheduled,175,80,94,0,N
P102670,3,2025-01-15,72,Kidney disease,21.4,-1.3,100,collected,scheduled,119,75,97,0,N
P102670,4,2025-01-22,72,Kidney disease,21.4,-2.0,100,collected,scheduled,133,72,95,0,N
P102671,1,2024-09-08,100,Other,18.2,0.1,87,collected,attended,131,87,94,1,N
P102671,2,2024-09-15,100,Other,18.2,-0.1,96,collected,attended,136,76,93,1,N
P102671,3,2024-09-22,100,Other,18.2,-0.6,82,late,attended,126,78,95,1,Y
P102671,4,2024-09-29,100,Other,18.2,-0.5,79,collected,attended,126,80,93,1,Y
P102672,1,2024-12-07,70,Kidney disease,13.0,2.0,75,collected,scheduled,118,93,95,0,N
P102672,2,2024-12-14,70,Kidney disease,13.0,1.8,89,collected,scheduled,132,82,95,0,N
P102672,3,2024-12-21,70,Kidney disease,13.0,1.9,84,late,scheduled,142,67,95,0,N
P102672,4,2024-12-28,70,Kidney disease,13.0,2.8,82,collected,scheduled,101,85,98,0,N
P102673,1,2025-02-16,62,Other,13.0,0.2,95,collected,attended,125,90,96,0,N
P102673,2,2025-02-23,62,Other,13.0,1.7,100,late,attended,126,63,96,0,N
P102673,3,2025-03-02,62,Other,13.0,2.5,100,late,missed,149,75,96,0,N
P102673,4,2025-03-09,62,Other,13.0,2.8,90,collected,attended,170,76,99,0,N
P102674,1,2024-01-09,51,Diabetes,23.1,0.2,77,late,scheduled,125,81,97,0,N
P102674,2,2024-01-16,51,Diabetes,23.1,0.0,89,collected,attended,139,66,96,0,N
P102674,3,2024-01-23,51,Diabetes,23.1,0.2,100,collected,attended,144,58,97,0,N
P102674,4,2024-01-30,51,Diabetes,23.1,-0.4,71,collected,attended,148,86,99,0,N
P102675,1,2024-01-23,66,Pneumonia,21.4,1.0,83,late,missed,131,99,98,0,N
P102675,2,2024-01-30,66,Pneumonia,21.4,0.5,97,collected,scheduled,135,72,95,0,N
P102675,3,2024-02-06,66,Pneumonia,21.4,2.0,76,late,scheduled,121,102,94,0,N
P102675,4,2024-02-13,66,Pneumonia,21.4,1.3,82,collected,attended,152,82,95,0,N
P102676,1,2025-03-26,77,Other,26.9,-0.5,81,collected,missed,140,80,94,0,N
P102676,2,2025-04-02,77,Other,26.9,-1.5,82,collected,scheduled,119,84,97,0,N
P102676,3,2025-04-09,77,Other,26.9,-2.1,86,collected,scheduled,137,74,98,0,N
P102676,4,2025-04-16,77,Other,26.9,-1.7,74,late,missed,133,88,93,0,N
P102677,1,2025-08-05,82,Other,26.9,-0.3,71,collected,attended,129,85,95,0,N
P102677,2,2025-08-12,82,Other,26.9,-0.1,94,collected,attended,128,73,98,0,N
P102677,3,2025-08-19,82,Other,26.9,0.4,89,collected,attended,122,79,97,0,N
P102677,4,2025-08-26,82,Other,26.9,0.7,90,collected,attended,128,74,97,0,N
P102678,1,2024-08-22,78,Other,28.9,-0.4,92,collected,scheduled,120,81,95,0,N
P102678,2,2024-08-29,78,Other,28.9,-0.3,85,collected,scheduled,104,97,93,0,N
P102678,3,2024-09-05,78,Other,28.9,-0.7,97,collected,attended,121,60,97,0,N
P102678,4,2024-09-12,78,Other,28.9,-0.3,89,collected,scheduled,153,62,98,0,N
P102679,1,2024-07-10,77,COPD,16.8,-0.1,86,collected,attended,125,64,100,0,N
P102679,2,2024-07-17,77,COPD,16.8,-0.3,79,collected,attended,108,61,96,0,N
P102679,3,2024-07-24,77,COPD,16.8,0.5,79,collected,attended,134,60,97,0,N
P102679,4,2024-07-31,77,COPD,16.8,0.7,85,collected,missed,120,63,98,0,N
P102680,1,2025-06-23,53,Kidney disease,15.4,0.6,91,late,scheduled,167,97,94,1,N
P102680,2,2025-06-30,53,Kidney disease,15.4,-0.5,70,collected,attended,100,66,97,1,N
P102680,3,2025-07-07,53,Kidney disease,15.4,1.2,85,collected,missed,129,77,95,1,Y
P102680,4,2025-07-14,53,Kidney disease,15.4,1.7,64,collected,attended,118,88,95,1,Y
P102681,1,2024-10-28,72,Other,21.4,0.6,93,collected,scheduled,120,86,97,0,N
P102681,2,2024-11-04,72,Other,21.4,1.8,71,collected,attended,142,62,97,0,N
P102681,3,2024-11-11,72,Other,21.4,2.6,90,collected,attended,142,77,96,0,N
P102681,4,2024-11-18,72,Other,21.4,3.4,100,collected,attended,129,76,95,0,N
P102682,1,2025-04-18,64,Pneumonia,13.0,-0.7,90,collected,attended,124,66,98,0,N
P102682,2,2025-04-25,64,Pneumonia,13.0,0.2,80,collected,attended,124,86,98,0,N
P102682,3,2025-05-02,64,Pneumonia,13.0,0.2,89,collected,scheduled,126,61,93,0,N
P102682,4,2025-05-09,64,Pneumonia,13.0,-0.8,88,collected,attended,152,83,95,0,N
P102683,1,2024-12-10,81,Kidney disease,15.4,-0.5,70,missed,attended,140,65,94,0,N
P102683,2,2024-12-17,81,Kidney disease,15.4,0.9,79,collected,scheduled,136,76,97,0,N
P102683,3,2024-12-24,81,Kidney disease,15.4,0.4,50,collected,scheduled,149,78,95,0,N
P102683,4,2024-12-31,81,Kidney disease,15.4,0.8,73,collected,scheduled,142,84,96,0,N
P102684,1,2024-10-29,78,COPD,23.1,-0.3,70,collected,scheduled,111,90,97,0,N
P102684,2,2024-11-05,78,COPD,23.1,-0.6,77,collected,attended,118,66,95,0,N
P102684,3,2024-11-12,78,COPD,23.1,-1.1,90,missed,missed,105,68,95,0,N
P102684,4,2024-11-19,78,COPD,23.1,-1.4,83,collected,scheduled,140,75,97,0,N
P102685,1,2025-07-15,62,Other,16.8,-0.5,98,collected,scheduled,141,65,97,0,N
P102685,2,2025-07-22,62,Other,16.8,-0.1,100,collected,attended,154,59,96,0,N
P102685,3,2025-07-29,62,Other,16.8,-0.7,71,collected,scheduled,129,66,97,0,N
P102685,4,2025-08-05,62,Other,16.8,-0.0,97,collected,scheduled,143,90,94,0,N
P102686,1,2024-10-14,68,Heart failure,13.0,-0.3,80,late,attended,142,87,99,1,N
P102686,2,2024-10-21,68,Heart failure,13.0,-0.0,72,late,scheduled,148,98,96,1,N
P102686,3,2024-10-28,68,Heart failure,13.0,0.5,59,collected,missed,119,80,97,1,Y
P102686,4,2024-11-04,68,Heart failure,13.0,0.5,57,collected,attended,136,91,97,1,Y
P102687,1,2024-02-15,100,Other,35.4,0.1,99,late,attended,111,77,96,1,N
P102687,2,2024-02-22,100,Other,35.4,-0.2,83,collected,missed,149,101,95,1,N
P102687,3,2024-02-29,100,Other,35.4,0.3,100,collected,scheduled,114,80,95,1,Y
P102687,4,2024-03-07,100,Other,35.4,0.6,100,collected,missed,126,71,96,1,Y
P102688,1,2024-01-10,61,Stroke,18.2,1.7,84,collected,scheduled,123,83,98,0,N
P102688,2,2024-01-17,61,Stroke,18.2,1.1,76,late,attended,113,70,96,0,N
P102688,3,2024-01-24,61,Stroke,18.2,0.4,95,collected,attended,125,61,97,0,N
P102688,4,2024-01-31,61,Stroke,18.2,0.3,94,collected,attended,126,100,96,0,N
P102689,1,2024-09-21,55,Sepsis,25.0,0.2,61,collected,attended,128,89,95,0,N
P102689,2,2024-09-28,55,Sepsis,25.0,1.1,70,collected,missed,161,95,96,0,N
P102689,3,2024-10-05,55,Sepsis,25.0,1.2,91,collected,scheduled,137,71,93,0,N
P102689,4,2024-10-12,55,Sepsis,25.0,0.3,84,collected,attended,163,85,99,0,N
P102690,1,2025-08-23,58,Sepsis,18.2,0.0,89,missed,scheduled,153,81,97,0,N
P102690,2,2025-08-30,58,Sepsis,18.2,1.2,78,collected,attended,111,75,97,0,N
P102690,3,2025-09-06,58,Sepsis,18.2,0.6,81,late,attended,120,91,95,0,N
P102690,4,2025-09-13,58,Sepsis,18.2,0.7,87,collected,attended,138,73,99,0,N
P102691,1,2024-09-26,82,Heart failure,25.0,-0.7,85,collected,attended,145,69,97,0,N
P102691,2,2024-10-03,82,Heart failure,25.0,-0.4,100,late,attended,128,91,96,0,N
P102691,3,2024-10-10,82,Heart failure,25.0,-0.2,86,late,attended,127,81,95,0,N
P102691,4,2024-10-17,82,Heart failure,25.0,-0.3,96,collected,attended,127,60,96,0,N
P102692,1,2024-08-22,67,Stroke,23.1,-0.0,82,collected,scheduled,155,86,95,0,N
P102692,2,2024-08-29,67,Stroke,23.1,-0.4,93,collected,scheduled,135,83,96,0,N
P102692,3,2024-09-05,67,Stroke,23.1,-0.0,80,late,missed,154,71,94,0,N
P102692,4,2024-09-12,67,Stroke,23.1,-0.1,84,collected,scheduled,135,87,96,0,N
P102693,1,2024-01-25,69,Other,19.8,-0.5,86,collected,attended,106,77,98,0,N
P102693,2,2024-02-01,69,Other,19.8,0.1,100,collected,scheduled,138,70,97,0,N
P102693,3,2024-02-08,69,Other,19.8,0.1,84,collected,attended,132,79,98,0,N
P102693,4,2024-02-15,69,Other,19.8,-1.5,93,collected,attended,147,74,97,0,N
P102694,1,2024-02-19,62,Diabetes,23.1,0.2,96,collected,attended,148,82,95,0,N
P102694,2,2024-02-26,62,Diabetes,23.1,1.3,98,collected,scheduled,139,93,97,0,N
P102694,3,2024-03-04,62,Diabetes,23.1,1.1,90,collected,scheduled,105,95,94,0,N
P102694,4,2024-03-11,62,Diabetes,23.1,0.5,100,collected,attended,160,53,98,0,N
P102695,1,2025-02-16,82,COPD,15.4,-0.3,62,missed,missed,140,104,97,0,N
P102695,2,2025-02-23,82,COPD,15.4,0.4,91,missed,attended,169,76,98,0,N
P102695,3,2025-03-02,82,COPD,15.4,0.6,80,late,scheduled,152,75,92,0,N
P102695,4,2025-03-09,82,COPD,15.4,1.9,81,collected,attended,132,72,96,0,N
P102696,1,2024-11-28,68,Other,16.8,-0.6,100,collected,attended,123,87,94,1,N
P102696,2,2024-12-05,68,Other,16.8,0.6,79,collected,attended,121,81,98,1,N
P102696,3,2024-12-12,68,Other,16.8,0.7,86,collected,scheduled,135,64,98,1,Y
P102696,4,2024-12-19,68,Other,16.8,1.5,77,collected,missed,130,51,98,1,Y
P102697,1,2024-07-08,56,Kidney disease,16.8,-1.0,97,missed,attended,143,75,96,0,N
P102697,2,2024-07-15,56,Kidney disease,16.8,-1.1,94,collected,scheduled,138,99,97,0,N
P102697,3,2024-07-22,56,Kidney disease,16.8,-0.3,77,collected,attended,132,81,97,0,N
P102697,4,2024-07-29,56,Kidney disease,16.8,-0.5,97,collected,scheduled,130,76,94,0,N
P102698,1,2024-05-18,67,Other,13.0,0.4,100,collected,scheduled,123,74,97,0,N
P102698,2,2024-05-25,67,Other,13.0,0.3,82,late,scheduled,152,97,92,0,N
P102698,3,2024-06-01,67,Other,13.0,-0.3,79,late,attended,143,82,95,0,N
P102698,4,2024-06-08,67,Other,13.0,-1.3,75,collected,attended,120,74,96,0,N
P102699,1,2024-11-19,92,Kidney disease,25.0,-0.5,72,late,attended,133,77,92,0,N
P102699,2,2024-11-26,92,Kidney disease,25.0,-0.8,72,missed,scheduled,129,63,97,0,N
P102699,3,2024-12-03,92,Kidney disease,25.0,-0.5,68,collected,attended,132,56,95,0,N
P102699,4,2024-12-10,92,Kidney disease,25.0,0.2,81,missed,scheduled,143,96,96,0,N
P102700,1,2025-08-17,65,Heart failure,16.8,-0.2,83,collected,scheduled,143,86,96,0,N
P102700,2,2025-08-24,65,Heart failure,16.8,-0.1,79,collected,scheduled,142,68,96,0,N
P102700,3,2025-08-31,65,Heart failure,16.8,-0.5,100,late,attended,135,71,94,0,N
P102700,4,2025-09-07,65,Heart failure,16.8,0.1,88,collected,attended,119,77,93,0,N
P102701,1,2025-01-08,64,Pneumonia,15.4,-0.3,73,collected,missed,134,91,96,1,N
P102701,2,2025-01-15,64,Pneumonia,15.4,0.2,79,late,attended,134,77,91,1,N
P102701,3,2025-01-22,64,Pneumonia,15.4,1.1,90,missed,missed,157,82,99,1,Y
P102701,4,2025-01-29,64,Pneumonia,15.4,1.1,71,late,missed,128,83,96,1,Y
P102702,1,2024-06-18,63,Heart failure,18.2,0.8,73,late,attended,119,97,96,1,N
P102702,2,2024-06-25,63,Heart failure,18.2,1.3,56,late,attended,143,82,95,1,N
P102702,3,2024-07-02,63,Heart failure,18.2,2.0,77,collected,scheduled,141,75,94,1,Y
P102702,4,2024-07-09,63,Heart failure,18.2,2.4,77,collected,missed,150,73,98,1,Y
P102703,1,2025-08-11,44,COPD,21.4,1.0,76,missed,attended,148,75,95,1,N
P102703,2,2025-08-18,44,COPD,21.4,1.1,71,collected,attended,134,101,94,1,N
P102703,3,2025-08-25,44,COPD,21.4,2.8,86,collected,attended,127,83,94,1,Y
P102703,4,2025-09-01,44,COPD,21.4,3.5,46,missed,attended,135,94,95,1,Y
P102704,1,2024-12-17,97,Other,25.0,-0.6,60,missed,scheduled,137,94,95,0,N
P102704,2,2024-12-24,97,Other,25.0,0.2,62,late,attended,135,88,94,0,N
P102704,3,2024-12-31,97,Other,25.0,0.2,67,missed,scheduled,128,85,93,0,N
P102704,4,2025-01-07,97,Other,25.0,0.2,73,missed,attended,145,80,97,0,N
P102705,1,2024-06-11,35,Stroke,19.8,-0.7,98,late,attended,125,60,97,0,N
P102705,2,2024-06-18,35,Stroke,19.8,-1.1,69,missed,attended,128,79,95,0,N
P102705,3,2024-06-25,35,Stroke,19.8,-0.7,89,collected,attended,114,79,97,0,N
P102705,4,2024-07-02,35,Stroke,19.8,-0.8,90,collected,missed,143,90,92,0,N
P102706,1,2025-04-14,78,Sepsis,15.4,-1.9,92,collected,scheduled,169,72,96,0,N
P102706,2,2025-04-21,78,Sepsis,15.4,-2.2,100,collected,attended,133,78,99,0,N
P102706,3,2025-04-28,78,Sepsis,15.4,-2.1,94,collected,scheduled,122,97,97,0,N
P102706,4,2025-05-05,78,Sepsis,15.4,-0.9,92,collected,attended,125,90,96,0,N
P102707,1,2025-05-16,91,Diabetes,14.2,-0.2,80,late,missed,134,97,97,0,N
P102707,2,2025-05-23,91,Diabetes,14.2,-0.1,78,missed,missed,148,76,97,0,N
P102707,3,2025-05-30,91,Diabetes,14.2,1.3,81,missed,attended,148,71,96,0,N
P102707,4,2025-06-06,91,Diabetes,14.2,1.2,78,collected,scheduled,129,82,96,0,N
P102708,1,2025-02-09,70,Other,15.4,0.7,92,collected,scheduled,117,65,93,0,N
P102708,2,2025-02-16,70,Other,15.4,0.2,83,collected,attended,105,83,95,0,N
P102708,3,2025-02-23,70,Other,15.4,0.2,98,collected,attended,138,114,98,0,N
P102708,4,2025-03-02,70,Other,15.4,-0.3,96,collected,scheduled,141,71,95,0,N
P102709,1,2024-01-16,76,Pneumonia,16.8,-0.1,72,collected,attended,131,98,97,1,N
P102709,2,2024-01-23,76,Pneumonia,16.8,0.8,92,collected,attended,143,77,97,1,N
P102709,3,2024-01-30,76,Pneumonia,16.8,0.7,100,collected,scheduled,155,79,98,1,Y
P102709,4,2024-02-06,76,Pneumonia,16.8,0.5,74,collected,scheduled,120,73,95,1,Y
P102710,1,2025-07-19,38,Diabetes,13.0,1.0,74,collected,attended,150,81,95,0,N
P102710,2,2025-07-26,38,Diabetes,13.0,1.0,78,collected,attended,124,70,97,0,N
P102710,3,2025-08-02,38,Diabetes,13.0,1.0,74,collected,scheduled,121,66,95,0,N
P102710,4,2025-08-09,38,Diabetes,13.0,0.4,99,late,attended,131,86,93,0,N
P102711,1,2024-05-29,60,Diabetes,19.8,0.1,86,collected,scheduled,130,80,96,0,N
P102711,2,2024-06-05,60,Diabetes,19.8,0.9,82,collected,attended,124,83,96,0,N
P102711,3,2024-06-12,60,Diabetes,19.8,0.6,69,collected,scheduled,149,73,98,0,N
P102711,4,2024-06-19,60,Diabetes,19.8,1.4,84,collected,attended,135,67,97,0,N
P102712,1,2025-02-25,53,Other,15.4,0.2,84,collected,missed,111,87,98,0,N
P102712,2,2025-03-04,53,Other,15.4,0.9,100,collected,attended,139,84,94,0,N
P102712,3,2025-03-11,53,Other,15.4,0.5,100,collected,scheduled,129,69,97,0,N
P102712,4,2025-03-18,53,Other,15.4,1.4,82,missed,attended,145,86,96,0,N
P102713,1,2025-04-15,68,Diabetes,14.2,-0.6,85,collected,scheduled,158,94,92,0,N
P102713,2,2025-04-22,68,Diabetes,14.2,-1.5,91,missed,attended,118,84,94,0,N
P102713,3,2025-04-29,68,Diabetes,14.2,-3.1,99,collected,attended,125,97,96,0,N
P102713,4,2025-05-06,68,Diabetes,14.2,-3.3,81,missed,attended,160,80,97,0,N
P102714,1,2024-08-27,71,Other,14.2,-0.2,100,collected,scheduled,156,77,96,0,N
P102714,2,2024-09-03,71,Other,14.2,0.5,83,collected,attended,157,68,98,0,N
P102714,3,2024-09-10,71,Other,14.2,-0.1,98,collected,attended,115,61,93,0,N
P102714,4,2024-09-17,71,Other,14.2,-0.1,95,collected,missed,158,84,96,0,N
P102715,1,2024-12-04,78,Heart failure,28.9,0.8,69,collected,missed,139,70,94,1,N
P102715,2,2024-12-11,78,Heart failure,28.9,0.9,85,collected,scheduled,144,80,92,1,N
P102715,3,2024-12-18,78,Heart failure,28.9,1.7,63,missed,missed,114,97,94,1,Y
P102715,4,2024-12-25,78,Heart failure,28.9,1.3,80,collected,missed,146,96,96,1,Y
P102716,1,2025-04-10,53,Stroke,21.4,-0.3,51,late,missed,154,97,94,0,N
P102716,2,2025-04-17,53,Stroke,21.4,-0.2,85,late,scheduled,137,81,97,0,N
P102716,3,2025-04-24,53,Stroke,21.4,0.2,77,collected,attended,147,80,96,0,N
P102716,4,2025-05-01,53,Stroke,21.4,-0.1,94,collected,missed,152,67,95,0,N
P102717,1,2024-09-12,83,Heart failure,40.1,-0.2,88,missed,attended,133,68,97,0,N
P102717,2,2024-09-19,83,Heart failure,40.1,0.2,80,collected,scheduled,122,85,96,0,N
P102717,3,2024-09-26,83,Heart failure,40.1,0.3,93,collected,scheduled,138,78,96,0,N
P102717,4,2024-10-03,83,Heart failure,40.1,-0.7,85,collected,attended,105,85,100,0,N
P102718,1,2024-02-08,60,Hip fracture,40.1,-0.4,75,collected,attended,129,90,94,0,N
P102718,2,2024-02-15,60,Hip fracture,40.1,-0.9,85,missed,scheduled,159,81,98,0,N
P102718,3,2024-02-22,60,Hip fracture,40.1,-2.1,89,collected,scheduled,92,62,96,0,N
P102718,4,2024-02-29,60,Hip fracture,40.1,-2.0,82,collected,attended,108,61,93,0,N
P102719,1,2024-08-16,86,COPD,19.8,-0.6,100,collected,scheduled,145,70,97,0,N
P102719,2,2024-08-23,86,COPD,19.8,-0.2,87,collected,attended,128,56,96,0,N
P102719,3,2024-08-30,86,COPD,19.8,0.2,86,collected,attended,132,65,96,0,N
P102719,4,2024-09-06,86,COPD,19.8,0.8,89,collected,scheduled,120,78,96,0,N
P102720,1,2025-04-11,63,Diabetes,19.8,-0.6,75,collected,scheduled,140,94,96,0,N
P102720,2,2025-04-18,63,Diabetes,19.8,-0.5,85,collected,scheduled,139,83,97,0,N
P102720,3,2025-04-25,63,Diabetes,19.8,-1.2,84,late,missed,133,76,92,0,N
P102720,4,2025-05-02,63,Diabetes,19.8,-1.1,84,collected,attended,146,70,93,0,N
P102721,1,2024-01-25,71,Heart failure,14.2,0.7,96,collected,scheduled,143,71,97,0,N
P102721,2,2024-02-01,71,Heart failure,14.2,1.0,74,collected,scheduled,144,79,98,0,N
P102721,3,2024-02-08,71,Heart failure,14.2,2.1,70,missed,missed,120,96,95,0,N
P102721,4,2024-02-15,71,Heart failure,14.2,2.4,87,collected,attended,101,91,94,0,N
P102722,1,2025-03-21,71,Diabetes,19.8,0.1,92,late,attended,134,78,97,1,N
P102722,2,2025-03-28,71,Diabetes,19.8,2.0,86,collected,attended,126,59,96,1,N
P102722,3,2025-04-04,71,Diabetes,19.8,1.4,93,collected,attended,153,64,98,1,Y
P102722,4,2025-04-11,71,Diabetes,19.8,1.3,92,collected,attended,139,84,100,1,Y
P102723,1,2024-08-21,56,Pneumonia,15.4,-0.5,94,collected,attended,137,81,97,0,N
P102723,2,2024-08-28,56,Pneumonia,15.4,-0.3,100,collected,attended,135,91,97,0,N
P102723,3,2024-09-04,56,Pneumonia,15.4,-0.8,88,collected,attended,143,84,97,0,N
P102723,4,2024-09-11,56,Pneumonia,15.4,-0.4,89,collected,attended,134,71,96,0,N
P102724,1,2024-01-28,55,Other,18.2,0.3,83,collected,attended,135,94,97,0,N
P102724,2,2024-02-04,55,Other,18.2,-0.4,83,late,missed,148,69,95,0,N
P102724,3,2024-02-11,55,Other,18.2,-0.3,100,collected,scheduled,117,74,94,0,N
P102724,4,2024-02-18,55,Other,18.2,-1.5,95,late,attended,124,88,98,0,N
P102725,1,2024-03-21,69,COPD,14.2,1.1,100,collected,attended,136,94,95,0,N
P102725,2,2024-03-28,69,COPD,14.2,2.1,92,collected,attended,132,69,99,0,N
P102725,3,2024-04-04,69,COPD,14.2,2.6,97,collected,attended,136,72,97,0,N
P102725,4,2024-04-11,69,COPD,14.2,1.8,88,collected,attended,126,80,95,0,N
P102726,1,2025-01-27,90,Kidney disease,28.9,0.2,100,collected,attended,175,74,99,0,N
P102726,2,2025-02-03,90,Kidney disease,28.9,-0.2,97,collected,missed,111,86,98,0,N
P102726,3,2025-02-10,90,Kidney disease,28.9,-0.2,67,collected,attended,125,81,94,0,N
P102726,4,2025-02-17,90,Kidney disease,28.9,0.1,84,collected,missed,131,82,95,0,N
P102727,1,2024-11-23,69,Hip fracture,26.9,-0.9,76,collected,missed,94,75,99,0,N
P102727,2,2024-11-30,69,Hip fracture,26.9,-0.4,99,collected,attended,137,70,95,0,N
P102727,3,2024-12-07,69,Hip fracture,26.9,-1.2,96,collected,scheduled,117,91,97,0,N
P102727,4,2024-12-14,69,Hip fracture,26.9,-0.5,79,late,attended,141,69,96,0,N
P102728,1,2024-12-27,98,COPD,23.1,0.1,77,missed,scheduled,122,76,98,0,N
P102728,2,2025-01-03,98,COPD,23.1,-0.2,100,collected,attended,127,67,95,0,N
P102728,3,2025-01-10,98,COPD,23.1,-1.2,96,collected,attended,124,86,94,0,N
P102728,4,2025-01-17,98,COPD,23.1,-0.4,94,collected,missed,142,61,95,0,N
P102729,1,2024-11-01,66,Pneumonia,26.9,0.1,94,collected,attended,149,74,95,0,N
P102729,2,2024-11-08,66,Pneumonia,26.9,1.4,76,late,missed,121,89,95,0,N
P102729,3,2024-11-15,66,Pneumonia,26.9,1.5,95,collected,scheduled,162,90,94,0,N
P102729,4,2024-11-22,66,Pneumonia,26.9,1.2,100,collected,attended,134,73,93,0,N
P102730,1,2025-03-29,69,Pneumonia,15.4,0.3,86,late,scheduled,163,75,97,0,N
P102730,2,2025-04-05,69,Pneumonia,15.4,0.9,83,missed,attended,140,84,96,0,N
P102730,3,2025-04-12,69,Pneumonia,15.4,0.4,80,collected,attended,140,89,97,0,N
P102730,4,2025-04-19,69,Pneumonia,15.4,1.1,88,collected,attended,149,73,95,0,N
P102731,1,2024-02-16,52,Kidney disease,15.4,1.0,100,missed,attended,138,87,96,0,N
P102731,2,2024-02-23,52,Kidney disease,15.4,1.4,100,collected,attended,125,72,99,0,N
P102731,3,2024-03-01,52,Kidney disease,15.4,1.7,100,collected,scheduled,132,64,98,0,N
P102731,4,2024-03-08,52,Kidney disease,15.4,1.2,93,collected,scheduled,126,74,96,0,N
P102732,1,2025-01-14,48,Stroke,14.2,0.9,78,collected,attended,110,62,98,1,N
P102732,2,2025-01-21,48,Stroke,14.2,1.4,100,missed,missed,162,87,97,1,N
P102732,3,2025-01-28,48,Stroke,14.2,1.8,54,late,attended,160,85,96,1,Y
P102732,4,2025-02-04,48,Stroke,14.2,0.4,84,collected,attended,136,77,96,1,Y
P102733,1,2025-04-29,67,Pneumonia,14.2,0.4,73,collected,scheduled,158,86,95,0,N
P102733,2,2025-05-06,67,Pneumonia,14.2,0.3,84,collected,attended,112,81,98,0,N
P102733,3,2025-05-13,67,Pneumonia,14.2,-0.6,92,collected,attended,141,85,100,0,N
P102733,4,2025-05-20,67,Pneumonia,14.2,-0.8,100,collected,scheduled,102,92,94,0,N
P102734,1,2024-08-05,61,Hip fracture,13.0,-0.5,95,late,missed,131,96,99,1,N
P102734,2,2024-08-12,61,Hip fracture,13.0,-0.4,65,collected,missed,142,95,95,1,N
P102734,3,2024-08-19,61,Hip fracture,13.0,1.1,82,missed,missed,158,69,95,1,Y
P102734,4,2024-08-26,61,Hip fracture,13.0,0.4,69,late,missed,134,75,95,1,Y
P102735,1,2024-04-14,53,Hip fracture,11.9,-0.4,57,collected,missed,155,73,97,0,N
P102735,2,2024-04-21,53,Hip fracture,11.9,-0.3,60,collected,attended,128,88,98,0,N
P102735,3,2024-04-28,53,Hip fracture,11.9,-0.3,67,late,missed,145,106,93,0,N
P102735,4,2024-05-05,53,Hip fracture,11.9,-0.4,54,collected,scheduled,128,75,97,0,N
P102736,1,2025-06-13,85,Other,25.0,-1.0,85,collected,attended,131,96,98,0,N
P102736,2,2025-06-20,85,Other,25.0,-1.4,90,collected,attended,149,92,98,0,N
P102736,3,2025-06-27,85,Other,25.0,-1.8,93,late,attended,122,83,97,0,N
P102736,4,2025-07-04,85,Other,25.0,-1.1,100,collected,attended,143,69,94,0,N
P102737,1,2024-11-06,83,Heart failure,35.4,0.5,99,collected,missed,151,66,96,0,N
P102737,2,2024-11-13,83,Heart failure,35.4,1.0,82,collected,attended,110,99,98,0,N
P102737,3,2024-11-20,83,Heart failure,35.4,1.7,92,collected,attended,140,95,97,0,N
P102737,4,2024-11-27,83,Heart failure,35.4,0.3,95,collected,missed,122,89,97,0,N
P102738,1,2025-01-22,93,Other,19.8,0.2,55,collected,missed,126,82,97,0,N
P102738,2,2025-01-29,93,Other,19.8,0.2,98,collected,attended,171,105,93,0,N
P102738,3,2025-02-05,93,Other,19.8,1.5,93,collected,missed,122,100,97,0,N
P102738,4,2025-02-12,93,Other,19.8,-0.0,98,collected,missed,143,70,93,0,N
P102739,1,2024-02-03,65,Other,42.6,-0.5,100,collected,attended,135,82,92,0,N
P102739,2,2024-02-10,65,Other,42.6,-0.3,86,collected,attended,147,81,96,0,N
P102739,3,2024-02-17,65,Other,42.6,1.2,81,collected,attended,121,75,94,0,N
P102739,4,2024-02-24,65,Other,42.6,1.6,96,collected,attended,157,64,95,0,N
P102740,1,2024-09-25,64,Heart failure,15.4,0.0,94,missed,attended,146,88,95,0,N
P102740,2,2024-10-02,64,Heart failure,15.4,-0.6,81,collected,attended,136,75,97,0,N
P102740,3,2024-10-09,64,Heart failure,15.4,-0.2,100,collected,scheduled,146,65,95,0,N
P102740,4,2024-10-16,64,Heart failure,15.4,-0.6,95,collected,attended,130,66,98,0,N
P102741,1,2025-01-04,48,Heart failure,18.2,-0.3,81,missed,attended,141,88,99,0,N
P102741,2,2025-01-11,48,Heart failure,18.2,-1.0,84,collected,scheduled,134,69,96,0,N
P102741,3,2025-01-18,48,Heart failure,18.2,-0.0,76,collected,attended,138,69,96,0,N
P102741,4,2025-01-25,48,Heart failure,18.2,0.2,74,collected,scheduled,148,82,98,0,N
P102742,1,2024-04-15,86,Kidney disease,19.8,0.1,96,collected,scheduled,128,71,95,0,N
P102742,2,2024-04-22,86,Kidney disease,19.8,-0.2,76,late,attended,128,74,94,0,N
P102742,3,2024-04-29,86,Kidney disease,19.8,-1.4,82,late,scheduled,126,76,95,0,N
P102742,4,2024-05-06,86,Kidney disease,19.8,-1.4,100,collected,attended,123,78,95,0,N
P102743,1,2024-01-13,50,Sepsis,19.8,-0.2,84,collected,scheduled,97,52,97,0,N
P102743,2,2024-01-20,50,Sepsis,19.8,-0.1,100,late,attended,121,82,100,0,N
P102743,3,2024-01-27,50,Sepsis,19.8,-0.8,100,collected,attended,131,106,97,0,N
P102743,4,2024-02-03,50,Sepsis,19.8,-1.3,87,collected,attended,135,102,94,0,N
P102744,1,2025-01-07,62,Other,14.2,-0.2,99,collected,attended,134,75,94,0,N
P102744,2,2025-01-14,62,Other,14.2,-0.4,95,collected,attended,131,76,95,0,N
P102744,3,2025-01-21,62,Other,14.2,-0.6,90,collected,scheduled,121,58,98,0,N
P102744,4,2025-01-28,62,Other,14.2,-0.1,83,collected,scheduled,124,60,96,0,N
P102745,1,2024-06-30,66,Pneumonia,18.2,-0.9,100,collected,attended,130,62,96,0,N
P102745,2,2024-07-07,66,Pneumonia,18.2,-1.4,95,collected,attended,146,81,96,0,N
P102745,3,2024-07-14,66,Pneumonia,18.2,-1.8,86,late,attended,117,82,94,0,N
P102745,4,2024-07-21,66,Pneumonia,18.2,-1.2,88,collected,scheduled,150,89,96,0,N
P102746,1,2024-04-01,46,Kidney disease,15.4,0.8,93,late,scheduled,129,88,97,0,N
P102746,2,2024-04-08,46,Kidney disease,15.4,1.0,86,collected,scheduled,135,101,96,0,N
P102746,3,2024-04-15,46,Kidney disease,15.4,1.2,100,collected,attended,144,70,97,0,N
P102746,4,2024-04-22,46,Kidney disease,15.4,0.5,72,collected,scheduled,147,76,98,0,N
P102747,1,2025-07-23,69,Other,15.4,0.3,100,missed,missed,133,70,97,0,N
P102747,2,2025-07-30,69,Other,15.4,0.5,92,collected,attended,127,73,94,0,N
P102747,3,2025-08-06,69,Other,15.4,1.0,80,missed,attended,124,69,95,0,N
P102747,4,2025-08-13,69,Other,15.4,0.7,83,collected,attended,131,86,95,0,N
P102748,1,2024-02-01,89,Sepsis,40.1,0.3,84,collected,attended,141,93,100,0,N
P102748,2,2024-02-08,89,Sepsis,40.1,-0.1,87,late,attended,125,86,94,0,N
P102748,3,2024-02-15,89,Sepsis,40.1,0.5,91,late,attended,141,85,94,0,N
P102748,4,2024-02-22,89,Sepsis,40.1,-0.5,90,collected,scheduled,116,95,97,0,N
P102749,1,2024-12-03,44,Hip fracture,18.2,0.5,82,collected,attended,122,83,100,0,N
P102749,2,2024-12-10,44,Hip fracture,18.2,-0.5,70,late,attended,135,76,98,0,N
P102749,3,2024-12-17,44,Hip fracture,18.2,-0.8,95,collected,attended,102,73,95,0,N
P102749,4,2024-12-24,44,Hip fracture,18.2,0.1,100,late,attended,142,95,97,0,N
P102750,1,2024-10-13,62,Sepsis,21.4,0.4,81,collected,missed,144,83,95,1,N
P102750,2,2024-10-20,62,Sepsis,21.4,0.7,68,collected,attended,124,82,97,1,N
P102750,3,2024-10-27,62,Sepsis,21.4,0.1,96,collected,attended,134,76,96,1,Y
P102750,4,2024-11-03,62,Sepsis,21.4,0.2,97,collected,attended,117,83,95,1,Y
P102751,1,2024-02-19,65,Heart failure,13.0,1.3,81,collected,scheduled,128,95,96,1,N
P102751,2,2024-02-26,65,Heart failure,13.0,0.1,84,collected,attended,147,81,99,1,N
P102751,3,2024-03-04,65,Heart failure,13.0,-0.3,88,collected,scheduled,147,74,95,1,Y
P102751,4,2024-03-11,65,Heart failure,13.0,1.1,85,late,missed,158,79,98,1,Y
P102752,1,2025-08-19,89,Hip fracture,16.8,0.2,75,collected,scheduled,148,84,93,0,N
P102752,2,2025-08-26,89,Hip fracture,16.8,0.3,77,late,attended,94,85,96,0,N
P102752,3,2025-09-02,89,Hip fracture,16.8,0.7,93,collected,scheduled,139,61,97,0,N
P102752,4,2025-09-09,89,Hip fracture,16.8,1.4,98,collected,attended,138,70,96,0,N
P102753,1,2025-02-09,73,Diabetes,15.4,-0.2,78,collected,attended,120,93,94,0,N
P102753,2,2025-02-16,73,Diabetes,15.4,0.5,89,collected,attended,144,78,95,0,N
P102753,3,2025-02-23,73,Diabetes,15.4,0.4,62,collected,attended,134,78,98,0,N
P102753,4,2025-03-02,73,Diabetes,15.4,-0.6,85,collected,scheduled,113,72,98,0,N
P102754,1,2025-06-25,66,Diabetes,16.8,-0.2,77,collected,attended,155,59,97,0,N
P102754,2,2025-07-02,66,Diabetes,16.8,-0.2,100,collected,attended,140,69,97,0,N
P102754,3,2025-07-09,66,Diabetes,16.8,-1.7,91,missed,missed,118,65,96,0,N
P102754,4,2025-07-16,66,Diabetes,16.8,-1.2,99,collected,attended,127,81,98,0,N
P102755,1,2025-01-01,72,Stroke,23.1,0.4,94,late,attended,132,67,95,0,N
P102755,2,2025-01-08,72,Stroke,23.1,0.3,84,late,attended,134,109,96,0,N
P102755,3,2025-01-15,72,Stroke,23.1,0.3,82,collected,scheduled,145,78,97,0,N
P102755,4,2025-01-22,72,Stroke,23.1,0.4,87,missed,attended,134,88,98,0,N
P102756,1,2024-09-12,60,Heart failure,14.2,0.5,88,collected,scheduled,113,88,98,0,N
P102756,2,2024-09-19,60,Heart failure,14.2,1.8,74,collected,attended,150,108,94,0,N
P102756,3,2024-09-26,60,Heart failure,14.2,2.1,88,late,scheduled,123,81,99,0,N
P102756,4,2024-10-03,60,Heart failure,14.2,2.6,92,missed,scheduled,158,77,97,0,N
P102757,1,2024-11-04,54,Stroke,15.4,-0.6,84,late,attended,140,90,94,1,N
P102757,2,2024-11-11,54,Stroke,15.4,-1.5,79,collected,attended,147,76,95,1,N
P102757,3,2024-11-18,54,Stroke,15.4,-1.0,63,collected,missed,153,99,94,1,Y
P102757,4,2024-11-25,54,Stroke,15.4,-0.9,77,late,missed,140,75,95,1,Y
P102758,1,2024-03-19,67,Stroke,28.9,0.6,87,collected,attended,129,46,95,0,N
P102758,2,2024-03-26,67,Stroke,28.9,0.4,98,collected,attended,115,87,99,0,N
P102758,3,2024-04-02,67,Stroke,28.9,0.1,92,collected,scheduled,139,85,99,0,N
P102758,4,2024-04-09,67,Stroke,28.9,1.1,73,late,scheduled,159,62,98,0,N
P102759,1,2024-04-03,63,Diabetes,15.4,-0.3,99,late,attended,146,86,96,0,N
P102759,2,2024-04-10,63,Diabetes,15.4,0.6,100,collected,scheduled,154,72,98,0,N
P102759,3,2024-04-17,63,Diabetes,15.4,2.1,89,collected,attended,109,98,97,0,N
P102759,4,2024-04-24,63,Diabetes,15.4,1.6,100,collected,missed,151,64,98,0,N
P102760,1,2025-01-17,78,Other,28.9,-0.8,76,collected,attended,117,84,95,0,N
P102760,2,2025-01-24,78,Other,28.9,-0.8,94,collected,attended,131,76,96,0,N
P102760,3,2025-01-31,78,Other,28.9,-1.0,85,collected,attended,120,60,95,0,N
P102760,4,2025-02-07,78,Other,28.9,-1.1,85,collected,attended,155,56,98,0,N
P102761,1,2024-07-27,51,Other,25.0,0.7,72,missed,scheduled,151,71,96,1,N
P102761,2,2024-08-03,51,Other,25.0,1.1,77,collected,attended,134,60,95,1,N
P102761,3,2024-08-10,51,Other,25.0,1.5,82,missed,scheduled,118,65,94,1,Y
P102761,4,2024-08-17,51,Other,25.0,0.7,63,late,scheduled,143,61,94,1,Y
P102762,1,2024-09-05,58,Other,23.1,-0.4,80,collected,attended,175,105,99,0,N
P102762,2,2024-09-12,58,Other,23.1,0.6,86,missed,attended,146,98,97,0,N
P102762,3,2024-09-19,58,Other,23.1,-0.3,80,collected,attended,122,90,93,0,N
P102762,4,2024-09-26,58,Other,23.1,-0.0,87,collected,scheduled,143,72,98,0,N
P102763,1,2024-12-22,48,Pneumonia,13.0,-0.3,98,collected,missed,132,106,92,0,N
P102763,2,2024-12-29,48,Pneumonia,13.0,0.1,83,collected,attended,157,107,99,0,N
P102763,3,2025-01-05,48,Pneumonia,13.0,-0.9,88,missed,scheduled,129,81,95,0,N
P102763,4,2025-01-12,48,Pneumonia,13.0,-0.4,100,missed,attended,143,72,96,0,N
P102764,1,2024-12-08,98,Heart failure,23.1,-0.3,91,collected,attended,134,75,95,0,N
P102764,2,2024-12-15,98,Heart failure,23.1,-0.3,88,collected,attended,136,50,96,0,N
P102764,3,2024-12-22,98,Heart failure,23.1,0.2,97,collected,attended,132,78,94,0,N
P102764,4,2024-12-29,98,Heart failure,23.1,0.9,97,collected,attended,140,87,95,0,N
P102765,1,2024-03-15,52,Other,16.8,-0.1,90,collected,attended,154,85,99,0,N
P102765,2,2024-03-22,52,Other,16.8,0.3,89,collected,attended,113,72,94,0,N
P102765,3,2024-03-29,52,Other,16.8,0.4,72,collected,attended,123,70,96,0,N
P102765,4,2024-04-05,52,Other,16.8,0.9,78,collected,scheduled,123,77,96,0,N
P102766,1,2025-07-04,60,Stroke,25.0,0.5,83,collected,attended,109,75,96,0,N
P102766,2,2025-07-11,60,Stroke,25.0,-0.1,82,collected,scheduled,137,89,97,0,N
P102766,3,2025-07-18,60,Stroke,25.0,1.0,94,collected,scheduled,135,71,96,0,N
P102766,4,2025-07-25,60,Stroke,25.0,0.9,93,collected,attended,147,75,99,0,N
P102767,1,2024-01-14,56,Pneumonia,13.0,0.2,92,collected,missed,122,78,97,0,N
P102767,2,2024-01-21,56,Pneumonia,13.0,-0.5,99,collected,missed,160,88,95,0,N
P102767,3,2024-01-28,56,Pneumonia,13.0,1.0,86,collected,scheduled,113,80,99,0,N
P102767,4,2024-02-04,56,Pneumonia,13.0,1.4,88,collected,scheduled,142,66,95,0,N
P102768,1,2024-09-01,51,Stroke,18.2,-0.1,91,late,attended,130,84,99,0,N
P102768,2,2024-09-08,51,Stroke,18.2,-0.3,67,collected,scheduled,151,78,92,0,N
P102768,3,2024-09-15,51,Stroke,18.2,-0.9,76,collected,missed,141,93,96,0,N
P102768,4,2024-09-22,51,Stroke,18.2,-0.4,76,collected,scheduled,142,109,95,0,N
P102769,1,2025-02-07,55,Other,21.4,0.3,100,collected,missed,145,78,96,0,N
P102769,2,2025-02-14,55,Other,21.4,0.3,57,missed,attended,137,82,95,0,N
P102769,3,2025-02-21,55,Other,21.4,0.3,84,collected,attended,138,55,94,0,N
P102769,4,2025-02-28,55,Other,21.4,0.2,80,collected,attended,136,64,96,0,N
P102770,1,2025-07-23,77,Stroke,16.8,-0.6,79,collected,attended,135,72,96,0,N
P102770,2,2025-07-30,77,Stroke,16.8,-1.0,90,collected,missed,139,88,98,0,N
P102770,3,2025-08-06,77,Stroke,16.8,-0.9,66,missed,attended,133,75,96,0,N
P102770,4,2025-08-13,77,Stroke,16.8,-0.7,85,missed,missed,126,77,97,0,N
P102771,1,2025-03-31,57,Stroke,11.9,-0.4,95,collected,scheduled,117,79,95,0,N
P102771,2,2025-04-07,57,Stroke,11.9,-1.0,90,collected,missed,135,60,96,0,N
P102771,3,2025-04-14,57,Stroke,11.9,0.1,100,missed,attended,133,88,96,0,N
P102771,4,2025-04-21,57,Stroke,11.9,-0.9,83,collected,missed,120,92,97,0,N
P102772,1,2024-04-26,65,COPD,15.4,0.2,80,collected,scheduled,124,90,94,1,N
P102772,2,2024-05-03,65,COPD,15.4,1.2,64,collected,attended,141,94,97,1,N
P102772,3,2024-05-10,65,COPD,15.4,0.8,71,missed,attended,129,83,97,1,Y
P102772,4,2024-05-17,65,COPD,15.4,0.2,64,collected,scheduled,157,66,94,1,Y
P102773,1,2024-06-12,60,COPD,14.2,-0.0,100,collected,scheduled,122,80,97,0,N
P102773,2,2024-06-19,60,COPD,14.2,-1.7,90,collected,attended,116,73,96,0,N
P102773,3,2024-06-26,60,COPD,14.2,-2.4,100,collected,scheduled,125,84,98,0,N
P102773,4,2024-07-03,60,COPD,14.2,-2.2,61,collected,scheduled,128,70,94,0,N
P102774,1,2024-11-04,55,Kidney disease,23.1,-0.1,67,late,attended,144,86,93,0,N
P102774,2,2024-11-11,55,Kidney disease,23.1,-0.4,78,missed,scheduled,113,92,93,0,N
P102774,3,2024-11-18,55,Kidney disease,23.1,-0.4,58,missed,missed,155,83,94,0,N
P102774,4,2024-11-25,55,Kidney disease,23.1,-0.3,76,late,missed,155,94,94,0,N
P102775,1,2024-01-18,83,Pneumonia,13.0,0.0,74,missed,scheduled,136,85,99,0,N
P102775,2,2024-01-25,83,Pneumonia,13.0,0.1,92,late,attended,126,81,100,0,N
P102775,3,2024-02-01,83,Pneumonia,13.0,0.6,86,collected,attended,141,61,97,0,N
P102775,4,2024-02-08,83,Pneumonia,13.0,0.4,94,collected,attended,145,75,97,0,N
P102776,1,2025-08-05,74,Diabetes,21.4,0.4,80,missed,missed,172,90,98,0,N
P102776,2,2025-08-12,74,Diabetes,21.4,0.5,73,late,missed,143,75,93,0,N
P102776,3,2025-08-19,74,Diabetes,21.4,1.1,68,collected,missed,132,82,95,0,N
P102776,4,2025-08-26,74,Diabetes,21.4,1.0,73,collected,scheduled,169,96,93,0,N
P102777,1,2025-05-17,46,Heart failure,13.0,0.2,82,collected,scheduled,151,75,94,0,N
P102777,2,2025-05-24,46,Heart failure,13.0,0.0,93,collected,attended,126,91,96,0,N
P102777,3,2025-05-31,46,Heart failure,13.0,-0.7,97,collected,scheduled,144,84,99,0,N
P102777,4,2025-06-07,46,Heart failure,13.0,-1.9,86,late,attended,127,85,100,0,N
P102778,1,2024-04-09,88,Diabetes,23.1,-0.1,91,collected,attended,127,90,98,0,N
P102778,2,2024-04-16,88,Diabetes,23.1,-0.3,87,late,scheduled,132,92,96,0,N
P102778,3,2024-04-23,88,Diabetes,23.1,-0.4,93,collected,scheduled,150,84,98,0,N
P102778,4,2024-04-30,88,Diabetes,23.1,0.3,95,collected,attended,120,80,100,0,N
P102779,1,2024-04-12,58,Hip fracture,13.0,0.5,89,collected,attended,123,76,94,0,N
P102779,2,2024-04-19,58,Hip fracture,13.0,0.6,96,collected,attended,111,82,94,0,N
P102779,3,2024-04-26,58,Hip fracture,13.0,1.0,76,late,attended,137,78,95,0,N
P102779,4,2024-05-03,58,Hip fracture,13.0,0.6,100,collected,attended,118,74,96,0,N
P102780,1,2024-11-22,51,COPD,21.4,0.2,90,collected,scheduled,138,83,95,0,N
P102780,2,2024-11-29,51,COPD,21.4,0.2,86,collected,attended,133,88,98,0,N
P102780,3,2024-12-06,51,COPD,21.4,0.4,87,collected,scheduled,118,80,98,0,N
P102780,4,2024-12-13,51,COPD,21.4,0.3,97,collected,attended,144,70,96,0,N
P102781,1,2025-03-19,86,Sepsis,28.9,-0.5,100,late,attended,147,86,89,0,N
P102781,2,2025-03-26,86,Sepsis,28.9,-0.8,99,late,attended,131,94,95,0,N
P102781,3,2025-04-02,86,Sepsis,28.9,-1.7,84,late,scheduled,116,67,95,0,N
P102781,4,2025-04-09,86,Sepsis,28.9,-1.5,84,collected,attended,159,69,99,0,N
P102782,1,2024-05-26,92,Heart failure,23.1,0.1,92,collected,attended,121,81,97,0,N
P102782,2,2024-06-02,92,Heart failure,23.1,0.2,84,collected,attended,139,84,95,0,N
P102782,3,2024-06-09,92,Heart failure,23.1,-0.1,87,collected,scheduled,146,86,94,0,N
P102782,4,2024-06-16,92,Heart failure,23.1,-0.3,92,collected,attended,153,90,96,0,N
P102783,1,2025-07-02,58,Other,14.2,-0.6,87,collected,attended,139,68,96,0,N
P102783,2,2025-07-09,58,Other,14.2,-0.1,92,collected,attended,132,61,97,0,N
P102783,3,2025-07-16,58,Other,14.2,0.0,88,collected,attended,136,84,92,0,N
P102783,4,2025-07-23,58,Other,14.2,0.3,94,collected,attended,111,69,92,0,N
P102784,1,2024-10-11,82,Sepsis,31.0,0.5,82,collected,attended,107,79,97,0,N
P102784,2,2024-10-18,82,Sepsis,31.0,-0.2,95,collected,attended,136,62,96,0,N
P102784,3,2024-10-25,82,Sepsis,31.0,-0.4,100,collected,scheduled,132,98,93,0,N
P102784,4,2024-11-01,82,Sepsis,31.0,-0.6,81,collected,scheduled,162,92,95,0,N
P102785,1,2024-07-27,54,Other,19.8,-0.6,86,collected,attended,137,70,97,0,N
P102785,2,2024-08-03,54,Other,19.8,-0.4,77,late,attended,127,56,93,0,N
P102785,3,2024-08-10,54,Other,19.8,-0.7,93,collected,scheduled,125,78,96,0,N
P102785,4,2024-08-17,54,Other,19.8,-1.0,98,collected,scheduled,124,78,97,0,N
P102786,1,2024-09-06,63,Stroke,18.2,-0.4,80,late,attended,136,84,100,1,N
P102786,2,2024-09-13,63,Stroke,18.2,0.2,87,collected,scheduled,130,77,97,1,N
P102786,3,2024-09-20,63,Stroke,18.2,0.5,90,collected,attended,140,108,94,1,Y
P102786,4,2024-09-27,63,Stroke,18.2,0.2,79,collected,missed,148,73,99,1,Y
P102787,1,2024-06-03,70,Other,15.4,-0.4,71,missed,attended,136,67,95,0,N
P102787,2,2024-06-10,70,Other,15.4,-0.2,83,late,attended,115,96,98,0,N
P102787,3,2024-06-17,70,Other,15.4,-0.1,100,collected,attended,123,77,96,0,N
P102787,4,2024-06-24,70,Other,15.4,0.2,75,late,attended,121,94,97,0,N
P102788,1,2024-12-21,48,Other,13.0,-0.6,100,late,attended,137,115,99,0,N
P102788,2,2024-12-28,48,Other,13.0,-0.3,90,late,attended,142,75,96,0,N
P102788,3,2025-01-04,48,Other,13.0,1.0,84,missed,attended,160,74,95,0,N
P102788,4,2025-01-11,48,Other,13.0,1.3,90,collected,scheduled,131,78,98,0,N
P102789,1,2025-05-09,80,Other,18.2,-0.6,77,collected,missed,129,75,95,0,N
P102789,2,2025-05-16,80,Other,18.2,-0.1,81,collected,attended,119,77,97,0,N
P102789,3,2025-05-23,80,Other,18.2,-0.7,90,collected,attended,132,94,96,0,N
P102789,4,2025-05-30,80,Other,18.2,-1.0,82,collected,scheduled,125,69,95,0,N
P102790,1,2024-07-10,45,Heart failure,13.0,0.6,97,late,attended,119,80,99,0,N
P102790,2,2024-07-17,45,Heart failure,13.0,-0.4,94,collected,attended,134,96,97,0,N
P102790,3,2024-07-24,45,Heart failure,13.0,-0.5,92,collected,missed,164,75,98,0,N
P102790,4,2024-07-31,45,Heart failure,13.0,0.2,77,collected,attended,135,90,96,0,N
P102791,1,2024-08-04,80,COPD,14.2,0.6,84,collected,attended,117,82,98,1,N
P102791,2,2024-08-11,80,COPD,14.2,1.0,100,collected,attended,125,50,96,1,N
P102791,3,2024-08-18,80,COPD,14.2,1.3,86,collected,attended,142,95,98,1,Y
P102791,4,2024-08-25,80,COPD,14.2,0.9,80,collected,scheduled,137,68,97,1,Y
P102792,1,2024-10-28,85,Other,19.8,0.5,91,collected,scheduled,116,85,97,0,N
P102792,2,2024-11-04,85,Other,19.8,0.2,87,collected,missed,124,59,94,0,N
P102792,3,2024-11-11,85,Other,19.8,1.1,78,collected,attended,135,87,95,0,N
P102792,4,2024-11-18,85,Other,19.8,0.6,88,collected,attended,144,88,96,0,N
P102793,1,2024-09-24,99,Other,23.1,-0.8,91,collected,attended,133,77,100,0,N
P102793,2,2024-10-01,99,Other,23.1,-1.5,91,collected,attended,180,86,92,0,N
P102793,3,2024-10-08,99,Other,23.1,-1.3,70,collected,attended,132,94,97,0,N
P102793,4,2024-10-15,99,Other,23.1,-0.8,95,late,scheduled,119,79,94,0,N
P102794,1,2025-02-15,75,Heart failure,21.4,0.7,90,collected,attended,141,87,95,0,N
P102794,2,2025-02-22,75,Heart failure,21.4,-0.5,93,collected,scheduled,116,71,98,0,N
P102794,3,2025-03-01,75,Heart failure,21.4,-0.1,85,late,attended,123,93,93,0,N
P102794,4,2025-03-08,75,Heart failure,21.4,0.3,71,collected,attended,142,90,95,0,N
P102795,1,2024-12-15,46,COPD,15.4,-0.7,99,collected,attended,123,80,94,0,N
P102795,2,2024-12-22,46,COPD,15.4,-1.3,92,collected,missed,141,79,99,0,N
P102795,3,2024-12-29,46,COPD,15.4,-1.7,77,collected,missed,159,90,96,0,N
P102795,4,2025-01-05,46,COPD,15.4,-1.5,91,collected,attended,125,83,96,0,N
P102796,1,2025-01-25,76,Other,37.8,-1.5,90,collected,attended,120,86,97,0,N
P102796,2,2025-02-01,76,Other,37.8,-0.6,88,late,attended,120,92,96,0,N
P102796,3,2025-02-08,76,Other,37.8,-0.3,87,late,attended,104,73,96,0,N
P102796,4,2025-02-15,76,Other,37.8,-1.1,84,collected,attended,130,78,98,0,N
P102797,1,2024-04-05,77,COPD,23.1,0.6,68,collected,attended,135,81,97,1,N
P102797,2,2024-04-12,77,COPD,23.1,0.4,64,collected,attended,125,83,97,1,N
P102797,3,2024-04-19,77,COPD,23.1,0.7,83,collected,attended,117,78,96,1,Y
P102797,4,2024-04-26,77,COPD,23.1,0.9,80,collected,attended,119,77,96,1,Y
P102798,1,2025-05-14,58,Hip fracture,18.2,-0.4,85,missed,scheduled,146,78,96,0,N
P102798,2,2025-05-21,58,Hip fracture,18.2,-0.0,76,collected,missed,133,96,94,0,N
P102798,3,2025-05-28,58,Hip fracture,18.2,0.1,88,collected,scheduled,126,69,95,0,N
P102798,4,2025-06-04,58,Hip fracture,18.2,0.2,87,collected,attended,141,95,94,0,N
P102799,1,2024-04-04,85,Diabetes,25.0,-0.2,100,collected,scheduled,145,84,98,1,N
P102799,2,2024-04-11,85,Diabetes,25.0,-0.2,100,late,scheduled,116,77,94,1,N
P102799,3,2024-04-18,85,Diabetes,25.0,-0.1,85,collected,attended,119,76,96,1,Y
P102799,4,2024-04-25,85,Diabetes,25.0,-0.1,84,collected,attended,129,73,98,1,Y
P102800,1,2024-03-29,57,Pneumonia,15.4,0.0,80,late,scheduled,130,65,96,0,N
P102800,2,2024-04-05,57,Pneumonia,15.4,-1.2,100,collected,scheduled,105,76,96,0,N
P102800,3,2024-04-12,57,Pneumonia,15.4,-0.7,88,collected,attended,131,78,95,0,N
P102800,4,2024-04-19,57,Pneumonia,15.4,0.4,100,collected,scheduled,131,69,93,0,N
P102801,1,2025-07-03,63,Heart failure,18.2,-0.1,65,missed,scheduled,144,84,98,0,N
P102801,2,2025-07-10,63,Heart failure,18.2,0.3,86,collected,missed,150,74,93,0,N
P102801,3,2025-07-17,63,Heart failure,18.2,0.9,72,collected,attended,124,84,98,0,N
P102801,4,2025-07-24,63,Heart failure,18.2,1.4,61,collected,missed,141,92,92,0,N
P102802,1,2025-01-02,86,Stroke,35.4,0.4,96,collected,attended,131,79,97,0,N
P102802,2,2025-01-09,86,Stroke,35.4,-0.0,86,collected,scheduled,128,74,96,0,N
P102802,3,2025-01-16,86,Stroke,35.4,-0.5,82,collected,attended,140,76,96,0,N
P102802,4,2025-01-23,86,Stroke,35.4,0.5,79,missed,scheduled,129,63,95,0,N
P102803,1,2024-10-02,73,Kidney disease,21.4,-0.3,97,collected,attended,135,91,91,0,N
P102803,2,2024-10-09,73,Kidney disease,21.4,-0.2,92,collected,attended,134,80,95,0,N
P102803,3,2024-10-16,73,Kidney disease,21.4,0.7,77,collected,scheduled,151,74,99,0,N
P102803,4,2024-10-23,73,Kidney disease,21.4,0.7,90,missed,attended,135,76,100,0,N
P102804,1,2024-12-02,63,COPD,14.2,0.3,82,late,missed,110,90,95,0,N
P102804,2,2024-12-09,63,COPD,14.2,-0.2,99,missed,missed,147,89,96,0,N
P102804,3,2024-12-16,63,COPD,14.2,1.0,90,collected,attended,150,58,91,0,N
P102804,4,2024-12-23,63,COPD,14.2,1.7,81,missed,attended,142,92,93,0,N
P102805,1,2024-08-03,76,Sepsis,42.6,0.3,86,collected,scheduled,113,80,97,0,N
P102805,2,2024-08-10,76,Sepsis,42.6,0.0,91,collected,attended,112,91,98,0,N
P102805,3,2024-08-17,76,Sepsis,42.6,-1.6,85,collected,missed,138,80,98,0,N
P102805,4,2024-08-24,76,Sepsis,42.6,-2.8,72,collected,attended,113,78,96,0,N
P102806,1,2025-06-16,79,Other,18.2,-0.4,81,missed,attended,137,96,92,0,N
P102806,2,2025-06-23,79,Other,18.2,-0.7,84,collected,attended,131,104,94,0,N
P102806,3,2025-06-30,79,Other,18.2,-0.3,88,collected,attended,159,94,92,0,N
P102806,4,2025-07-07,79,Other,18.2,0.1,72,collected,scheduled,158,92,94,0,N
P102807,1,2024-05-09,80,Heart failure,31.0,0.0,93,late,missed,141,67,94,1,N
P102807,2,2024-05-16,80,Heart failure,31.0,1.0,69,late,scheduled,148,80,94,1,N
P102807,3,2024-05-23,80,Heart failure,31.0,2.1,66,collected,attended,137,89,94,1,Y
P102807,4,2024-05-30,80,Heart failure,31.0,2.6,71,collected,scheduled,144,69,95,1,Y
P102808,1,2024-01-25,64,Diabetes,16.8,0.5,81,collected,attended,151,83,95,0,N
P102808,2,2024-02-01,64,Diabetes,16.8,0.7,78,late,attended,166,70,96,0,N
P102808,3,2024-02-08,64,Diabetes,16.8,1.0,92,missed,attended,138,88,97,0,N
P102808,4,2024-02-15,64,Diabetes,16.8,0.7,78,collected,scheduled,135,82,94,0,N
P102809,1,2025-07-10,70,Diabetes,16.8,-0.1,88,collected,scheduled,142,99,96,0,N
P102809,2,2025-07-17,70,Diabetes,16.8,0.8,75,collected,scheduled,125,93,100,0,N
P102809,3,2025-07-24,70,Diabetes,16.8,0.6,90,collected,missed,132,83,94,0,N
P102809,4,2025-07-31,70,Diabetes,16.8,0.8,97,collected,attended,132,83,99,0,N
P102810,1,2025-05-04,54,Diabetes,14.2,-0.1,98,collected,scheduled,124,89,94,0,N
P102810,2,2025-05-11,54,Diabetes,14.2,0.4,74,missed,attended,147,74,93,0,N
P102810,3,2025-05-18,54,Diabetes,14.2,-0.5,78,collected,attended,140,76,97,0,N
P102810,4,2025-05-25,54,Diabetes,14.2,0.5,95,collected,attended,131,58,99,0,N
P102811,1,2024-10-12,53,COPD,11.9,-0.3,97,collected,missed,129,73,97,0,N
P102811,2,2024-10-19,53,COPD,11.9,-0.9,73,collected,attended,127,60,97,0,N
P102811,3,2024-10-26,53,COPD,11.9,-0.4,96,late,attended,152,75,96,0,N
P102811,4,2024-11-02,53,COPD,11.9,0.3,100,collected,scheduled,135,69,97,0,N
P102812,1,2024-05-26,77,COPD,16.8,0.3,99,missed,attended,123,88,96,0,N
P102812,2,2024-06-02,77,COPD,16.8,0.4,100,collected,attended,134,70,99,0,N
P102812,3,2024-06-09,77,COPD,16.8,-0.4,100,collected,scheduled,124,76,98,0,N
P102812,4,2024-06-16,77,COPD,16.8,-0.7,83,collected,attended,130,89,95,0,N
P102813,1,2025-02-18,64,Heart failure,28.9,0.6,82,collected,missed,145,93,96,1,N
P102813,2,2025-02-25,64,Heart failure,28.9,0.1,93,late,missed,146,72,97,1,N
P102813,3,2025-03-04,64,Heart failure,28.9,-0.2,100,collected,attended,94,88,95,1,Y
P102813,4,2025-03-11,64,Heart failure,28.9,-0.7,90,collected,attended,139,91,95,1,Y
P102814,1,2024-07-11,67,Kidney disease,25.0,-0.7,70,missed,attended,127,66,98,0,N
P102814,2,2024-07-18,67,Kidney disease,25.0,0.3,88,late,scheduled,144,67,93,0,N
P102814,3,2024-07-25,67,Kidney disease,25.0,1.6,100,collected,attended,125,81,96,0,N
P102814,4,2024-08-01,67,Kidney disease,25.0,2.5,89,collected,attended,141,60,98,0,N
P102815,1,2024-02-08,83,Other,21.4,0.4,97,missed,attended,169,84,97,0,N
P102815,2,2024-02-15,83,Other,21.4,-0.3,90,collected,scheduled,127,73,96,0,N
P102815,3,2024-02-22,83,Other,21.4,-0.8,89,late,attended,144,83,95,0,N
P102815,4,2024-02-29,83,Other,21.4,-0.4,100,late,attended,151,74,96,0,N
P102816,1,2024-08-07,52,Pneumonia,13.0,-0.6,82,collected,attended,122,90,93,0,N
P102816,2,2024-08-14,52,Pneumonia,13.0,-0.9,78,collected,scheduled,159,89,95,0,N
P102816,3,2024-08-21,52,Pneumonia,13.0,-1.8,91,collected,attended,133,71,94,0,N
P102816,4,2024-08-28,52,Pneumonia,13.0,-1.5,100,collected,scheduled,136,81,98,0,N
P102817,1,2024-08-24,47,Diabetes,28.9,0.7,85,late,attended,124,90,96,0,N
P102817,2,2024-08-31,47,Diabetes,28.9,0.8,86,collected,scheduled,123,90,97,0,N
P102817,3,2024-09-07,47,Diabetes,28.9,1.1,85,collected,attended,142,59,95,0,N
P102817,4,2024-09-14,47,Diabetes,28.9,1.7,78,collected,attended,142,84,95,0,N
P102818,1,2025-05-28,55,Sepsis,11.9,0.1,83,collected,scheduled,152,99,97,1,N
P102818,2,2025-06-04,55,Sepsis,11.9,0.7,72,missed,missed,155,70,99,1,N
P102818,3,2025-06-11,55,Sepsis,11.9,0.7,82,collected,missed,142,69,96,1,Y
P102818,4,2025-06-18,55,Sepsis,11.9,0.8,96,collected,scheduled,142,74,98,1,Y
P102819,1,2025-08-10,74,Stroke,28.9,0.5,90,missed,missed,131,94,91,0,N
P102819,2,2025-08-17,74,Stroke,28.9,-0.3,58,collected,scheduled,131,77,99,0,N
P102819,3,2025-08-24,74,Stroke,28.9,-0.8,64,late,scheduled,125,78,97,0,N
P102819,4,2025-08-31,74,Stroke,28.9,-0.7,60,collected,attended,129,104,95,0,N
P102820,1,2025-01-15,80,Sepsis,19.8,0.0,66,collected,attended,132,85,94,0,N
P102820,2,2025-01-22,80,Sepsis,19.8,0.3,69,collected,scheduled,143,87,92,0,N
P102820,3,2025-01-29,80,Sepsis,19.8,1.6,84,missed,scheduled,155,74,94,0,N
P102820,4,2025-02-05,80,Sepsis,19.8,1.1,77,late,attended,117,76,95,0,N
P102821,1,2024-12-01,70,Other,18.2,-0.6,73,late,scheduled,135,105,93,1,N
P102821,2,2024-12-08,70,Other,18.2,-0.5,100,collected,scheduled,111,83,94,1,N
P102821,3,2024-12-15,70,Other,18.2,-0.3,82,collected,missed,138,92,97,1,Y
P102821,4,2024-12-22,70,Other,18.2,0.0,63,collected,attended,146,89,99,1,Y
P102822,1,2025-01-07,67,Kidney disease,16.8,-0.1,80,collected,attended,148,49,96,0,N
P102822,2,2025-01-14,67,Kidney disease,16.8,0.1,98,collected,attended,124,80,94,0,N
P102822,3,2025-01-21,67,Kidney disease,16.8,-0.6,74,collected,attended,152,75,95,0,N
P102822,4,2025-01-28,67,Kidney disease,16.8,-0.5,96,collected,attended,128,73,95,0,N
P102823,1,2025-05-12,71,Diabetes,21.4,0.4,82,collected,missed,123,82,96,1,N
P102823,2,2025-05-19,71,Diabetes,21.4,1.1,82,collected,scheduled,132,88,98,1,N
P102823,3,2025-05-26,71,Diabetes,21.4,2.3,86,collected,attended,151,70,96,1,Y
P102823,4,2025-06-02,71,Diabetes,21.4,3.1,64,collected,attended,120,88,96,1,Y
P102824,1,2025-06-22,59,Hip fracture,26.9,-0.3,86,collected,scheduled,139,67,97,0,N
P102824,2,2025-06-29,59,Hip fracture,26.9,0.3,97,collected,attended,122,99,96,0,N
P102824,3,2025-07-06,59,Hip fracture,26.9,1.6,91,collected,scheduled,125,73,95,0,N
P102824,4,2025-07-13,59,Hip fracture,26.9,2.1,90,collected,attended,138,94,96,0,N
P102825,1,2024-05-08,64,Pneumonia,14.2,-0.4,97,late,scheduled,124,90,94,1,N
P102825,2,2024-05-15,64,Pneumonia,14.2,-0.4,85,collected,attended,126,76,96,1,N
P102825,3,2024-05-22,64,Pneumonia,14.2,-1.0,89,late,attended,110,63,95,1,Y
P102825,4,2024-05-29,64,Pneumonia,14.2,0.0,87,collected,attended,123,79,96,1,Y
P102826,1,2024-08-09,80,Other,19.8,0.1,100,missed,scheduled,134,60,97,0,N
P102826,2,2024-08-16,80,Other,19.8,-0.4,99,missed,attended,125,75,96,0,N
P102826,3,2024-08-23,80,Other,19.8,0.4,91,collected,scheduled,149,82,96,0,N
P102826,4,2024-08-30,80,Other,19.8,0.4,100,late,missed,121,85,95,0,N
P102827,1,2024-08-21,100,Heart failure,15.4,0.4,99,collected,attended,136,93,95,0,N
P102827,2,2024-08-28,100,Heart failure,15.4,0.3,82,collected,attended,120,78,97,0,N
P102827,3,2024-09-04,100,Heart failure,15.4,0.4,93,late,attended,137,83,95,0,N
P102827,4,2024-09-11,100,Heart failure,15.4,0.8,81,collected,attended,120,73,96,0,N
P102828,1,2024-08-02,79,Stroke,18.2,-1.3,97,collected,attended,165,86,95,0,N
P102828,2,2024-08-09,79,Stroke,18.2,-1.7,79,collected,attended,148,95,95,0,N
P102828,3,2024-08-16,79,Stroke,18.2,-1.3,85,collected,scheduled,131,86,93,0,N
P102828,4,2024-08-23,79,Stroke,18.2,-2.1,83,collected,missed,104,72,97,0,N
P102829,1,2025-06-20,67,Heart failure,14.2,0.2,58,collected,missed,154,76,98,0,N
P102829,2,2025-06-27,67,Heart failure,14.2,0.5,81,collected,missed,143,65,93,0,N
P102829,3,2025-07-04,67,Heart failure,14.2,1.0,87,collected,missed,153,93,97,0,N
P102829,4,2025-07-11,67,Heart failure,14.2,1.5,78,missed,missed,140,78,95,0,N
P102830,1,2025-04-29,62,Pneumonia,19.8,0.5,87,collected,scheduled,119,82,93,0,N
P102830,2,2025-05-06,62,Pneumonia,19.8,0.8,93,collected,scheduled,122,85,96,0,N
P102830,3,2025-05-13,62,Pneumonia,19.8,-0.4,96,missed,attended,132,71,96,0,N
P102830,4,2025-05-20,62,Pneumonia,19.8,-0.3,74,collected,attended,131,65,92,0,N
P102831,1,2025-04-02,63,Stroke,18.2,-0.8,86,collected,attended,145,90,97,0,N
P102831,2,2025-04-09,63,Stroke,18.2,-0.7,78,collected,missed,128,93,93,0,N
P102831,3,2025-04-16,63,Stroke,18.2,-0.3,79,collected,missed,129,55,95,0,N
P102831,4,2025-04-23,63,Stroke,18.2,-0.8,88,collected,attended,148,77,95,0,N
P102832,1,2024-06-18,87,Hip fracture,16.8,-0.4,87,late,scheduled,144,61,92,1,N
P102832,2,2024-06-25,87,Hip fracture,16.8,-0.5,92,missed,scheduled,159,73,93,1,N
P102832,3,2024-07-02,87,Hip fracture,16.8,-1.1,94,collected,scheduled,134,60,97,1,Y
P102832,4,2024-07-09,87,Hip fracture,16.8,-2.1,90,late,attended,114,79,97,1,Y
P102833,1,2024-05-24,63,Stroke,14.2,-0.7,84,collected,attended,165,84,96,0,N
P102833,2,2024-05-31,63,Stroke,14.2,-0.4,70,missed,attended,151,78,95,0,N
P102833,3,2024-06-07,63,Stroke,14.2,0.0,86,collected,missed,129,74,98,0,N
P102833,4,2024-06-14,63,Stroke,14.2,-0.0,86,missed,missed,126,75,95,0,N
P102834,1,2024-12-31,60,Other,21.4,0.4,100,collected,attended,122,88,96,0,N
P102834,2,2025-01-07,60,Other,21.4,0.6,79,collected,attended,130,49,94,0,N
P102834,3,2025-01-14,60,Other,21.4,0.5,87,collected,attended,130,86,97,0,N
P102834,4,2025-01-21,60,Other,21.4,0.9,82,late,attended,134,70,94,0,N
P102835,1,2024-09-21,90,Sepsis,33.2,-0.2,81,late,scheduled,147,91,97,1,N
P102835,2,2024-09-28,90,Sepsis,33.2,0.8,71,collected,attended,102,83,98,1,N
P102835,3,2024-10-05,90,Sepsis,33.2,-0.0,57,missed,missed,111,68,99,1,Y
P102835,4,2024-10-12,90,Sepsis,33.2,-0.2,61,collected,attended,134,89,95,1,Y
P102836,1,2025-01-02,67,COPD,13.0,-0.2,75,collected,scheduled,143,78,94,0,N
P102836,2,2025-01-09,67,COPD,13.0,-0.4,86,collected,attended,122,77,94,0,N
P102836,3,2025-01-16,67,COPD,13.0,0.1,100,collected,scheduled,117,80,96,0,N
P102836,4,2025-01-23,67,COPD,13.0,0.6,85,late,attended,140,77,97,0,N
P102837,1,2024-03-24,56,Diabetes,18.2,-1.0,100,missed,scheduled,123,67,99,0,N
P102837,2,2024-03-31,56,Diabetes,18.2,-1.6,81,collected,attended,161,76,95,0,N
P102837,3,2024-04-07,56,Diabetes,18.2,-1.6,100,collected,attended,135,61,99,0,N
P102837,4,2024-04-14,56,Diabetes,18.2,-1.3,73,collected,attended,125,72,96,0,N
P102838,1,2024-02-21,88,Heart failure,21.4,-1.2,90,collected,scheduled,129,82,95,1,N
P102838,2,2024-02-28,88,Heart failure,21.4,-0.5,87,late,attended,133,106,95,1,N
P102838,3,2024-03-06,88,Heart failure,21.4,-0.7,79,collected,attended,124,62,99,1,Y
P102838,4,2024-03-13,88,Heart failure,21.4,-1.5,91,late,missed,132,86,95,1,Y
P102839,1,2024-04-07,47,Diabetes,21.4,0.4,100,late,attended,139,89,96,0,N
P102839,2,2024-04-14,47,Diabetes,21.4,1.0,87,missed,scheduled,138,72,96,0,N
P102839,3,2024-04-21,47,Diabetes,21.4,1.4,95,collected,attended,115,87,96,0,N
P102839,4,2024-04-28,47,Diabetes,21.4,1.1,87,collected,scheduled,155,86,95,0,N
P102840,1,2025-02-26,74,Stroke,18.2,-0.8,73,late,attended,120,100,96,0,N
P102840,2,2025-03-05,74,Stroke,18.2,-0.9,55,missed,attended,125,74,95,0,N
P102840,3,2025-03-12,74,Stroke,18.2,-0.6,63,collected,missed,142,93,92,0,N
P102840,4,2025-03-19,74,Stroke,18.2,-0.3,75,missed,attended,135,89,95,0,N
P102841,1,2025-06-09,60,Pneumonia,14.2,-0.4,85,late,attended,128,90,96,0,N
P102841,2,2025-06-16,60,Pneumonia,14.2,-1.2,87,collected,attended,119,87,94,0,N
P102841,3,2025-06-23,60,Pneumonia,14.2,-0.3,79,collected,attended,149,90,96,0,N
P102841,4,2025-06-30,60,Pneumonia,14.2,-0.7,77,collected,attended,135,76,96,0,N
P102842,1,2024-09-19,79,Kidney disease,18.2,0.4,85,collected,attended,156,80,99,0,N
P102842,2,2024-09-26,79,Kidney disease,18.2,0.4,74,collected,attended,142,81,96,0,N
P102842,3,2024-10-03,79,Kidney disease,18.2,-0.1,67,collected,scheduled,147,78,97,0,N
P102842,4,2024-10-10,79,Kidney disease,18.2,0.1,84,collected,scheduled,135,79,95,0,N
P102843,1,2025-02-26,48,Diabetes,16.8,0.7,78,collected,attended,145,72,98,0,N
P102843,2,2025-03-05,48,Diabetes,16.8,2.0,73,collected,attended,139,76,94,0,N
P102843,3,2025-03-12,48,Diabetes,16.8,2.0,80,collected,attended,134,58,99,0,N
P102843,4,2025-03-19,48,Diabetes,16.8,1.4,75,collected,scheduled,150,90,94,0,N
P102844,1,2025-07-09,85,Sepsis,28.9,-0.6,74,collected,attended,137,71,94,1,N
P102844,2,2025-07-16,85,Sepsis,28.9,-1.2,88,collected,attended,128,103,94,1,N
P102844,3,2025-07-23,85,Sepsis,28.9,-1.6,65,collected,missed,128,91,95,1,Y
P102844,4,2025-07-30,85,Sepsis,28.9,-1.6,75,collected,scheduled,123,86,95,1,Y
P102845,1,2024-10-10,72,Other,18.2,-0.7,76,missed,attended,148,73,98,0,N
P102845,2,2024-10-17,72,Other,18.2,-0.4,75,late,scheduled,151,80,97,0,N
P102845,3,2024-10-24,72,Other,18.2,0.1,85,missed,missed,138,85,95,0,N
P102845,4,2024-10-31,72,Other,18.2,-0.5,72,collected,missed,160,68,97,0,N
P102846,1,2025-07-05,71,Hip fracture,15.4,0.4,73,collected,attended,127,63,93,0,N
P102846,2,2025-07-12,71,Hip fracture,15.4,0.3,98,collected,attended,125,65,95,0,N
P102846,3,2025-07-19,71,Hip fracture,15.4,0.7,84,missed,scheduled,132,82,98,0,N
P102846,4,2025-07-26,71,Hip fracture,15.4,0.5,100,late,scheduled,135,69,100,0,N
P102847,1,2024-06-24,77,Diabetes,28.9,-0.0,86,collected,attended,127,87,92,0,N
P102847,2,2024-07-01,77,Diabetes,28.9,0.2,85,collected,attended,160,75,97,0,N
P102847,3,2024-07-08,77,Diabetes,28.9,0.5,88,late,scheduled,107,76,93,0,N
P102847,4,2024-07-15,77,Diabetes,28.9,-0.2,80,collected,attended,150,80,92,0,N
P102848,1,2024-04-06,52,Other,28.9,1.3,75,collected,attended,144,82,96,0,N
P102848,2,2024-04-13,52,Other,28.9,0.3,76,collected,scheduled,136,76,95,0,N
P102848,3,2024-04-20,52,Other,28.9,0.3,87,collected,attended,124,93,97,0,N
P102848,4,2024-04-27,52,Other,28.9,0.4,86,collected,scheduled,140,84,98,0,N
P102849,1,2025-02-15,61,Diabetes,16.8,0.1,100,collected,scheduled,134,99,98,0,N
P102849,2,2025-02-22,61,Diabetes,16.8,1.4,75,late,attended,130,75,96,0,N
P102849,3,2025-03-01,61,Diabetes,16.8,0.4,90,collected,attended,121,78,94,0,N
P102849,4,2025-03-08,61,Diabetes,16.8,-0.0,88,collected,attended,118,83,96,0,N
P102850,1,2025-06-24,95,Diabetes,33.2,0.7,89,collected,attended,128,69,94,0,N
P102850,2,2025-07-01,95,Diabetes,33.2,-0.4,92,collected,scheduled,120,90,97,0,N
P102850,3,2025-07-08,95,Diabetes,33.2,-0.0,85,collected,scheduled,119,76,94,0,N
P102850,4,2025-07-15,95,Diabetes,33.2,0.2,80,collected,attended,130,72,97,0,N
P102851,1,2025-06-20,59,Sepsis,13.0,0.5,88,collected,attended,136,72,98,0,N
P102851,2,2025-06-27,59,Sepsis,13.0,-0.4,84,collected,attended,153,83,94,0,N
P102851,3,2025-07-04,59,Sepsis,13.0,-0.2,89,collected,attended,159,70,95,0,N
P102851,4,2025-07-11,59,Sepsis,13.0,-0.1,100,collected,attended,124,75,94,0,N
P102852,1,2025-03-03,82,COPD,33.2,1.6,100,collected,attended,121,90,95,0,N
P102852,2,2025-03-10,82,COPD,33.2,0.9,87,collected,attended,134,72,96,0,N
P102852,3,2025-03-17,82,COPD,33.2,0.3,76,collected,attended,127,88,97,0,N
P102852,4,2025-03-24,82,COPD,33.2,0.1,80,collected,attended,149,81,95,0,N
P102853,1,2025-02-01,74,Hip fracture,19.8,0.5,79,collected,attended,119,68,97,0,N
P102853,2,2025-02-08,74,Hip fracture,19.8,0.7,86,collected,attended,123,69,96,0,N
P102853,3,2025-02-15,74,Hip fracture,19.8,1.4,98,collected,attended,169,93,96,0,N
P102853,4,2025-02-22,74,Hip fracture,19.8,1.7,90,collected,attended,139,90,100,0,N
P102854,1,2025-08-29,77,Pneumonia,18.2,0.9,92,missed,attended,145,75,94,0,N
P102854,2,2025-09-05,77,Pneumonia,18.2,1.2,94,collected,attended,116,79,96,0,N
P102854,3,2025-09-12,77,Pneumonia,18.2,1.2,91,collected,attended,131,92,98,0,N
P102854,4,2025-09-19,77,Pneumonia,18.2,1.9,93,collected,missed,126,77,93,0,N
P102855,1,2024-08-19,78,Hip fracture,21.4,1.7,90,collected,attended,139,75,96,0,N
P102855,2,2024-08-26,78,Hip fracture,21.4,0.8,100,missed,scheduled,118,66,97,0,N
P102855,3,2024-09-02,78,Hip fracture,21.4,0.0,79,missed,attended,149,86,97,0,N
P102855,4,2024-09-09,78,Hip fracture,21.4,-0.2,86,collected,attended,152,73,95,0,N
P102856,1,2024-06-14,52,Kidney disease,13.0,0.3,100,collected,attended,118,99,93,0,N
P102856,2,2024-06-21,52,Kidney disease,13.0,-0.5,97,collected,scheduled,116,98,98,0,N
P102856,3,2024-06-28,52,Kidney disease,13.0,-0.3,80,collected,scheduled,139,82,97,0,N
P102856,4,2024-07-05,52,Kidney disease,13.0,-0.2,98,late,attended,145,72,94,0,N
P102857,1,2025-06-02,71,Diabetes,23.1,0.0,90,missed,scheduled,115,91,95,0,N
P102857,2,2025-06-09,71,Diabetes,23.1,0.2,91,collected,scheduled,130,61,94,0,N
P102857,3,2025-06-16,71,Diabetes,23.1,-0.3,100,missed,attended,130,87,99,0,N
P102857,4,2025-06-23,71,Diabetes,23.1,-0.1,76,collected,attended,149,67,98,0,N
P102858,1,2025-06-18,66,Other,14.2,-0.1,98,collected,attended,149,103,96,0,N
P102858,2,2025-06-25,66,Other,14.2,-0.6,86,collected,attended,140,106,95,0,N
P102858,3,2025-07-02,66,Other,14.2,0.1,98,collected,attended,131,60,97,0,N
P102858,4,2025-07-09,66,Other,14.2,-0.2,100,collected,attended,135,63,95,0,N
P102859,1,2024-10-12,71,COPD,18.2,1.2,92,late,missed,123,75,96,1,N
P102859,2,2024-10-19,71,COPD,18.2,1.3,100,collected,attended,115,89,96,1,N
P102859,3,2024-10-26,71,COPD,18.2,0.4,96,late,attended,147,64,98,1,Y
P102859,4,2024-11-02,71,COPD,18.2,-0.2,86,collected,scheduled,119,72,96,1,Y
P102860,1,2024-01-25,65,Other,18.2,0.4,97,collected,attended,133,79,94,0,N
P102860,2,2024-02-01,65,Other,18.2,1.1,87,collected,scheduled,141,68,97,0,N
P102860,3,2024-02-08,65,Other,18.2,1.3,84,collected,attended,145,66,92,0,N
P102860,4,2024-02-15,65,Other,18.2,1.5,77,late,attended,136,62,91,0,N
P102861,1,2025-08-23,55,Other,14.2,1.1,79,collected,attended,114,78,95,1,N
P102861,2,2025-08-30,55,Other,14.2,1.5,100,late,attended,140,73,97,1,N
P102861,3,2025-09-06,55,Other,14.2,1.7,100,collected,attended,131,101,96,1,Y
P102861,4,2025-09-13,55,Other,14.2,0.3,95,collected,attended,129,78,97,1,Y
P102862,1,2024-11-10,50,COPD,13.0,0.0,86,collected,attended,136,71,94,0,N
P102862,2,2024-11-17,50,COPD,13.0,0.3,87,collected,attended,123,75,94,0,N
P102862,3,2024-11-24,50,COPD,13.0,1.2,95,late,scheduled,145,70,98,0,N
P102862,4,2024-12-01,50,COPD,13.0,1.4,88,collected,missed,139,76,99,0,N
P102863,1,2024-05-14,74,Hip fracture,15.4,0.1,90,late,scheduled,136,83,97,0,N
P102863,2,2024-05-21,74,Hip fracture,15.4,0.9,100,collected,scheduled,131,86,93,0,N
P102863,3,2024-05-28,74,Hip fracture,15.4,1.3,100,late,attended,127,69,96,0,N
P102863,4,2024-06-04,74,Hip fracture,15.4,1.4,79,collected,attended,144,66,95,0,N
P102864,1,2025-07-06,70,Diabetes,16.8,-0.3,95,collected,attended,145,89,99,0,N
P102864,2,2025-07-13,70,Diabetes,16.8,-0.9,92,collected,attended,121,61,93,0,N
P102864,3,2025-07-20,70,Diabetes,16.8,-1.2,99,collected,attended,122,82,96,0,N
P102864,4,2025-07-27,70,Diabetes,16.8,-1.5,93,missed,scheduled,129,79,94,0,N
P102865,1,2024-02-13,42,Diabetes,16.8,-0.7,88,missed,attended,117,49,99,0,N
P102865,2,2024-02-20,42,Diabetes,16.8,-2.0,72,collected,attended,131,73,98,0,N
P102865,3,2024-02-27,42,Diabetes,16.8,-1.5,89,collected,attended,141,63,96,0,N
P102865,4,2024-03-05,42,Diabetes,16.8,-0.8,90,collected,scheduled,163,75,95,0,N
P102866,1,2024-03-08,57,Pneumonia,11.9,1.0,69,collected,attended,135,87,97,0,N
P102866,2,2024-03-15,57,Pneumonia,11.9,1.0,87,late,attended,137,86,94,0,N
P102866,3,2024-03-22,57,Pneumonia,11.9,1.0,80,collected,scheduled,127,69,97,0,N
P102866,4,2024-03-29,57,Pneumonia,11.9,0.7,100,collected,attended,123,61,98,0,N
P102867,1,2024-06-09,50,Heart failure,11.9,-0.7,88,collected,scheduled,138,73,98,0,N
P102867,2,2024-06-16,50,Heart failure,11.9,-0.6,81,late,attended,141,78,95,0,N
P102867,3,2024-06-23,50,Heart failure,11.9,-1.8,99,collected,scheduled,127,54,97,0,N
P102867,4,2024-06-30,50,Heart failure,11.9,-2.0,82,late,scheduled,120,72,94,0,N
P102868,1,2024-04-22,86,COPD,16.8,-0.1,84,collected,attended,131,82,97,0,N
P102868,2,2024-04-29,86,COPD,16.8,-1.4,85,collected,scheduled,104,92,96,0,N
P102868,3,2024-05-06,86,COPD,16.8,-0.8,95,collected,missed,103,73,94,0,N
P102868,4,2024-05-13,86,COPD,16.8,0.1,78,late,scheduled,122,87,96,0,N
P102869,1,2024-08-03,69,COPD,18.2,0.6,90,collected,scheduled,142,79,97,0,N
P102869,2,2024-08-10,69,COPD,18.2,0.4,100,collected,attended,122,64,95,0,N
P102869,3,2024-08-17,69,COPD,18.2,-0.6,100,late,attended,122,60,93,0,N
P102869,4,2024-08-24,69,COPD,18.2,0.4,72,collected,attended,122,67,95,0,N
P102870,1,2024-09-05,85,Heart failure,16.8,-0.2,99,collected,attended,116,82,93,1,N
P102870,2,2024-09-12,85,Heart failure,16.8,0.8,96,collected,scheduled,131,75,93,1,N
P102870,3,2024-09-19,85,Heart failure,16.8,1.8,86,collected,scheduled,140,110,98,1,Y
P102870,4,2024-09-26,85,Heart failure,16.8,2.2,88,late,missed,142,83,99,1,Y
P102871,1,2024-05-30,71,Other,16.8,-0.4,81,collected,missed,128,92,97,0,N
P102871,2,2024-06-06,71,Other,16.8,-0.1,85,collected,attended,119,75,95,0,N
P102871,3,2024-06-13,71,Other,16.8,-0.2,100,collected,missed,124,91,98,0,N
P102871,4,2024-06-20,71,Other,16.8,-0.6,93,collected,scheduled,157,90,97,0,N
P102872,1,2025-05-17,62,Kidney disease,19.8,-0.8,90,collected,attended,169,71,98,0,N
P102872,2,2025-05-24,62,Kidney disease,19.8,0.0,84,collected,attended,111,98,90,0,N
P102872,3,2025-05-31,62,Kidney disease,19.8,0.3,91,collected,missed,139,85,93,0,N
P102872,4,2025-06-07,62,Kidney disease,19.8,0.6,88,missed,attended,146,81,98,0,N
P102873,1,2024-11-06,74,Stroke,18.2,0.2,100,late,scheduled,127,73,93,0,N
P102873,2,2024-11-13,74,Stroke,18.2,0.3,88,missed,attended,114,94,100,0,N
P102873,3,2024-11-20,74,Stroke,18.2,0.5,83,collected,scheduled,125,74,96,0,N
P102873,4,2024-11-27,74,Stroke,18.2,0.8,90,collected,attended,117,66,93,0,N
P102874,1,2025-07-20,89,Other,25.0,0.2,86,collected,attended,110,79,95,0,N
P102874,2,2025-07-27,89,Other,25.0,0.5,100,collected,attended,123,99,98,0,N
P102874,3,2025-08-03,89,Other,25.0,0.1,90,collected,scheduled,117,79,97,0,N
P102874,4,2025-08-10,89,Other,25.0,0.0,82,collected,attended,112,71,95,0,N
P102875,1,2024-02-13,67,Heart failure,11.9,-0.1,100,collected,scheduled,117,84,97,0,N
P102875,2,2024-02-20,67,Heart failure,11.9,-0.4,81,collected,missed,121,66,93,0,N
P102875,3,2024-02-27,67,Heart failure,11.9,0.2,81,collected,attended,88,74,95,0,N
P102875,4,2024-03-05,67,Heart failure,11.9,0.5,100,collected,scheduled,143,70,100,0,N
P102876,1,2024-11-12,57,COPD,21.4,-0.1,82,collected,attended,144,101,96,0,N
P102876,2,2024-11-19,57,COPD,21.4,-0.9,95,collected,attended,146,82,95,0,N
P102876,3,2024-11-26,57,COPD,21.4,-0.8,100,collected,attended,130,60,96,0,N
P102876,4,2024-12-03,57,COPD,21.4,-0.7,90,collected,attended,128,55,98,0,N
P102877,1,2024-06-04,61,Other,15.4,0.2,82,late,attended,138,78,93,0,N
P102877,2,2024-06-11,61,Other,15.4,-0.2,100,collected,attended,126,61,100,0,N
P102877,3,2024-06-18,61,Other,15.4,0.2,98,collected,attended,124,86,94,0,N
P102877,4,2024-06-25,61,Other,15.4,-0.2,75,collected,attended,115,94,97,0,N
P102878,1,2024-06-11,72,Hip fracture,15.4,-1.2,99,collected,attended,130,57,96,0,N
P102878,2,2024-06-18,72,Hip fracture,15.4,-0.7,90,collected,attended,123,88,98,0,N
P102878,3,2024-06-25,72,Hip fracture,15.4,-1.2,78,collected,missed,111,74,97,0,N
P102878,4,2024-07-02,72,Hip fracture,15.4,-1.2,94,collected,scheduled,140,52,97,0,N
P102879,1,2024-12-03,79,Heart failure,26.9,-0.7,100,collected,attended,136,95,93,0,N
P102879,2,2024-12-10,79,Heart failure,26.9,-0.0,92,collected,attended,162,81,95,0,N
P102879,3,2024-12-17,79,Heart failure,26.9,0.3,85,missed,attended,145,83,95,0,N
P102879,4,2024-12-24,79,Heart failure,26.9,0.8,91,collected,attended,135,58,97,0,N
P102880,1,2024-04-02,87,Hip fracture,21.4,0.5,81,collected,scheduled,115,81,96,0,N
P102880,2,2024-04-09,87,Hip fracture,21.4,-0.3,79,collected,scheduled,137,50,97,0,N
P102880,3,2024-04-16,87,Hip fracture,21.4,-0.5,84,collected,scheduled,118,83,97,0,N
P102880,4,2024-04-23,87,Hip fracture,21.4,0.0,81,late,attended,114,63,96,0,N
P102881,1,2024-11-29,76,Stroke,15.4,-0.9,80,collected,missed,120,77,96,0,N
P102881,2,2024-12-06,76,Stroke,15.4,-1.2,94,collected,attended,135,65,96,0,N
P102881,3,2024-12-13,76,Stroke,15.4,-1.9,95,late,attended,116,82,97,0,N
P102881,4,2024-12-20,76,Stroke,15.4,-1.5,90,collected,attended,155,87,96,0,N
P102882,1,2025-02-26,68,Stroke,21.4,-0.7,75,collected,attended,134,71,96,0,N
P102882,2,2025-03-05,68,Stroke,21.4,-1.0,94,collected,scheduled,121,81,96,0,N
P102882,3,2025-03-12,68,Stroke,21.4,-1.4,87,collected,scheduled,136,100,93,0,N
P102882,4,2025-03-19,68,Stroke,21.4,-0.9,80,collected,scheduled,166,86,97,0,N
P102883,1,2025-06-19,61,Diabetes,16.8,0.8,91,collected,attended,126,87,97,0,N
P102883,2,2025-06-26,61,Diabetes,16.8,1.2,72,collected,missed,133,72,93,0,N
P102883,3,2025-07-03,61,Diabetes,16.8,2.2,73,collected,attended,137,79,96,0,N
P102883,4,2025-07-10,61,Diabetes,16.8,2.0,63,collected,attended,133,78,95,0,N
P102884,1,2025-02-25,46,Heart failure,14.2,0.9,92,collected,attended,142,87,99,0,N
P102884,2,2025-03-04,46,Heart failure,14.2,0.5,90,late,missed,136,99,96,0,N
P102884,3,2025-03-11,46,Heart failure,14.2,0.2,92,collected,scheduled,147,71,98,0,N
P102884,4,2025-03-18,46,Heart failure,14.2,0.7,82,late,attended,111,76,96,0,N
P102885,1,2025-01-03,69,Pneumonia,15.4,-0.8,96,collected,scheduled,137,94,94,0,N
P102885,2,2025-01-10,69,Pneumonia,15.4,-0.3,80,collected,attended,129,89,96,0,N
P102885,3,2025-01-17,69,Pneumonia,15.4,-1.0,100,collected,attended,131,82,96,0,N
P102885,4,2025-01-24,69,Pneumonia,15.4,-1.0,91,collected,attended,138,86,96,0,N
P102886,1,2024-06-20,63,COPD,19.8,-1.0,81,collected,scheduled,125,71,97,0,N
P102886,2,2024-06-27,63,COPD,19.8,-1.3,89,collected,scheduled,146,79,94,0,N
P102886,3,2024-07-04,63,COPD,19.8,-1.1,94,collected,missed,125,62,93,0,N
P102886,4,2024-07-11,63,COPD,19.8,-1.5,89,collected,scheduled,134,79,97,0,N
P102887,1,2024-07-16,87,Other,21.4,1.0,74,collected,scheduled,123,109,96,0,N
P102887,2,2024-07-23,87,Other,21.4,0.3,97,collected,attended,132,86,94,0,N
P102887,3,2024-07-30,87,Other,21.4,0.5,74,late,attended,110,82,95,0,N
P102887,4,2024-08-06,87,Other,21.4,0.8,77,late,scheduled,139,107,96,0,N
P102888,1,2025-07-29,71,Pneumonia,14.2,-0.1,77,missed,missed,151,98,95,0,N
P102888,2,2025-08-05,71,Pneumonia,14.2,0.1,77,collected,attended,135,78,94,0,N
P102888,3,2025-08-12,71,Pneumonia,14.2,-0.1,64,collected,attended,132,93,98,0,N
P102888,4,2025-08-19,71,Pneumonia,14.2,-0.3,75,missed,scheduled,123,73,100,0,N
P102889,1,2024-08-19,70,COPD,19.8,-0.2,100,missed,attended,116,60,97,0,N
P102889,2,2024-08-26,70,COPD,19.8,1.0,99,missed,attended,152,69,93,0,N
P102889,3,2024-09-02,70,COPD,19.8,1.0,85,collected,attended,116,83,96,0,N
P102889,4,2024-09-09,70,COPD,19.8,0.7,100,collected,attended,124,87,96,0,N
P102890,1,2025-01-26,69,COPD,33.2,0.5,100,missed,attended,145,90,93,1,N
P102890,2,2025-02-02,69,COPD,33.2,0.7,100,collected,attended,142,65,95,1,N
P102890,3,2025-02-09,69,COPD,33.2,0.7,83,collected,scheduled,123,89,98,1,Y
P102890,4,2025-02-16,69,COPD,33.2,0.7,84,collected,attended,125,89,94,1,Y
P102891,1,2024-10-18,91,Kidney disease,37.8,-0.1,78,collected,scheduled,163,89,96,1,N
P102891,2,2024-10-25,91,Kidney disease,37.8,-0.7,85,collected,attended,159,65,96,1,N
P102891,3,2024-11-01,91,Kidney disease,37.8,-0.7,82,collected,attended,113,64,97,1,Y
P102891,4,2024-11-08,91,Kidney disease,37.8,-0.6,97,collected,attended,124,73,95,1,Y
P102892,1,2024-07-28,83,Hip fracture,40.1,0.7,95,collected,attended,136,62,96,1,N
P102892,2,2024-08-04,83,Hip fracture,40.1,0.2,78,collected,attended,123,84,98,1,N
P102892,3,2024-08-11,83,Hip fracture,40.1,0.6,77,missed,attended,133,73,96,1,Y
P102892,4,2024-08-18,83,Hip fracture,40.1,0.6,87,collected,attended,152,76,96,1,Y
P102893,1,2024-05-19,83,Pneumonia,40.1,-0.3,97,collected,scheduled,144,73,95,0,N
P102893,2,2024-05-26,83,Pneumonia,40.1,-0.8,89,late,attended,134,82,100,0,N
P102893,3,2024-06-02,83,Pneumonia,40.1,-0.3,92,collected,scheduled,147,69,95,0,N
P102893,4,2024-06-09,83,Pneumonia,40.1,0.3,100,collected,attended,121,78,96,0,N
P102894,1,2024-12-21,65,COPD,14.2,0.8,63,collected,missed,146,77,94,0,N
P102894,2,2024-12-28,65,COPD,14.2,0.5,60,collected,attended,162,82,95,0,N
P102894,3,2025-01-04,65,COPD,14.2,0.4,94,missed,attended,126,58,97,0,N
P102894,4,2025-01-11,65,COPD,14.2,0.8,60,collected,missed,137,85,95,0,N
P102895,1,2024-09-30,81,Heart failure,21.4,-0.3,95,collected,scheduled,120,81,95,0,N
P102895,2,2024-10-07,81,Heart failure,21.4,-1.1,68,late,scheduled,148,85,96,0,N
P102895,3,2024-10-14,81,Heart failure,21.4,-0.8,100,collected,attended,131,95,96,0,N
P102895,4,2024-10-21,81,Heart failure,21.4,-1.5,100,collected,scheduled,135,62,95,0,N
P102896,1,2024-02-27,67,Diabetes,18.2,-1.1,91,missed,attended,125,75,97,0,N
P102896,2,2024-03-05,67,Diabetes,18.2,-0.7,75,collected,attended,135,74,100,0,N
P102896,3,2024-03-12,67,Diabetes,18.2,-1.0,97,collected,attended,126,74,98,0,N
P102896,4,2024-03-19,67,Diabetes,18.2,-0.8,100,collected,attended,153,74,94,0,N
P102897,1,2024-10-27,44,COPD,21.4,-0.2,59,missed,scheduled,136,83,94,1,N
P102897,2,2024-11-03,44,COPD,21.4,0.8,72,missed,missed,159,59,94,1,N
P102897,3,2024-11-10,44,COPD,21.4,0.8,68,late,missed,119,77,96,1,Y
P102897,4,2024-11-17,44,COPD,21.4,-0.3,83,late,attended,127,70,94,1,Y
P102898,1,2025-08-03,63,Other,11.9,-0.0,80,collected,attended,158,67,96,0,N
P102898,2,2025-08-10,63,Other,11.9,-0.6,84,collected,attended,111,74,95,0,N
P102898,3,2025-08-17,63,Other,11.9,-0.0,71,collected,missed,138,73,96,0,N
P102898,4,2025-08-24,63,Other,11.9,1.0,76,collected,attended,130,65,98,0,N
P102899,1,2025-03-19,64,Diabetes,16.8,-0.8,94,collected,scheduled,131,96,95,0,N
P102899,2,2025-03-26,64,Diabetes,16.8,-0.0,84,collected,attended,128,73,95,0,N
P102899,3,2025-04-02,64,Diabetes,16.8,-0.1,83,collected,scheduled,136,85,97,0,N
P102899,4,2025-04-09,64,Diabetes,16.8,0.1,75,late,missed,130,83,95,0,N
P102900,1,2024-11-14,69,Kidney disease,19.8,-0.3,57,collected,attended,146,76,100,0,N
P102900,2,2024-11-21,69,Kidney disease,19.8,0.2,91,missed,attended,137,82,98,0,N
P102900,3,2024-11-28,69,Kidney disease,19.8,-0.7,95,collected,attended,103,84,95,0,N
P102900,4,2024-12-05,69,Kidney disease,19.8,-0.6,77,missed,attended,154,59,98,0,N
P102901,1,2024-06-27,63,Other,16.8,-0.2,86,collected,scheduled,137,85,93,0,N
P102901,2,2024-07-04,63,Other,16.8,0.0,67,collected,scheduled,143,71,96,0,N
P102901,3,2024-07-11,63,Other,16.8,0.3,100,collected,attended,134,77,97,0,N
P102901,4,2024-07-18,63,Other,16.8,0.0,100,collected,scheduled,120,86,95,0,N
P102902,1,2025-01-27,74,Diabetes,14.2,0.5,92,missed,attended,123,79,94,0,N
P102902,2,2025-02-03,74,Diabetes,14.2,0.3,77,collected,missed,116,73,98,0,N
P102902,3,2025-02-10,74,Diabetes,14.2,-0.9,88,collected,scheduled,134,86,98,0,N
P102902,4,2025-02-17,74,Diabetes,14.2,-1.0,99,late,attended,104,105,94,0,N
P102903,1,2025-08-20,61,Diabetes,18.2,0.6,82,collected,attended,144,63,92,0,N
P102903,2,2025-08-27,61,Diabetes,18.2,1.2,97,missed,attended,131,88,98,0,N
P102903,3,2025-09-03,61,Diabetes,18.2,1.9,89,collected,scheduled,131,73,95,0,N
P102903,4,2025-09-10,61,Diabetes,18.2,2.3,79,collected,attended,140,70,96,0,N
P102904,1,2024-02-13,76,Diabetes,16.8,0.7,83,collected,scheduled,158,66,97,1,N
P102904,2,2024-02-20,76,Diabetes,16.8,1.3,84,collected,attended,138,98,97,1,N
P102904,3,2024-02-27,76,Diabetes,16.8,0.3,80,collected,scheduled,128,65,99,1,Y
P102904,4,2024-03-05,76,Diabetes,16.8,-0.4,81,collected,attended,147,73,95,1,Y
P102905,1,2024-08-05,80,Hip fracture,19.8,0.7,100,collected,attended,125,70,94,0,N
P102905,2,2024-08-12,80,Hip fracture,19.8,1.1,89,collected,scheduled,104,72,95,0,N
P102905,3,2024-08-19,80,Hip fracture,19.8,0.6,89,late,scheduled,142,67,98,0,N
P102905,4,2024-08-26,80,Hip fracture,19.8,-0.3,89,collected,scheduled,149,69,95,0,N
P102906,1,2025-04-22,53,Heart failure,16.8,0.4,97,missed,attended,161,79,95,0,N
P102906,2,2025-04-29,53,Heart failure,16.8,-0.7,100,collected,attended,128,70,96,0,N
P102906,3,2025-05-06,53,Heart failure,16.8,-1.1,100,collected,missed,133,79,97,0,N
P102906,4,2025-05-13,53,Heart failure,16.8,-1.5,86,collected,scheduled,140,64,97,0,N
P102907,1,2024-03-12,57,Kidney disease,13.0,0.8,70,collected,attended,144,101,96,1,N
P102907,2,2024-03-19,57,Kidney disease,13.0,2.4,67,collected,scheduled,142,100,94,1,N
P102907,3,2024-03-26,57,Kidney disease,13.0,4.1,85,late,attended,132,73,97,1,Y
P102907,4,2024-04-02,57,Kidney disease,13.0,5.0,67,late,missed,143,88,95,1,Y
P102908,1,2025-05-16,66,Other,19.8,-0.1,84,late,scheduled,128,85,95,0,N
P102908,2,2025-05-23,66,Other,19.8,0.3,73,late,attended,129,78,94,0,N
P102908,3,2025-05-30,66,Other,19.8,0.2,77,collected,attended,146,91,96,0,N
P102908,4,2025-06-06,66,Other,19.8,0.6,58,collected,missed,142,82,96,0,N
P102909,1,2024-03-06,64,COPD,21.4,0.4,77,collected,missed,114,76,98,0,N
P102909,2,2024-03-13,64,COPD,21.4,-0.2,100,collected,scheduled,130,71,97,0,N
P102909,3,2024-03-20,64,COPD,21.4,0.1,100,collected,scheduled,112,100,98,0,N
P102909,4,2024-03-27,64,COPD,21.4,-0.3,84,collected,missed,117,73,96,0,N
P102910,1,2024-07-29,56,Sepsis,19.8,-0.0,95,collected,attended,155,75,97,0,N
P102910,2,2024-08-05,56,Sepsis,19.8,1.1,78,collected,missed,157,78,96,0,N
P102910,3,2024-08-12,56,Sepsis,19.8,1.0,77,late,attended,125,69,95,0,N
P102910,4,2024-08-19,56,Sepsis,19.8,-0.0,65,collected,attended,135,81,94,0,N
P102911,1,2025-02-22,68,Pneumonia,16.8,0.8,88,collected,missed,148,82,98,1,N
P102911,2,2025-03-01,68,Pneumonia,16.8,0.8,67,collected,attended,113,73,95,1,N
P102911,3,2025-03-08,68,Pneumonia,16.8,-0.2,59,collected,scheduled,132,73,95,1,Y
P102911,4,2025-03-15,68,Pneumonia,16.8,0.3,85,missed,attended,134,85,90,1,Y
P102912,1,2025-03-21,67,Pneumonia,14.2,-1.3,90,collected,missed,136,91,92,0,N
P102912,2,2025-03-28,67,Pneumonia,14.2,-0.8,87,collected,missed,148,75,93,0,N
P102912,3,2025-04-04,67,Pneumonia,14.2,-0.2,80,collected,missed,134,74,96,0,N
P102912,4,2025-04-11,67,Pneumonia,14.2,-0.5,72,late,attended,165,76,93,0,N
P102913,1,2025-08-24,69,Pneumonia,23.1,-0.3,88,collected,attended,111,64,96,0,N
P102913,2,2025-08-31,69,Pneumonia,23.1,-1.3,79,collected,attended,125,54,97,0,N
P102913,3,2025-09-07,69,Pneumonia,23.1,-0.9,86,collected,scheduled,131,81,96,0,N
P102913,4,2025-09-14,69,Pneumonia,23.1,0.3,77,collected,attended,114,76,96,0,N
P102914,1,2024-09-16,69,Sepsis,14.2,-0.5,78,collected,scheduled,131,68,100,0,N
P102914,2,2024-09-23,69,Sepsis,14.2,-0.6,74,collected,attended,116,65,94,0,N
P102914,3,2024-09-30,69,Sepsis,14.2,-0.2,94,collected,attended,166,73,94,0,N
P102914,4,2024-10-07,69,Sepsis,14.2,-0.4,95,collected,attended,128,95,96,0,N
P102915,1,2024-01-09,78,Other,19.8,-0.1,87,collected,attended,126,78,95,0,N
P102915,2,2024-01-16,78,Other,19.8,-0.1,86,collected,attended,119,85,99,0,N
P102915,3,2024-01-23,78,Other,19.8,-1.0,81,collected,attended,135,86,98,0,N
P102915,4,2024-01-30,78,Other,19.8,-1.0,81,collected,attended,103,81,95,0,N
P102916,1,2024-02-15,56,COPD,13.0,-0.6,65,collected,missed,127,84,100,0,N
P102916,2,2024-02-22,56,COPD,13.0,-0.3,80,missed,scheduled,153,94,95,0,N
P102916,3,2024-02-29,56,COPD,13.0,-0.7,75,collected,attended,150,93,96,0,N
P102916,4,2024-03-07,56,COPD,13.0,-0.0,77,collected,scheduled,163,67,94,0,N
P102917,1,2024-06-01,54,Sepsis,13.0,-0.5,74,collected,scheduled,156,82,96,0,N
P102917,2,2024-06-08,54,Sepsis,13.0,0.1,100,missed,missed,132,73,94,0,N
P102917,3,2024-06-15,54,Sepsis,13.0,0.0,90,collected,attended,166,92,93,0,N
P102917,4,2024-06-22,54,Sepsis,13.0,-0.7,89,missed,missed,160,122,96,0,N
P102918,1,2024-06-08,68,Sepsis,14.2,-0.5,92,collected,attended,134,72,97,0,N
P102918,2,2024-06-15,68,Sepsis,14.2,-0.8,67,collected,scheduled,141,72,99,0,N
P102918,3,2024-06-22,68,Sepsis,14.2,-1.9,76,collected,attended,116,79,93,0,N
P102918,4,2024-06-29,68,Sepsis,14.2,-2.1,93,collected,scheduled,114,92,97,0,N
P102919,1,2024-02-11,79,Other,19.8,-0.7,97,collected,attended,150,62,98,1,N
P102919,2,2024-02-18,79,Other,19.8,0.6,79,collected,attended,94,73,96,1,N
P102919,3,2024-02-25,79,Other,19.8,1.1,98,collected,scheduled,115,75,96,1,Y
P102919,4,2024-03-03,79,Other,19.8,1.2,96,collected,attended,139,86,98,1,Y
P102920,1,2024-12-06,80,Sepsis,21.4,-0.2,79,collected,attended,128,87,98,0,N
P102920,2,2024-12-13,80,Sepsis,21.4,-1.1,100,collected,scheduled,119,75,96,0,N
P102920,3,2024-12-20,80,Sepsis,21.4,-0.9,90,collected,scheduled,130,65,99,0,N
P102920,4,2024-12-27,80,Sepsis,21.4,-2.0,77,collected,scheduled,129,96,95,0,N
P102921,1,2025-06-19,70,Hip fracture,19.8,0.5,95,collected,attended,153,56,96,0,N
P102921,2,2025-06-26,70,Hip fracture,19.8,1.3,94,collected,attended,131,83,96,0,N
P102921,3,2025-07-03,70,Hip fracture,19.8,1.3,92,late,missed,126,93,97,0,N
P102921,4,2025-07-10,70,Hip fracture,19.8,0.6,100,collected,attended,130,66,94,0,N
P102922,1,2025-06-16,73,Other,16.8,-1.1,77,collected,attended,127,93,100,0,N
P102922,2,2025-06-23,73,Other,16.8,-1.3,79,collected,attended,127,87,99,0,N
P102922,3,2025-06-30,73,Other,16.8,-0.8,92,collected,missed,147,68,96,0,N
P102922,4,2025-07-07,73,Other,16.8,-0.7,92,collected,scheduled,119,69,96,0,N
P102923,1,2025-03-21,62,Pneumonia,25.0,-0.1,96,collected,attended,132,89,92,1,N
P102923,2,2025-03-28,62,Pneumonia,25.0,-0.5,93,collected,attended,123,95,95,1,N
P102923,3,2025-04-04,62,Pneumonia,25.0,-0.3,92,late,attended,137,73,91,1,Y
P102923,4,2025-04-11,62,Pneumonia,25.0,-0.7,100,collected,attended,149,82,96,1,Y
P102924,1,2025-08-16,84,Stroke,16.8,0.6,91,collected,attended,123,56,97,1,N
P102924,2,2025-08-23,84,Stroke,16.8,1.0,80,collected,missed,119,69,97,1,N
P102924,3,2025-08-30,84,Stroke,16.8,1.7,100,collected,attended,139,80,96,1,Y
P102924,4,2025-09-06,84,Stroke,16.8,1.2,84,collected,attended,143,69,98,1,Y
P102925,1,2024-11-18,100,Sepsis,28.9,0.5,83,collected,scheduled,115,92,92,0,N
P102925,2,2024-11-25,100,Sepsis,28.9,0.8,87,collected,attended,126,62,92,0,N
P102925,3,2024-12-02,100,Sepsis,28.9,1.1,94,collected,attended,129,72,93,0,N
P102925,4,2024-12-09,100,Sepsis,28.9,1.8,93,collected,scheduled,109,86,97,0,N
P102926,1,2024-10-09,48,Pneumonia,13.0,0.6,92,collected,attended,117,82,99,0,N
P102926,2,2024-10-16,48,Pneumonia,13.0,-0.6,85,late,scheduled,105,77,98,0,N
P102926,3,2024-10-23,48,Pneumonia,13.0,-1.0,96,collected,scheduled,117,58,98,0,N
P102926,4,2024-10-30,48,Pneumonia,13.0,-0.9,78,collected,attended,138,67,97,0,N
P102927,1,2024-02-25,53,Sepsis,16.8,-0.1,97,collected,attended,137,67,94,0,N
P102927,2,2024-03-03,53,Sepsis,16.8,0.6,80,collected,attended,116,71,93,0,N
P102927,3,2024-03-10,53,Sepsis,16.8,-0.2,87,collected,attended,127,85,97,0,N
P102927,4,2024-03-17,53,Sepsis,16.8,0.4,78,collected,scheduled,132,81,93,0,N
P102928,1,2024-09-24,55,COPD,13.0,-0.1,71,collected,scheduled,157,89,97,1,N
P102928,2,2024-10-01,55,COPD,13.0,0.8,70,collected,attended,114,81,100,1,N
P102928,3,2024-10-08,55,COPD,13.0,0.6,96,missed,attended,142,68,96,1,Y
P102928,4,2024-10-15,55,COPD,13.0,0.0,86,collected,attended,146,80,94,1,Y
P102929,1,2025-04-18,89,COPD,42.6,0.2,76,missed,scheduled,130,81,94,1,N
P102929,2,2025-04-25,89,COPD,42.6,0.2,73,missed,missed,125,82,96,1,N
P102929,3,2025-05-02,89,COPD,42.6,1.6,80,collected,scheduled,149,86,98,1,Y
P102929,4,2025-05-09,89,COPD,42.6,1.2,63,late,attended,143,92,94,1,Y
P102930,1,2025-08-10,73,COPD,25.0,-1.0,99,missed,attended,124,72,100,0,N
P102930,2,2025-08-17,73,COPD,25.0,-1.8,82,collected,attended,114,66,96,0,N
P102930,3,2025-08-24,73,COPD,25.0,-2.0,100,missed,attended,144,79,96,0,N
P102930,4,2025-08-31,73,COPD,25.0,-1.2,74,missed,attended,115,96,94,0,N
P102931,1,2024-08-25,51,COPD,21.4,2.0,87,collected,attended,108,86,96,0,N
P102931,2,2024-09-01,51,COPD,21.4,2.0,98,collected,attended,140,81,98,0,N
P102931,3,2024-09-08,51,COPD,21.4,2.5,91,late,attended,144,89,95,0,N
P102931,4,2024-09-15,51,COPD,21.4,1.7,94,collected,attended,143,83,94,0,N
P102932,1,2025-03-23,61,Pneumonia,13.0,-0.5,79,missed,missed,131,81,96,1,N
P102932,2,2025-03-30,61,Pneumonia,13.0,-0.3,68,missed,missed,141,79,95,1,N
P102932,3,2025-04-06,61,Pneumonia,13.0,-0.0,76,late,attended,147,77,94,1,Y
P102932,4,2025-04-13,61,Pneumonia,13.0,0.1,60,late,attended,139,68,96,1,Y
P102933,1,2024-07-16,77,Diabetes,31.0,-0.0,91,collected,scheduled,145,73,96,0,N
P102933,2,2024-07-23,77,Diabetes,31.0,-0.1,93,missed,scheduled,153,101,97,0,N
P102933,3,2024-07-30,77,Diabetes,31.0,0.7,100,collected,attended,150,74,96,0,N
P102933,4,2024-08-06,77,Diabetes,31.0,0.4,99,collected,attended,136,67,96,0,N
P102934,1,2025-07-10,50,Stroke,18.2,-0.3,92,collected,scheduled,122,82,94,0,N
P102934,2,2025-07-17,50,Stroke,18.2,-0.1,100,collected,scheduled,130,69,94,0,N
P102934,3,2025-07-24,50,Stroke,18.2,-0.4,100,missed,attended,120,77,98,0,N
P102934,4,2025-07-31,50,Stroke,18.2,-0.3,96,collected,attended,164,78,97,0,N
P102935,1,2024-09-14,76,Stroke,37.8,0.3,92,collected,attended,124,71,96,1,N
P102935,2,2024-09-21,76,Stroke,37.8,0.6,85,collected,scheduled,124,88,96,1,N
P102935,3,2024-09-28,76,Stroke,37.8,0.3,91,collected,scheduled,117,81,97,1,Y
P102935,4,2024-10-05,76,Stroke,37.8,0.8,90,collected,attended,105,58,98,1,Y
P102936,1,2025-08-11,80,Other,28.9,-1.0,98,collected,scheduled,122,63,97,0,N
P102936,2,2025-08-18,80,Other,28.9,-1.1,100,collected,scheduled,137,75,97,0,N
P102936,3,2025-08-25,80,Other,28.9,0.7,95,collected,scheduled,117,60,93,0,N
P102936,4,2025-09-01,80,Other,28.9,-0.2,94,collected,attended,148,90,96,0,N
P102937,1,2025-05-28,77,COPD,16.8,-0.5,97,missed,scheduled,131,85,96,0,N
P102937,2,2025-06-04,77,COPD,16.8,-1.0,77,collected,attended,147,83,98,0,N
P102937,3,2025-06-11,77,COPD,16.8,-1.3,82,missed,attended,147,67,96,0,N
P102937,4,2025-06-18,77,COPD,16.8,-2.2,100,collected,attended,119,75,94,0,N
P102938,1,2024-10-11,81,COPD,21.4,0.5,93,collected,attended,125,90,96,0,N
P102938,2,2024-10-18,81,COPD,21.4,0.4,98,collected,missed,132,67,96,0,N
P102938,3,2024-10-25,81,COPD,21.4,-0.1,95,collected,attended,144,96,95,0,N
P102938,4,2024-11-01,81,COPD,21.4,-1.5,71,collected,attended,156,77,96,0,N
P102939,1,2024-10-07,59,Pneumonia,18.2,0.7,89,collected,attended,125,62,95,0,N
P102939,2,2024-10-14,59,Pneumonia,18.2,1.9,79,collected,missed,125,92,95,0,N
P102939,3,2024-10-21,59,Pneumonia,18.2,1.4,77,late,missed,133,62,97,0,N
P102939,4,2024-10-28,59,Pneumonia,18.2,1.2,81,collected,attended,157,76,93,0,N
P102940,1,2025-05-04,49,Kidney disease,13.0,-1.1,80,collected,scheduled,123,71,94,0,N
P102940,2,2025-05-11,49,Kidney disease,13.0,-0.7,100,collected,missed,108,81,93,0,N
P102940,3,2025-05-18,49,Kidney disease,13.0,-1.3,98,collected,scheduled,126,61,96,0,N
P102940,4,2025-05-25,49,Kidney disease,13.0,-1.5,83,collected,attended,145,61,96,0,N
P102941,1,2024-05-23,74,COPD,14.2,0.9,98,collected,attended,124,93,100,0,N
P102941,2,2024-05-30,74,COPD,14.2,0.8,88,collected,attended,124,66,96,0,N
P102941,3,2024-06-06,74,COPD,14.2,0.3,82,collected,scheduled,134,74,97,0,N
P102941,4,2024-06-13,74,COPD,14.2,0.3,79,collected,scheduled,104,91,93,0,N
P102942,1,2024-06-19,74,Sepsis,33.2,0.3,64,late,missed,133,73,97,1,N
P102942,2,2024-06-26,74,Sepsis,33.2,-0.3,79,late,attended,170,85,94,1,N
P102942,3,2024-07-03,74,Sepsis,33.2,0.5,60,missed,missed,124,81,99,1,Y
P102942,4,2024-07-10,74,Sepsis,33.2,0.9,78,collected,missed,134,90,96,1,Y
P102943,1,2025-02-11,57,Heart failure,14.2,-0.2,82,late,attended,133,81,96,0,N
P102943,2,2025-02-18,57,Heart failure,14.2,-1.1,83,collected,missed,139,74,99,0,N
P102943,3,2025-02-25,57,Heart failure,14.2,-0.7,95,collected,scheduled,139,89,96,0,N
P102943,4,2025-03-04,57,Heart failure,14.2,-1.2,94,missed,attended,151,89,96,0,N
P102944,1,2024-10-19,84,COPD,25.0,0.6,91,late,scheduled,148,84,96,0,N
P102944,2,2024-10-26,84,COPD,25.0,1.0,68,collected,attended,121,63,94,0,N
P102944,3,2024-11-02,84,COPD,25.0,0.2,90,collected,attended,125,73,97,0,N
P102944,4,2024-11-09,84,COPD,25.0,-0.7,84,collected,missed,130,69,96,0,N
P102945,1,2024-07-30,65,Kidney disease,14.2,-0.5,76,late,attended,116,83,93,1,N
P102945,2,2024-08-06,65,Kidney disease,14.2,-1.7,69,collected,missed,107,88,96,1,N
P102945,3,2024-08-13,65,Kidney disease,14.2,-1.8,67,collected,scheduled,142,89,96,1,Y
P102945,4,2024-08-20,65,Kidney disease,14.2,-2.0,97,late,attended,166,94,92,1,Y
P102946,1,2024-05-23,56,Other,13.0,-0.2,86,collected,attended,132,67,97,0,N
P102946,2,2024-05-30,56,Other,13.0,0.7,92,missed,attended,136,75,98,0,N
P102946,3,2024-06-06,56,Other,13.0,0.2,97,collected,missed,110,69,95,0,N
P102946,4,2024-06-13,56,Other,13.0,-0.2,88,collected,scheduled,136,67,97,0,N
P102947,1,2024-02-03,61,Diabetes,16.8,0.1,100,collected,attended,119,79,100,0,N
P102947,2,2024-02-10,61,Diabetes,16.8,0.4,89,collected,attended,126,79,97,0,N
P102947,3,2024-02-17,61,Diabetes,16.8,0.8,78,collected,scheduled,133,64,97,0,N
P102947,4,2024-02-24,61,Diabetes,16.8,-0.1,97,collected,attended,138,70,96,0,N
P102948,1,2024-05-31,43,Heart failure,15.4,-1.5,96,collected,scheduled,140,72,96,0,N
P102948,2,2024-06-07,43,Heart failure,15.4,-1.9,96,collected,attended,111,77,94,0,N
P102948,3,2024-06-14,43,Heart failure,15.4,-1.8,85,collected,scheduled,136,69,98,0,N
P102948,4,2024-06-21,43,Heart failure,15.4,-1.8,93,collected,missed,139,73,96,0,N
P102949,1,2024-10-27,74,Diabetes,14.2,0.2,100,collected,attended,115,85,95,0,N
P102949,2,2024-11-03,74,Diabetes,14.2,-1.1,82,collected,attended,139,84,94,0,N
P102949,3,2024-11-10,74,Diabetes,14.2,-1.1,84,collected,scheduled,122,84,96,0,N
P102949,4,2024-11-17,74,Diabetes,14.2,-1.1,100,collected,attended,138,77,95,0,N
P102950,1,2025-08-21,33,Diabetes,15.4,0.4,93,collected,missed,97,58,95,0,N
P102950,2,2025-08-28,33,Diabetes,15.4,0.1,100,collected,attended,140,66,98,0,N
P102950,3,2025-09-04,33,Diabetes,15.4,0.6,95,collected,attended,153,63,96,0,N
P102950,4,2025-09-11,33,Diabetes,15.4,-0.5,90,collected,attended,132,80,94,0,N
P102951,1,2025-03-17,91,Pneumonia,21.4,0.6,95,collected,scheduled,150,99,94,0,N
P102951,2,2025-03-24,91,Pneumonia,21.4,0.1,75,collected,missed,138,100,96,0,N
P102951,3,2025-03-31,91,Pneumonia,21.4,-0.3,78,missed,missed,138,78,94,0,N
P102951,4,2025-04-07,91,Pneumonia,21.4,-0.4,67,collected,attended,145,68,97,0,N
P102952,1,2025-01-17,72,Other,25.0,-0.7,97,collected,scheduled,127,83,94,0,N
P102952,2,2025-01-24,72,Other,25.0,-1.3,82,collected,attended,144,67,93,0,N
P102952,3,2025-01-31,72,Other,25.0,-1.1,77,collected,scheduled,131,65,96,0,N
P102952,4,2025-02-07,72,Other,25.0,-1.6,82,late,scheduled,131,74,98,0,N
P102953,1,2024-10-05,79,Diabetes,18.2,0.3,90,collected,attended,138,60,98,0,N
P102953,2,2024-10-12,79,Diabetes,18.2,-0.1,82,collected,scheduled,128,80,96,0,N
P102953,3,2024-10-19,79,Diabetes,18.2,-1.7,77,collected,scheduled,152,91,98,0,N
P102953,4,2024-10-26,79,Diabetes,18.2,-2.4,89,collected,missed,122,63,98,0,N
P102954,1,2025-01-18,95,Kidney disease,18.2,-0.6,100,missed,attended,140,69,95,0,N
P102954,2,2025-01-25,95,Kidney disease,18.2,-1.2,90,collected,attended,152,90,95,0,N
P102954,3,2025-02-01,95,Kidney disease,18.2,-1.4,94,collected,missed,138,62,98,0,N
P102954,4,2025-02-08,95,Kidney disease,18.2,-1.1,90,late,scheduled,120,73,99,0,N
P102955,1,2025-01-24,72,Heart failure,18.2,1.1,71,late,attended,157,77,95,0,N
P102955,2,2025-01-31,72,Heart failure,18.2,1.2,70,collected,attended,161,90,99,0,N
P102955,3,2025-02-07,72,Heart failure,18.2,0.8,73,missed,attended,150,73,95,0,N
P102955,4,2025-02-14,72,Heart failure,18.2,1.1,78,collected,scheduled,139,72,96,0,N
P102956,1,2024-04-29,61,Diabetes,16.8,-0.5,79,missed,attended,142,74,93,1,N
P102956,2,2024-05-06,61,Diabetes,16.8,0.7,83,late,attended,150,78,97,1,N
P102956,3,2024-05-13,61,Diabetes,16.8,1.4,73,late,missed,142,97,96,1,Y
P102956,4,2024-05-20,61,Diabetes,16.8,1.1,60,collected,scheduled,127,69,90,1,Y
P102957,1,2024-08-24,78,Heart failure,21.4,0.5,100,collected,attended,135,94,98,1,N
P102957,2,2024-08-31,78,Heart failure,21.4,0.6,93,collected,attended,143,60,98,1,N
P102957,3,2024-09-07,78,Heart failure,21.4,1.0,99,collected,attended,102,79,97,1,Y
P102957,4,2024-09-14,78,Heart failure,21.4,0.6,100,late,attended,109,75,95,1,Y
P102958,1,2025-05-17,52,Other,18.2,0.2,76,collected,attended,138,81,95,0,N
P102958,2,2025-05-24,52,Other,18.2,-0.4,87,collected,scheduled,156,82,100,0,N
P102958,3,2025-05-31,52,Other,18.2,-0.5,99,late,attended,159,72,95,0,N
P102958,4,2025-06-07,52,Other,18.2,0.1,100,collected,scheduled,112,75,98,0,N
P102959,1,2025-04-05,79,Heart failure,40.1,-0.4,88,collected,attended,133,63,95,0,N
P102959,2,2025-04-12,79,Heart failure,40.1,-0.6,100,collected,attended,119,94,99,0,N
P102959,3,2025-04-19,79,Heart failure,40.1,0.2,83,late,attended,136,68,97,0,N
P102959,4,2025-04-26,79,Heart failure,40.1,0.9,92,collected,scheduled,138,90,91,0,N
P102960,1,2024-07-13,71,Diabetes,23.1,-0.4,84,collected,attended,131,92,99,0,N
P102960,2,2024-07-20,71,Diabetes,23.1,-0.1,89,late,attended,135,59,97,0,N
P102960,3,2024-07-27,71,Diabetes,23.1,-0.5,100,collected,attended,156,80,96,0,N
P102960,4,2024-08-03,71,Diabetes,23.1,-0.4,100,collected,attended,109,91,92,0,N
P102961,1,2025-06-27,73,Other,15.4,-0.7,96,collected,attended,145,68,95,0,N
P102961,2,2025-07-04,73,Other,15.4,-0.5,88,collected,attended,137,79,97,0,N
P102961,3,2025-07-11,73,Other,15.4,-0.3,91,collected,attended,123,82,94,0,N
P102961,4,2025-07-18,73,Other,15.4,-0.3,96,collected,missed,119,76,96,0,N
P102962,1,2024-05-12,93,Kidney disease,25.0,-0.7,88,collected,attended,111,54,97,0,N
P102962,2,2024-05-19,93,Kidney disease,25.0,-0.2,79,collected,attended,109,86,96,0,N
P102962,3,2024-05-26,93,Kidney disease,25.0,-0.8,61,collected,scheduled,155,74,96,0,N
P102962,4,2024-06-02,93,Kidney disease,25.0,0.6,87,collected,attended,122,85,99,0,N
P102963,1,2025-08-12,76,COPD,25.0,-0.1,87,collected,attended,146,93,99,0,N
P102963,2,2025-08-19,76,COPD,25.0,-0.1,82,collected,attended,130,69,98,0,N
P102963,3,2025-08-26,76,COPD,25.0,0.2,77,collected,attended,122,73,100,0,N
P102963,4,2025-09-02,76,COPD,25.0,1.0,90,collected,attended,130,69,95,0,N
P102964,1,2024-01-17,71,COPD,14.2,-0.1,93,collected,attended,116,82,96,0,N
P102964,2,2024-01-24,71,COPD,14.2,-0.3,82,collected,scheduled,132,60,94,0,N
P102964,3,2024-01-31,71,COPD,14.2,-0.6,88,collected,attended,140,87,97,0,N
P102964,4,2024-02-07,71,COPD,14.2,0.1,84,collected,attended,129,71,96,0,N
P102965,1,2025-02-17,57,Heart failure,13.0,1.0,93,collected,scheduled,122,83,96,0,N
P102965,2,2025-02-24,57,Heart failure,13.0,1.3,86,collected,attended,134,82,95,0,N
P102965,3,2025-03-03,57,Heart failure,13.0,1.4,100,collected,attended,128,92,97,0,N
P102965,4,2025-03-10,57,Heart failure,13.0,1.4,99,collected,attended,125,68,98,0,N
P102966,1,2024-03-02,90,Stroke,25.0,0.7,94,late,attended,141,61,97,0,N
P102966,2,2024-03-09,90,Stroke,25.0,0.5,76,collected,scheduled,122,71,96,0,N
P102966,3,2024-03-16,90,Stroke,25.0,0.1,81,collected,missed,130,65,99,0,N
P102966,4,2024-03-23,90,Stroke,25.0,0.5,65,collected,missed,136,78,99,0,N
P102967,1,2025-05-06,81,Heart failure,23.1,1.1,78,collected,attended,141,81,93,0,N
P102967,2,2025-05-13,81,Heart failure,23.1,1.5,98,collected,scheduled,127,73,96,0,N
P102967,3,2025-05-20,81,Heart failure,23.1,1.8,99,collected,missed,122,86,96,0,N
P102967,4,2025-05-27,81,Heart failure,23.1,1.9,80,late,attended,123,92,95,0,N
P102968,1,2024-10-14,55,Hip fracture,16.8,-0.6,76,collected,attended,140,79,97,0,N
P102968,2,2024-10-21,55,Hip fracture,16.8,-0.7,95,collected,attended,147,71,97,0,N
P102968,3,2024-10-28,55,Hip fracture,16.8,-0.5,92,collected,attended,128,66,99,0,N
P102968,4,2024-11-04,55,Hip fracture,16.8,-0.1,100,collected,missed,143,46,95,0,N
P102969,1,2024-01-18,81,COPD,19.8,-0.8,84,missed,scheduled,129,71,94,0,N
P102969,2,2024-01-25,81,COPD,19.8,-0.4,88,late,scheduled,134,80,93,0,N
P102969,3,2024-02-01,81,COPD,19.8,-0.7,70,collected,scheduled,109,83,94,0,N
P102969,4,2024-02-08,81,COPD,19.8,-0.3,83,collected,attended,110,76,97,0,N
P102970,1,2024-08-14,80,Stroke,33.2,-0.4,93,collected,attended,112,92,96,0,N
P102970,2,2024-08-21,80,Stroke,33.2,0.5,100,collected,attended,104,76,95,0,N
P102970,3,2024-08-28,80,Stroke,33.2,1.3,100,collected,attended,138,80,99,0,N
P102970,4,2024-09-04,80,Stroke,33.2,1.0,94,collected,scheduled,123,82,96,0,N
P102971,1,2024-09-18,64,Pneumonia,13.0,0.4,97,missed,attended,134,64,94,0,N
P102971,2,2024-09-25,64,Pneumonia,13.0,1.6,96,collected,attended,137,89,95,0,N
P102971,3,2024-10-02,64,Pneumonia,13.0,1.8,92,collected,scheduled,128,67,96,0,N
P102971,4,2024-10-09,64,Pneumonia,13.0,2.3,95,collected,attended,163,68,95,0,N
P102972,1,2024-09-07,74,Other,16.8,0.6,100,collected,scheduled,136,93,94,0,N
P102972,2,2024-09-14,74,Other,16.8,1.0,81,collected,scheduled,112,100,94,0,N
P102972,3,2024-09-21,74,Other,16.8,1.1,100,collected,scheduled,156,56,99,0,N
P102972,4,2024-09-28,74,Other,16.8,1.4,90,collected,attended,120,86,97,0,N
P102973,1,2025-05-05,71,Other,18.2,0.1,94,collected,scheduled,121,80,96,0,N
P102973,2,2025-05-12,71,Other,18.2,-0.4,94,late,missed,132,89,93,0,N
P102973,3,2025-05-19,71,Other,18.2,-0.5,78,collected,attended,136,80,96,0,N
P102973,4,2025-05-26,71,Other,18.2,-0.8,92,late,scheduled,156,91,96,0,N
P102974,1,2024-10-13,63,Hip fracture,19.8,-0.0,82,collected,attended,119,78,96,0,N
P102974,2,2024-10-20,63,Hip fracture,19.8,0.1,94,collected,attended,144,61,96,0,N
P102974,3,2024-10-27,63,Hip fracture,19.8,0.2,92,collected,attended,125,71,97,0,N
P102974,4,2024-11-03,63,Hip fracture,19.8,0.5,97,collected,attended,108,58,95,0,N
P102975,1,2024-12-28,84,Other,28.9,-0.8,100,late,scheduled,133,74,95,0,N
P102975,2,2025-01-04,84,Other,28.9,-1.0,89,collected,attended,128,63,95,0,N
P102975,3,2025-01-11,84,Other,28.9,-1.3,99,late,scheduled,125,77,98,0,N
P102975,4,2025-01-18,84,Other,28.9,-1.3,98,collected,attended,122,81,99,0,N
P102976,1,2024-04-21,78,Diabetes,18.2,0.2,84,collected,attended,145,73,98,0,N
P102976,2,2024-04-28,78,Diabetes,18.2,0.2,97,collected,attended,118,93,96,0,N
P102976,3,2024-05-05,78,Diabetes,18.2,-0.3,78,collected,attended,116,75,99,0,N
P102976,4,2024-05-12,78,Diabetes,18.2,-1.2,93,late,attended,139,77,95,0,N
P102977,1,2024-04-04,79,Hip fracture,19.8,-1.3,71,missed,missed,127,85,95,1,N
P102977,2,2024-04-11,79,Hip fracture,19.8,-1.6,84,late,scheduled,132,69,92,1,N
P102977,3,2024-04-18,79,Hip fracture,19.8,-2.6,89,missed,missed,133,70,96,1,Y
P102977,4,2024-04-25,79,Hip fracture,19.8,-2.8,74,missed,attended,140,82,93,1,Y
P102978,1,2024-10-26,76,COPD,21.4,-0.4,73,collected,attended,115,85,97,0,N
P102978,2,2024-11-02,76,COPD,21.4,0.3,100,collected,attended,154,60,92,0,N
P102978,3,2024-11-09,76,COPD,21.4,0.9,81,missed,attended,135,93,97,0,N
P102978,4,2024-11-16,76,COPD,21.4,1.6,85,late,missed,117,94,94,0,N
P102979,1,2024-03-18,74,Diabetes,16.8,-0.8,88,collected,attended,146,78,96,0,N
P102979,2,2024-03-25,74,Diabetes,16.8,-0.7,83,collected,attended,158,81,93,0,N
P102979,3,2024-04-01,74,Diabetes,16.8,-1.4,84,collected,attended,161,88,100,0,N
P102979,4,2024-04-08,74,Diabetes,16.8,-0.6,83,late,attended,126,72,95,0,N
P102980,1,2025-03-15,81,Stroke,40.1,1.3,87,missed,missed,140,85,96,1,N
P102980,2,2025-03-22,81,Stroke,40.1,1.5,73,collected,scheduled,138,86,96,1,N
P102980,3,2025-03-29,81,Stroke,40.1,3.1,72,collected,missed,158,87,94,1,Y
P102980,4,2025-04-05,81,Stroke,40.1,3.1,80,collected,scheduled,141,77,96,1,Y
P102981,1,2024-03-13,84,Heart failure,19.8,-0.4,75,missed,scheduled,150,68,93,0,N
P102981,2,2024-03-20,84,Heart failure,19.8,-0.1,76,collected,missed,161,77,95,0,N
P102981,3,2024-03-27,84,Heart failure,19.8,0.4,85,collected,attended,128,77,96,0,N
P102981,4,2024-04-03,84,Heart failure,19.8,0.6,67,collected,missed,166,99,97,0,N
P102982,1,2025-01-01,62,Heart failure,13.0,0.5,97,collected,scheduled,152,95,96,0,N
P102982,2,2025-01-08,62,Heart failure,13.0,0.8,89,collected,scheduled,135,73,96,0,N
P102982,3,2025-01-15,62,Heart failure,13.0,1.3,66,late,attended,138,88,96,0,N
P102982,4,2025-01-22,62,Heart failure,13.0,1.5,86,collected,attended,147,80,95,0,N
P102983,1,2024-07-01,83,Diabetes,14.2,-0.9,100,collected,attended,125,80,97,0,N
P102983,2,2024-07-08,83,Diabetes,14.2,-1.3,99,late,attended,150,77,97,0,N
P102983,3,2024-07-15,83,Diabetes,14.2,-1.1,78,collected,missed,143,71,94,0,N
P102983,4,2024-07-22,83,Diabetes,14.2,-1.2,98,missed,attended,126,69,94,0,N
P102984,1,2024-07-15,72,Hip fracture,21.4,-0.1,69,late,scheduled,155,89,93,0,N
P102984,2,2024-07-22,72,Hip fracture,21.4,-0.2,66,collected,missed,144,78,95,0,N
P102984,3,2024-07-29,72,Hip fracture,21.4,-0.5,77,missed,attended,119,91,96,0,N
P102984,4,2024-08-05,72,Hip fracture,21.4,-0.8,72,collected,attended,146,86,94,0,N
P102985,1,2024-12-02,54,Other,16.8,-0.1,84,collected,attended,127,70,96,0,N
P102985,2,2024-12-09,54,Other,16.8,-0.2,83,missed,attended,124,80,97,0,N
P102985,3,2024-12-16,54,Other,16.8,0.1,95,collected,attended,166,95,94,0,N
P102985,4,2024-12-23,54,Other,16.8,-0.1,100,collected,scheduled,123,72,93,0,N
P102986,1,2024-12-13,59,Kidney disease,16.8,-0.9,98,collected,scheduled,132,80,97,0,N
P102986,2,2024-12-20,59,Kidney disease,16.8,-0.6,87,collected,attended,167,70,95,0,N
P102986,3,2024-12-27,59,Kidney disease,16.8,-0.9,100,missed,scheduled,140,80,92,0,N
P102986,4,2025-01-03,59,Kidney disease,16.8,-0.5,100,collected,scheduled,153,62,96,0,N
P102987,1,2024-08-28,95,COPD,18.2,0.5,92,collected,attended,140,68,91,0,N
P102987,2,2024-09-04,95,COPD,18.2,0.5,96,collected,attended,141,69,99,0,N
P102987,3,2024-09-11,95,COPD,18.2,-0.3,85,collected,attended,121,72,96,0,N
P102987,4,2024-09-18,95,COPD,18.2,0.1,94,late,scheduled,123,73,98,0,N
P102988,1,2024-12-16,67,Stroke,19.8,0.1,88,late,scheduled,88,68,99,0,N
P102988,2,2024-12-23,67,Stroke,19.8,-1.1,80,collected,attended,135,63,97,0,N
P102988,3,2024-12-30,67,Stroke,19.8,-1.5,99,collected,scheduled,135,81,97,0,N
P102988,4,2025-01-06,67,Stroke,19.8,-1.6,89,late,missed,116,91,97,0,N
P102989,1,2025-08-28,63,Kidney disease,11.9,-0.0,100,collected,attended,112,83,96,0,N
P102989,2,2025-09-04,63,Kidney disease,11.9,0.0,92,collected,missed,142,59,92,0,N
P102989,3,2025-09-11,63,Kidney disease,11.9,0.1,95,collected,attended,154,56,97,0,N
P102989,4,2025-09-18,63,Kidney disease,11.9,-0.7,71,collected,scheduled,138,88,98,0,N
P102990,1,2024-02-14,90,COPD,16.8,0.2,83,collected,attended,116,81,100,0,N
P102990,2,2024-02-21,90,COPD,16.8,0.1,86,collected,scheduled,151,81,96,0,N
P102990,3,2024-02-28,90,COPD,16.8,0.1,97,collected,attended,123,83,97,0,N
P102990,4,2024-03-06,90,COPD,16.8,-0.3,89,collected,attended,139,93,97,0,N
P102991,1,2024-08-05,84,Pneumonia,26.9,-1.2,92,collected,attended,137,68,97,0,N
P102991,2,2024-08-12,84,Pneumonia,26.9,-2.0,91,late,attended,141,78,96,0,N
P102991,3,2024-08-19,84,Pneumonia,26.9,-2.4,100,collected,missed,112,73,92,0,N
P102991,4,2024-08-26,84,Pneumonia,26.9,-3.1,71,missed,attended,159,74,97,0,N
P102992,1,2025-08-26,63,Other,18.2,-0.1,100,missed,attended,123,78,98,0,N
P102992,2,2025-09-02,63,Other,18.2,-0.5,97,collected,missed,124,82,99,0,N
P102992,3,2025-09-09,63,Other,18.2,-1.1,89,collected,scheduled,121,63,95,0,N
P102992,4,2025-09-16,63,Other,18.2,-1.4,97,collected,scheduled,113,59,97,0,N
P102993,1,2025-05-21,70,Sepsis,14.2,0.1,73,collected,missed,146,98,99,0,N
P102993,2,2025-05-28,70,Sepsis,14.2,-0.1,83,collected,attended,129,71,96,0,N
P102993,3,2025-06-04,70,Sepsis,14.2,0.2,100,late,scheduled,141,59,95,0,N
P102993,4,2025-06-11,70,Sepsis,14.2,-0.8,75,collected,scheduled,136,97,96,0,N
P102994,1,2025-01-23,65,Heart failure,15.4,-0.4,83,collected,scheduled,136,67,93,0,N
P102994,2,2025-01-30,65,Heart failure,15.4,-0.5,83,collected,attended,119,75,96,0,N
P102994,3,2025-02-06,65,Heart failure,15.4,-0.0,95,collected,scheduled,141,81,97,0,N
P102994,4,2025-02-13,65,Heart failure,15.4,-0.4,77,collected,scheduled,136,101,94,0,N
P102995,1,2025-01-26,69,Pneumonia,13.0,-0.3,96,collected,scheduled,104,96,100,0,N
P102995,2,2025-02-02,69,Pneumonia,13.0,0.1,100,collected,scheduled,160,76,96,0,N
P102995,3,2025-02-09,69,Pneumonia,13.0,0.9,86,collected,attended,130,59,96,0,N
P102995,4,2025-02-16,69,Pneumonia,13.0,0.1,87,collected,attended,122,76,95,0,N
P102996,1,2025-04-23,49,Diabetes,13.0,-0.2,76,late,scheduled,118,86,92,0,N
P102996,2,2025-04-30,49,Diabetes,13.0,-0.4,80,collected,attended,152,86,93,0,N
P102996,3,2025-05-07,49,Diabetes,13.0,-1.4,78,missed,scheduled,154,74,92,0,N
P102996,4,2025-05-14,49,Diabetes,13.0,-2.2,64,collected,scheduled,143,77,96,0,N
P102997,1,2025-07-18,56,Pneumonia,13.0,-0.5,76,collected,scheduled,147,71,94,0,N
P102997,2,2025-07-25,56,Pneumonia,13.0,-0.4,84,late,attended,136,92,96,0,N
P102997,3,2025-08-01,56,Pneumonia,13.0,-0.5,100,collected,missed,111,82,96,0,N
P102997,4,2025-08-08,56,Pneumonia,13.0,0.2,97,collected,scheduled,122,67,95,0,N
P102998,1,2024-10-02,83,COPD,31.0,-0.2,100,collected,attended,159,78,97,0,N
P102998,2,2024-10-09,83,COPD,31.0,-0.9,89,collected,attended,123,83,94,0,N
P102998,3,2024-10-16,83,COPD,31.0,-2.3,80,missed,attended,136,84,94,0,N
P102998,4,2024-10-23,83,COPD,31.0,-1.8,84,collected,scheduled,115,86,97,0,N
P102999,1,2024-10-30,69,Other,21.4,-0.0,89,collected,attended,140,80,97,0,N
P102999,2,2024-11-06,69,Other,21.4,-0.6,90,late,attended,125,83,98,0,N
P102999,3,2024-11-13,69,Other,21.4,-1.1,100,collected,scheduled,136,68,94,0,N
P102999,4,2024-11-20,69,Other,21.4,-1.7,99,late,attended,139,93,97,0,N
